REF_DATE,GEO,North American Industry Classification System (NAICS),Statistics,VALUE,STATUS
15-Apr,Canada,"Total, all industries",Job vacancies,482925,A
15-Apr,Canada,"Total, all industries",Payroll employees,14803985,A
15-Apr,Canada,"Total, all industries",Job vacancy rate,3.2,A
15-Apr,Canada,"Agriculture, forestry, fishing and hunting [11]",Job vacancies,18300,C
15-Apr,Canada,"Agriculture, forestry, fishing and hunting [11]",Payroll employees,170000,A
15-Apr,Canada,"Agriculture, forestry, fishing and hunting [11]",Job vacancy rate,9.7,C
15-Apr,Canada,"Mining, quarrying, and oil and gas extraction [21]",Job vacancies,2560,D
15-Apr,Canada,"Mining, quarrying, and oil and gas extraction [21]",Payroll employees,217605,A
15-Apr,Canada,"Mining, quarrying, and oil and gas extraction [21]",Job vacancy rate,1.2,D
15-Apr,Canada,Utilities [22],Job vacancies,840,E
15-Apr,Canada,Utilities [22],Payroll employees,113120,A
15-Apr,Canada,Utilities [22],Job vacancy rate,,F
15-Apr,Canada,Construction [23],Job vacancies,33310,B
15-Apr,Canada,Construction [23],Payroll employees,888005,A
15-Apr,Canada,Construction [23],Job vacancy rate,3.6,B
15-Apr,Canada,Manufacturing [31-33],Job vacancies,34900,A
15-Apr,Canada,Manufacturing [31-33],Payroll employees,1463495,A
15-Apr,Canada,Manufacturing [31-33],Job vacancy rate,2.3,A
15-Apr,Canada,Wholesale trade [41],Job vacancies,17040,B
15-Apr,Canada,Wholesale trade [41],Payroll employees,771705,A
15-Apr,Canada,Wholesale trade [41],Job vacancy rate,2.2,B
15-Apr,Canada,Retail trade [44-45],Job vacancies,63045,B
15-Apr,Canada,Retail trade [44-45],Payroll employees,1875720,A
15-Apr,Canada,Retail trade [44-45],Job vacancy rate,3.3,B
15-Apr,Canada,Transportation and warehousing [48-49],Job vacancies,17760,B
15-Apr,Canada,Transportation and warehousing [48-49],Payroll employees,710355,A
15-Apr,Canada,Transportation and warehousing [48-49],Job vacancy rate,2.4,B
15-Apr,Canada,Information and cultural industries [51],Job vacancies,14095,B
15-Apr,Canada,Information and cultural industries [51],Payroll employees,345515,A
15-Apr,Canada,Information and cultural industries [51],Job vacancy rate,3.9,B
15-Apr,Canada,Finance and insurance [52],Job vacancies,23180,D
15-Apr,Canada,Finance and insurance [52],Payroll employees,708240,C
15-Apr,Canada,Finance and insurance [52],Job vacancy rate,3.2,D
15-Apr,Canada,Real estate and rental and leasing [53],Job vacancies,7800,C
15-Apr,Canada,Real estate and rental and leasing [53],Payroll employees,276970,A
15-Apr,Canada,Real estate and rental and leasing [53],Job vacancy rate,2.7,C
15-Apr,Canada,"Professional, scientific and technical services [54]",Job vacancies,,F
15-Apr,Canada,"Professional, scientific and technical services [54]",Payroll employees,847475,A
15-Apr,Canada,"Professional, scientific and technical services [54]",Job vacancy rate,,F
15-Apr,Canada,Management of companies and enterprises [55],Job vacancies,1935,D
15-Apr,Canada,Management of companies and enterprises [55],Payroll employees,101165,B
15-Apr,Canada,Management of companies and enterprises [55],Job vacancy rate,1.9,D
15-Apr,Canada,"Administrative and support, waste management and remediation services [56]",Job vacancies,42165,B
15-Apr,Canada,"Administrative and support, waste management and remediation services [56]",Payroll employees,751950,A
15-Apr,Canada,"Administrative and support, waste management and remediation services [56]",Job vacancy rate,5.3,B
15-Apr,Canada,Educational services [61],Job vacancies,15650,E
15-Apr,Canada,Educational services [61],Payroll employees,1330315,A
15-Apr,Canada,Educational services [61],Job vacancy rate,1.2,E
15-Apr,Canada,Health care and social assistance [62],Job vacancies,36835,B
15-Apr,Canada,Health care and social assistance [62],Payroll employees,1810980,A
15-Apr,Canada,Health care and social assistance [62],Job vacancy rate,2,B
15-Apr,Canada,"Arts, entertainment and recreation [71]",Job vacancies,19000,D
15-Apr,Canada,"Arts, entertainment and recreation [71]",Payroll employees,233330,A
15-Apr,Canada,"Arts, entertainment and recreation [71]",Job vacancy rate,7.5,D
15-Apr,Canada,Accommodation and food services [72],Job vacancies,71320,B
15-Apr,Canada,Accommodation and food services [72],Payroll employees,1178825,A
15-Apr,Canada,Accommodation and food services [72],Job vacancy rate,5.7,B
15-Apr,Canada,Other services (except public administration) [81],Job vacancies,18640,B
15-Apr,Canada,Other services (except public administration) [81],Payroll employees,540945,A
15-Apr,Canada,Other services (except public administration) [81],Job vacancy rate,3.3,B
15-Apr,Canada,Public administration [91],Job vacancies,11425,D
15-Apr,Canada,Public administration [91],Payroll employees,468270,A
15-Apr,Canada,Public administration [91],Job vacancy rate,2.4,D
15-May,Canada,"Total, all industries",Job vacancies,444495,A
15-May,Canada,"Total, all industries",Payroll employees,14955300,A
15-May,Canada,"Total, all industries",Job vacancy rate,2.9,A
15-May,Canada,"Agriculture, forestry, fishing and hunting [11]",Job vacancies,10205,C
15-May,Canada,"Agriculture, forestry, fishing and hunting [11]",Payroll employees,186650,A
15-May,Canada,"Agriculture, forestry, fishing and hunting [11]",Job vacancy rate,5.2,C
15-May,Canada,"Mining, quarrying, and oil and gas extraction [21]",Job vacancies,2545,D
15-May,Canada,"Mining, quarrying, and oil and gas extraction [21]",Payroll employees,209280,A
15-May,Canada,"Mining, quarrying, and oil and gas extraction [21]",Job vacancy rate,1.2,D
15-May,Canada,Utilities [22],Job vacancies,1385,D
15-May,Canada,Utilities [22],Payroll employees,114185,A
15-May,Canada,Utilities [22],Job vacancy rate,1.2,D
15-May,Canada,Construction [23],Job vacancies,34400,B
15-May,Canada,Construction [23],Payroll employees,909555,A
15-May,Canada,Construction [23],Job vacancy rate,3.6,B
15-May,Canada,Manufacturing [31-33],Job vacancies,36265,B
15-May,Canada,Manufacturing [31-33],Payroll employees,1483220,A
15-May,Canada,Manufacturing [31-33],Job vacancy rate,2.4,B
15-May,Canada,Wholesale trade [41],Job vacancies,16725,C
15-May,Canada,Wholesale trade [41],Payroll employees,784840,A
15-May,Canada,Wholesale trade [41],Job vacancy rate,2.1,C
15-May,Canada,Retail trade [44-45],Job vacancies,58725,B
15-May,Canada,Retail trade [44-45],Payroll employees,1902150,A
15-May,Canada,Retail trade [44-45],Job vacancy rate,3,B
15-May,Canada,Transportation and warehousing [48-49],Job vacancies,20780,B
15-May,Canada,Transportation and warehousing [48-49],Payroll employees,709910,A
15-May,Canada,Transportation and warehousing [48-49],Job vacancy rate,2.8,B
15-May,Canada,Information and cultural industries [51],Job vacancies,10310,D
15-May,Canada,Information and cultural industries [51],Payroll employees,352940,A
15-May,Canada,Information and cultural industries [51],Job vacancy rate,2.8,C
15-May,Canada,Finance and insurance [52],Job vacancies,20850,E
15-May,Canada,Finance and insurance [52],Payroll employees,707970,D
15-May,Canada,Finance and insurance [52],Job vacancy rate,2.9,D
15-May,Canada,Real estate and rental and leasing [53],Job vacancies,6590,C
15-May,Canada,Real estate and rental and leasing [53],Payroll employees,284665,A
15-May,Canada,Real estate and rental and leasing [53],Job vacancy rate,2.3,C
15-May,Canada,"Professional, scientific and technical services [54]",Job vacancies,23425,B
15-May,Canada,"Professional, scientific and technical services [54]",Payroll employees,849265,A
15-May,Canada,"Professional, scientific and technical services [54]",Job vacancy rate,2.7,B
15-May,Canada,Management of companies and enterprises [55],Job vacancies,1740,D
15-May,Canada,Management of companies and enterprises [55],Payroll employees,101735,B
15-May,Canada,Management of companies and enterprises [55],Job vacancy rate,1.7,D
15-May,Canada,"Administrative and support, waste management and remediation services [56]",Job vacancies,36270,C
15-May,Canada,"Administrative and support, waste management and remediation services [56]",Payroll employees,761185,A
15-May,Canada,"Administrative and support, waste management and remediation services [56]",Job vacancy rate,4.5,C
15-May,Canada,Educational services [61],Job vacancies,9975,C
15-May,Canada,Educational services [61],Payroll employees,1334720,A
15-May,Canada,Educational services [61],Job vacancy rate,0.7,C
15-May,Canada,Health care and social assistance [62],Job vacancies,37555,B
15-May,Canada,Health care and social assistance [62],Payroll employees,1814710,A
15-May,Canada,Health care and social assistance [62],Job vacancy rate,2,B
15-May,Canada,"Arts, entertainment and recreation [71]",Job vacancies,15070,C
15-May,Canada,"Arts, entertainment and recreation [71]",Payroll employees,240690,A
15-May,Canada,"Arts, entertainment and recreation [71]",Job vacancy rate,5.9,C
15-May,Canada,Accommodation and food services [72],Job vacancies,71450,B
15-May,Canada,Accommodation and food services [72],Payroll employees,1192090,A
15-May,Canada,Accommodation and food services [72],Job vacancy rate,5.7,A
15-May,Canada,Other services (except public administration) [81],Job vacancies,20645,B
15-May,Canada,Other services (except public administration) [81],Payroll employees,544150,A
15-May,Canada,Other services (except public administration) [81],Job vacancy rate,3.7,B
15-May,Canada,Public administration [91],Job vacancies,9580,C
15-May,Canada,Public administration [91],Payroll employees,471405,A
15-May,Canada,Public administration [91],Job vacancy rate,2,C
15-Jun,Canada,"Total, all industries",Job vacancies,410685,A
15-Jun,Canada,"Total, all industries",Payroll employees,15265050,A
15-Jun,Canada,"Total, all industries",Job vacancy rate,2.6,A
15-Jun,Canada,"Agriculture, forestry, fishing and hunting [11]",Job vacancies,16020,D
15-Jun,Canada,"Agriculture, forestry, fishing and hunting [11]",Payroll employees,216945,A
15-Jun,Canada,"Agriculture, forestry, fishing and hunting [11]",Job vacancy rate,6.9,D
15-Jun,Canada,"Mining, quarrying, and oil and gas extraction [21]",Job vacancies,1815,D
15-Jun,Canada,"Mining, quarrying, and oil and gas extraction [21]",Payroll employees,211265,A
15-Jun,Canada,"Mining, quarrying, and oil and gas extraction [21]",Job vacancy rate,0.9,D
15-Jun,Canada,Utilities [22],Job vacancies,1130,D
15-Jun,Canada,Utilities [22],Payroll employees,117085,A
15-Jun,Canada,Utilities [22],Job vacancy rate,1,D
15-Jun,Canada,Construction [23],Job vacancies,26555,B
15-Jun,Canada,Construction [23],Payroll employees,999340,A
15-Jun,Canada,Construction [23],Job vacancy rate,2.6,B
15-Jun,Canada,Manufacturing [31-33],Job vacancies,31060,B
15-Jun,Canada,Manufacturing [31-33],Payroll employees,1522860,A
15-Jun,Canada,Manufacturing [31-33],Job vacancy rate,2,B
15-Jun,Canada,Wholesale trade [41],Job vacancies,19005,B
15-Jun,Canada,Wholesale trade [41],Payroll employees,793405,A
15-Jun,Canada,Wholesale trade [41],Job vacancy rate,2.3,B
15-Jun,Canada,Retail trade [44-45],Job vacancies,52795,B
15-Jun,Canada,Retail trade [44-45],Payroll employees,1929090,A
15-Jun,Canada,Retail trade [44-45],Job vacancy rate,2.7,B
15-Jun,Canada,Transportation and warehousing [48-49],Job vacancies,18270,D
15-Jun,Canada,Transportation and warehousing [48-49],Payroll employees,719100,A
15-Jun,Canada,Transportation and warehousing [48-49],Job vacancy rate,2.5,C
15-Jun,Canada,Information and cultural industries [51],Job vacancies,10805,D
15-Jun,Canada,Information and cultural industries [51],Payroll employees,351820,A
15-Jun,Canada,Information and cultural industries [51],Job vacancy rate,3,D
15-Jun,Canada,Finance and insurance [52],Job vacancies,19480,E
15-Jun,Canada,Finance and insurance [52],Payroll employees,709990,D
15-Jun,Canada,Finance and insurance [52],Job vacancy rate,2.7,E
15-Jun,Canada,Real estate and rental and leasing [53],Job vacancies,6855,D
15-Jun,Canada,Real estate and rental and leasing [53],Payroll employees,287260,A
15-Jun,Canada,Real estate and rental and leasing [53],Job vacancy rate,2.3,D
15-Jun,Canada,"Professional, scientific and technical services [54]",Job vacancies,20660,B
15-Jun,Canada,"Professional, scientific and technical services [54]",Payroll employees,857605,A
15-Jun,Canada,"Professional, scientific and technical services [54]",Job vacancy rate,2.4,B
15-Jun,Canada,Management of companies and enterprises [55],Job vacancies,1525,E
15-Jun,Canada,Management of companies and enterprises [55],Payroll employees,101450,B
15-Jun,Canada,Management of companies and enterprises [55],Job vacancy rate,1.5,E
15-Jun,Canada,"Administrative and support, waste management and remediation services [56]",Job vacancies,31695,C
15-Jun,Canada,"Administrative and support, waste management and remediation services [56]",Payroll employees,790110,A
15-Jun,Canada,"Administrative and support, waste management and remediation services [56]",Job vacancy rate,3.9,C
15-Jun,Canada,Educational services [61],Job vacancies,10750,C
15-Jun,Canada,Educational services [61],Payroll employees,1284215,A
15-Jun,Canada,Educational services [61],Job vacancy rate,0.8,C
15-Jun,Canada,Health care and social assistance [62],Job vacancies,39435,B
15-Jun,Canada,Health care and social assistance [62],Payroll employees,1819945,A
15-Jun,Canada,Health care and social assistance [62],Job vacancy rate,2.1,B
15-Jun,Canada,"Arts, entertainment and recreation [71]",Job vacancies,5920,C
15-Jun,Canada,"Arts, entertainment and recreation [71]",Payroll employees,268715,A
15-Jun,Canada,"Arts, entertainment and recreation [71]",Job vacancy rate,2.2,C
15-Jun,Canada,Accommodation and food services [72],Job vacancies,68295,B
15-Jun,Canada,Accommodation and food services [72],Payroll employees,1245075,A
15-Jun,Canada,Accommodation and food services [72],Job vacancy rate,5.2,B
15-Jun,Canada,Other services (except public administration) [81],Job vacancies,20950,D
15-Jun,Canada,Other services (except public administration) [81],Payroll employees,551110,A
15-Jun,Canada,Other services (except public administration) [81],Job vacancy rate,3.7,D
15-Jun,Canada,Public administration [91],Job vacancies,7655,C
15-Jun,Canada,Public administration [91],Payroll employees,488670,A
15-Jun,Canada,Public administration [91],Job vacancy rate,1.5,C
15-Jul,Canada,"Total, all industries",Job vacancies,374735,A
15-Jul,Canada,"Total, all industries",Payroll employees,15465860,A
15-Jul,Canada,"Total, all industries",Job vacancy rate,2.4,A
15-Jul,Canada,"Agriculture, forestry, fishing and hunting [11]",Job vacancies,11005,C
15-Jul,Canada,"Agriculture, forestry, fishing and hunting [11]",Payroll employees,233935,A
15-Jul,Canada,"Agriculture, forestry, fishing and hunting [11]",Job vacancy rate,4.5,C
15-Jul,Canada,"Mining, quarrying, and oil and gas extraction [21]",Job vacancies,3230,D
15-Jul,Canada,"Mining, quarrying, and oil and gas extraction [21]",Payroll employees,206925,A
15-Jul,Canada,"Mining, quarrying, and oil and gas extraction [21]",Job vacancy rate,1.5,D
15-Jul,Canada,Utilities [22],Job vacancies,,F
15-Jul,Canada,Utilities [22],Payroll employees,115220,A
15-Jul,Canada,Utilities [22],Job vacancy rate,,F
15-Jul,Canada,Construction [23],Job vacancies,25570,C
15-Jul,Canada,Construction [23],Payroll employees,1031875,A
15-Jul,Canada,Construction [23],Job vacancy rate,2.4,B
15-Jul,Canada,Manufacturing [31-33],Job vacancies,29330,B
15-Jul,Canada,Manufacturing [31-33],Payroll employees,1537220,A
15-Jul,Canada,Manufacturing [31-33],Job vacancy rate,1.9,B
15-Jul,Canada,Wholesale trade [41],Job vacancies,13765,B
15-Jul,Canada,Wholesale trade [41],Payroll employees,793420,A
15-Jul,Canada,Wholesale trade [41],Job vacancy rate,1.7,B
15-Jul,Canada,Retail trade [44-45],Job vacancies,60455,B
15-Jul,Canada,Retail trade [44-45],Payroll employees,1950115,A
15-Jul,Canada,Retail trade [44-45],Job vacancy rate,3,B
15-Jul,Canada,Transportation and warehousing [48-49],Job vacancies,17645,B
15-Jul,Canada,Transportation and warehousing [48-49],Payroll employees,734305,A
15-Jul,Canada,Transportation and warehousing [48-49],Job vacancy rate,2.3,B
15-Jul,Canada,Information and cultural industries [51],Job vacancies,10155,B
15-Jul,Canada,Information and cultural industries [51],Payroll employees,351325,A
15-Jul,Canada,Information and cultural industries [51],Job vacancy rate,2.8,B
15-Jul,Canada,Finance and insurance [52],Job vacancies,,F
15-Jul,Canada,Finance and insurance [52],Payroll employees,724545,E
15-Jul,Canada,Finance and insurance [52],Job vacancy rate,,F
15-Jul,Canada,Real estate and rental and leasing [53],Job vacancies,6300,C
15-Jul,Canada,Real estate and rental and leasing [53],Payroll employees,291920,A
15-Jul,Canada,Real estate and rental and leasing [53],Job vacancy rate,2.1,C
15-Jul,Canada,"Professional, scientific and technical services [54]",Job vacancies,22515,B
15-Jul,Canada,"Professional, scientific and technical services [54]",Payroll employees,863340,A
15-Jul,Canada,"Professional, scientific and technical services [54]",Job vacancy rate,2.5,B
15-Jul,Canada,Management of companies and enterprises [55],Job vacancies,1370,D
15-Jul,Canada,Management of companies and enterprises [55],Payroll employees,103790,B
15-Jul,Canada,Management of companies and enterprises [55],Job vacancy rate,1.3,D
15-Jul,Canada,"Administrative and support, waste management and remediation services [56]",Job vacancies,28665,B
15-Jul,Canada,"Administrative and support, waste management and remediation services [56]",Payroll employees,804135,A
15-Jul,Canada,"Administrative and support, waste management and remediation services [56]",Job vacancy rate,3.4,B
15-Jul,Canada,Educational services [61],Job vacancies,10720,C
15-Jul,Canada,Educational services [61],Payroll employees,1270680,A
15-Jul,Canada,Educational services [61],Job vacancy rate,0.8,C
15-Jul,Canada,Health care and social assistance [62],Job vacancies,30785,B
15-Jul,Canada,Health care and social assistance [62],Payroll employees,1839415,A
15-Jul,Canada,Health care and social assistance [62],Job vacancy rate,1.6,B
15-Jul,Canada,"Arts, entertainment and recreation [71]",Job vacancies,4430,B
15-Jul,Canada,"Arts, entertainment and recreation [71]",Payroll employees,289410,A
15-Jul,Canada,"Arts, entertainment and recreation [71]",Job vacancy rate,1.5,B
15-Jul,Canada,Accommodation and food services [72],Job vacancies,58280,B
15-Jul,Canada,Accommodation and food services [72],Payroll employees,1270780,A
15-Jul,Canada,Accommodation and food services [72],Job vacancy rate,4.4,B
15-Jul,Canada,Other services (except public administration) [81],Job vacancies,17395,B
15-Jul,Canada,Other services (except public administration) [81],Payroll employees,554960,A
15-Jul,Canada,Other services (except public administration) [81],Job vacancy rate,3,B
15-Jul,Canada,Public administration [91],Job vacancies,4825,B
15-Jul,Canada,Public administration [91],Payroll employees,498535,A
15-Jul,Canada,Public administration [91],Job vacancy rate,1,B
15-Aug,Canada,"Total, all industries",Job vacancies,377900,A
15-Aug,Canada,"Total, all industries",Payroll employees,15258035,A
15-Aug,Canada,"Total, all industries",Job vacancy rate,2.4,A
15-Aug,Canada,"Agriculture, forestry, fishing and hunting [11]",Job vacancies,9260,D
15-Aug,Canada,"Agriculture, forestry, fishing and hunting [11]",Payroll employees,247460,A
15-Aug,Canada,"Agriculture, forestry, fishing and hunting [11]",Job vacancy rate,3.6,D
15-Aug,Canada,"Mining, quarrying, and oil and gas extraction [21]",Job vacancies,2250,D
15-Aug,Canada,"Mining, quarrying, and oil and gas extraction [21]",Payroll employees,209275,A
15-Aug,Canada,"Mining, quarrying, and oil and gas extraction [21]",Job vacancy rate,1.1,D
15-Aug,Canada,Utilities [22],Job vacancies,1055,C
15-Aug,Canada,Utilities [22],Payroll employees,116025,A
15-Aug,Canada,Utilities [22],Job vacancy rate,0.9,C
15-Aug,Canada,Construction [23],Job vacancies,28105,B
15-Aug,Canada,Construction [23],Payroll employees,1028620,A
15-Aug,Canada,Construction [23],Job vacancy rate,2.7,B
15-Aug,Canada,Manufacturing [31-33],Job vacancies,30605,B
15-Aug,Canada,Manufacturing [31-33],Payroll employees,1542050,A
15-Aug,Canada,Manufacturing [31-33],Job vacancy rate,1.9,B
15-Aug,Canada,Wholesale trade [41],Job vacancies,17755,B
15-Aug,Canada,Wholesale trade [41],Payroll employees,798350,A
15-Aug,Canada,Wholesale trade [41],Job vacancy rate,2.2,B
15-Aug,Canada,Retail trade [44-45],Job vacancies,55885,B
15-Aug,Canada,Retail trade [44-45],Payroll employees,1956655,A
15-Aug,Canada,Retail trade [44-45],Job vacancy rate,2.8,B
15-Aug,Canada,Transportation and warehousing [48-49],Job vacancies,17470,B
15-Aug,Canada,Transportation and warehousing [48-49],Payroll employees,719895,A
15-Aug,Canada,Transportation and warehousing [48-49],Job vacancy rate,2.4,B
15-Aug,Canada,Information and cultural industries [51],Job vacancies,7920,C
15-Aug,Canada,Information and cultural industries [51],Payroll employees,354760,A
15-Aug,Canada,Information and cultural industries [51],Job vacancy rate,2.2,C
15-Aug,Canada,Finance and insurance [52],Job vacancies,16390,D
15-Aug,Canada,Finance and insurance [52],Payroll employees,718195,B
15-Aug,Canada,Finance and insurance [52],Job vacancy rate,2.2,D
15-Aug,Canada,Real estate and rental and leasing [53],Job vacancies,6540,C
15-Aug,Canada,Real estate and rental and leasing [53],Payroll employees,295735,A
15-Aug,Canada,Real estate and rental and leasing [53],Job vacancy rate,2.2,C
15-Aug,Canada,"Professional, scientific and technical services [54]",Job vacancies,19955,B
15-Aug,Canada,"Professional, scientific and technical services [54]",Payroll employees,861690,A
15-Aug,Canada,"Professional, scientific and technical services [54]",Job vacancy rate,2.3,B
15-Aug,Canada,Management of companies and enterprises [55],Job vacancies,1810,D
15-Aug,Canada,Management of companies and enterprises [55],Payroll employees,104200,B
15-Aug,Canada,Management of companies and enterprises [55],Job vacancy rate,1.7,D
15-Aug,Canada,"Administrative and support, waste management and remediation services [56]",Job vacancies,29345,C
15-Aug,Canada,"Administrative and support, waste management and remediation services [56]",Payroll employees,810830,A
15-Aug,Canada,"Administrative and support, waste management and remediation services [56]",Job vacancy rate,3.5,C
15-Aug,Canada,Educational services [61],Job vacancies,9520,C
15-Aug,Canada,Educational services [61],Payroll employees,979490,A
15-Aug,Canada,Educational services [61],Job vacancy rate,1,C
15-Aug,Canada,Health care and social assistance [62],Job vacancies,32980,A
15-Aug,Canada,Health care and social assistance [62],Payroll employees,1853215,A
15-Aug,Canada,Health care and social assistance [62],Job vacancy rate,1.7,A
15-Aug,Canada,"Arts, entertainment and recreation [71]",Job vacancies,6340,C
15-Aug,Canada,"Arts, entertainment and recreation [71]",Payroll employees,305915,A
15-Aug,Canada,"Arts, entertainment and recreation [71]",Job vacancy rate,2,C
15-Aug,Canada,Accommodation and food services [72],Job vacancies,63670,A
15-Aug,Canada,Accommodation and food services [72],Payroll employees,1283810,A
15-Aug,Canada,Accommodation and food services [72],Job vacancy rate,4.7,A
15-Aug,Canada,Other services (except public administration) [81],Job vacancies,15625,B
15-Aug,Canada,Other services (except public administration) [81],Payroll employees,559815,A
15-Aug,Canada,Other services (except public administration) [81],Job vacancy rate,2.7,B
15-Aug,Canada,Public administration [91],Job vacancies,5420,C
15-Aug,Canada,Public administration [91],Payroll employees,512055,A
15-Aug,Canada,Public administration [91],Job vacancy rate,1,C
15-Sep,Canada,"Total, all industries",Job vacancies,459785,A
15-Sep,Canada,"Total, all industries",Payroll employees,15037180,A
15-Sep,Canada,"Total, all industries",Job vacancy rate,3,A
15-Sep,Canada,"Agriculture, forestry, fishing and hunting [11]",Job vacancies,12600,D
15-Sep,Canada,"Agriculture, forestry, fishing and hunting [11]",Payroll employees,243670,A
15-Sep,Canada,"Agriculture, forestry, fishing and hunting [11]",Job vacancy rate,4.9,D
15-Sep,Canada,"Mining, quarrying, and oil and gas extraction [21]",Job vacancies,2175,D
15-Sep,Canada,"Mining, quarrying, and oil and gas extraction [21]",Payroll employees,208060,A
15-Sep,Canada,"Mining, quarrying, and oil and gas extraction [21]",Job vacancy rate,1,D
15-Sep,Canada,Utilities [22],Job vacancies,1075,E
15-Sep,Canada,Utilities [22],Payroll employees,116930,A
15-Sep,Canada,Utilities [22],Job vacancy rate,0.9,E
15-Sep,Canada,Construction [23],Job vacancies,27910,B
15-Sep,Canada,Construction [23],Payroll employees,1053120,A
15-Sep,Canada,Construction [23],Job vacancy rate,2.6,B
15-Sep,Canada,Manufacturing [31-33],Job vacancies,36030,B
15-Sep,Canada,Manufacturing [31-33],Payroll employees,1515585,A
15-Sep,Canada,Manufacturing [31-33],Job vacancy rate,2.3,B
15-Sep,Canada,Wholesale trade [41],Job vacancies,17385,B
15-Sep,Canada,Wholesale trade [41],Payroll employees,788660,A
15-Sep,Canada,Wholesale trade [41],Job vacancy rate,2.2,B
15-Sep,Canada,Retail trade [44-45],Job vacancies,103295,D
15-Sep,Canada,Retail trade [44-45],Payroll employees,1937850,A
15-Sep,Canada,Retail trade [44-45],Job vacancy rate,5.1,D
15-Sep,Canada,Transportation and warehousing [48-49],Job vacancies,17460,B
15-Sep,Canada,Transportation and warehousing [48-49],Payroll employees,708405,A
15-Sep,Canada,Transportation and warehousing [48-49],Job vacancy rate,2.4,B
15-Sep,Canada,Information and cultural industries [51],Job vacancies,6285,E
15-Sep,Canada,Information and cultural industries [51],Payroll employees,353310,B
15-Sep,Canada,Information and cultural industries [51],Job vacancy rate,1.7,E
15-Sep,Canada,Finance and insurance [52],Job vacancies,17570,D
15-Sep,Canada,Finance and insurance [52],Payroll employees,715300,B
15-Sep,Canada,Finance and insurance [52],Job vacancy rate,2.4,D
15-Sep,Canada,Real estate and rental and leasing [53],Job vacancies,4805,C
15-Sep,Canada,Real estate and rental and leasing [53],Payroll employees,291525,A
15-Sep,Canada,Real estate and rental and leasing [53],Job vacancy rate,1.6,C
15-Sep,Canada,"Professional, scientific and technical services [54]",Job vacancies,24250,B
15-Sep,Canada,"Professional, scientific and technical services [54]",Payroll employees,859810,A
15-Sep,Canada,"Professional, scientific and technical services [54]",Job vacancy rate,2.7,B
15-Sep,Canada,Management of companies and enterprises [55],Job vacancies,1265,E
15-Sep,Canada,Management of companies and enterprises [55],Payroll employees,101395,B
15-Sep,Canada,Management of companies and enterprises [55],Job vacancy rate,1.2,E
15-Sep,Canada,"Administrative and support, waste management and remediation services [56]",Job vacancies,28245,C
15-Sep,Canada,"Administrative and support, waste management and remediation services [56]",Payroll employees,807535,A
15-Sep,Canada,"Administrative and support, waste management and remediation services [56]",Job vacancy rate,3.4,C
15-Sep,Canada,Educational services [61],Job vacancies,8125,B
15-Sep,Canada,Educational services [61],Payroll employees,857260,A
15-Sep,Canada,Educational services [61],Job vacancy rate,0.9,B
15-Sep,Canada,Health care and social assistance [62],Job vacancies,38295,B
15-Sep,Canada,Health care and social assistance [62],Payroll employees,1844465,A
15-Sep,Canada,Health care and social assistance [62],Job vacancy rate,2,B
15-Sep,Canada,"Arts, entertainment and recreation [71]",Job vacancies,8740,B
15-Sep,Canada,"Arts, entertainment and recreation [71]",Payroll employees,300190,A
15-Sep,Canada,"Arts, entertainment and recreation [71]",Job vacancy rate,2.8,B
15-Sep,Canada,Accommodation and food services [72],Job vacancies,72625,A
15-Sep,Canada,Accommodation and food services [72],Payroll employees,1280865,A
15-Sep,Canada,Accommodation and food services [72],Job vacancy rate,5.4,A
15-Sep,Canada,Other services (except public administration) [81],Job vacancies,24050,D
15-Sep,Canada,Other services (except public administration) [81],Payroll employees,552975,A
15-Sep,Canada,Other services (except public administration) [81],Job vacancy rate,4.2,D
15-Sep,Canada,Public administration [91],Job vacancies,7600,B
15-Sep,Canada,Public administration [91],Payroll employees,500280,A
15-Sep,Canada,Public administration [91],Job vacancy rate,1.5,B
15-Oct,Canada,"Total, all industries",Job vacancies,382545,A
15-Oct,Canada,"Total, all industries",Payroll employees,15346980,A
15-Oct,Canada,"Total, all industries",Job vacancy rate,2.4,A
15-Oct,Canada,"Agriculture, forestry, fishing and hunting [11]",Job vacancies,8180,D
15-Oct,Canada,"Agriculture, forestry, fishing and hunting [11]",Payroll employees,238105,A
15-Oct,Canada,"Agriculture, forestry, fishing and hunting [11]",Job vacancy rate,3.3,C
15-Oct,Canada,"Mining, quarrying, and oil and gas extraction [21]",Job vacancies,1745,C
15-Oct,Canada,"Mining, quarrying, and oil and gas extraction [21]",Payroll employees,206185,A
15-Oct,Canada,"Mining, quarrying, and oil and gas extraction [21]",Job vacancy rate,0.8,C
15-Oct,Canada,Utilities [22],Job vacancies,765,D
15-Oct,Canada,Utilities [22],Payroll employees,116420,A
15-Oct,Canada,Utilities [22],Job vacancy rate,0.7,D
15-Oct,Canada,Construction [23],Job vacancies,25445,B
15-Oct,Canada,Construction [23],Payroll employees,1056650,A
15-Oct,Canada,Construction [23],Job vacancy rate,2.4,B
15-Oct,Canada,Manufacturing [31-33],Job vacancies,28800,B
15-Oct,Canada,Manufacturing [31-33],Payroll employees,1508595,A
15-Oct,Canada,Manufacturing [31-33],Job vacancy rate,1.9,B
15-Oct,Canada,Wholesale trade [41],Job vacancies,16745,B
15-Oct,Canada,Wholesale trade [41],Payroll employees,788785,A
15-Oct,Canada,Wholesale trade [41],Job vacancy rate,2.1,B
15-Oct,Canada,Retail trade [44-45],Job vacancies,72120,B
15-Oct,Canada,Retail trade [44-45],Payroll employees,1952050,A
15-Oct,Canada,Retail trade [44-45],Job vacancy rate,3.6,B
15-Oct,Canada,Transportation and warehousing [48-49],Job vacancies,17395,B
15-Oct,Canada,Transportation and warehousing [48-49],Payroll employees,728625,A
15-Oct,Canada,Transportation and warehousing [48-49],Job vacancy rate,2.3,B
15-Oct,Canada,Information and cultural industries [51],Job vacancies,11245,B
15-Oct,Canada,Information and cultural industries [51],Payroll employees,353060,A
15-Oct,Canada,Information and cultural industries [51],Job vacancy rate,3.1,B
15-Oct,Canada,Finance and insurance [52],Job vacancies,18515,C
15-Oct,Canada,Finance and insurance [52],Payroll employees,708565,A
15-Oct,Canada,Finance and insurance [52],Job vacancy rate,2.5,C
15-Oct,Canada,Real estate and rental and leasing [53],Job vacancies,4900,C
15-Oct,Canada,Real estate and rental and leasing [53],Payroll employees,290080,A
15-Oct,Canada,Real estate and rental and leasing [53],Job vacancy rate,1.7,C
15-Oct,Canada,"Professional, scientific and technical services [54]",Job vacancies,21305,B
15-Oct,Canada,"Professional, scientific and technical services [54]",Payroll employees,856580,A
15-Oct,Canada,"Professional, scientific and technical services [54]",Job vacancy rate,2.4,B
15-Oct,Canada,Management of companies and enterprises [55],Job vacancies,1300,D
15-Oct,Canada,Management of companies and enterprises [55],Payroll employees,103140,B
15-Oct,Canada,Management of companies and enterprises [55],Job vacancy rate,1.2,D
15-Oct,Canada,"Administrative and support, waste management and remediation services [56]",Job vacancies,29145,C
15-Oct,Canada,"Administrative and support, waste management and remediation services [56]",Payroll employees,812815,A
15-Oct,Canada,"Administrative and support, waste management and remediation services [56]",Job vacancy rate,3.5,C
15-Oct,Canada,Educational services [61],Job vacancies,7660,B
15-Oct,Canada,Educational services [61],Payroll employees,1167865,A
15-Oct,Canada,Educational services [61],Job vacancy rate,0.7,B
15-Oct,Canada,Health care and social assistance [62],Job vacancies,34900,B
15-Oct,Canada,Health care and social assistance [62],Payroll employees,1854415,A
15-Oct,Canada,Health care and social assistance [62],Job vacancy rate,1.8,B
15-Oct,Canada,"Arts, entertainment and recreation [71]",Job vacancies,5775,C
15-Oct,Canada,"Arts, entertainment and recreation [71]",Payroll employees,294605,A
15-Oct,Canada,"Arts, entertainment and recreation [71]",Job vacancy rate,1.9,C
15-Oct,Canada,Accommodation and food services [72],Job vacancies,54880,B
15-Oct,Canada,Accommodation and food services [72],Payroll employees,1278200,A
15-Oct,Canada,Accommodation and food services [72],Job vacancy rate,4.1,B
15-Oct,Canada,Other services (except public administration) [81],Job vacancies,15660,B
15-Oct,Canada,Other services (except public administration) [81],Payroll employees,548550,A
15-Oct,Canada,Other services (except public administration) [81],Job vacancy rate,2.8,B
15-Oct,Canada,Public administration [91],Job vacancies,6070,B
15-Oct,Canada,Public administration [91],Payroll employees,483695,A
15-Oct,Canada,Public administration [91],Job vacancy rate,1.2,B
15-Nov,Canada,"Total, all industries",Job vacancies,373980,A
15-Nov,Canada,"Total, all industries",Payroll employees,15424770,A
15-Nov,Canada,"Total, all industries",Job vacancy rate,2.4,A
15-Nov,Canada,"Agriculture, forestry, fishing and hunting [11]",Job vacancies,7770,C
15-Nov,Canada,"Agriculture, forestry, fishing and hunting [11]",Payroll employees,227235,A
15-Nov,Canada,"Agriculture, forestry, fishing and hunting [11]",Job vacancy rate,3.3,C
15-Nov,Canada,"Mining, quarrying, and oil and gas extraction [21]",Job vacancies,1980,E
15-Nov,Canada,"Mining, quarrying, and oil and gas extraction [21]",Payroll employees,203975,A
15-Nov,Canada,"Mining, quarrying, and oil and gas extraction [21]",Job vacancy rate,1,D
15-Nov,Canada,Utilities [22],Job vacancies,950,D
15-Nov,Canada,Utilities [22],Payroll employees,115775,A
15-Nov,Canada,Utilities [22],Job vacancy rate,0.8,D
15-Nov,Canada,Construction [23],Job vacancies,21480,C
15-Nov,Canada,Construction [23],Payroll employees,1043890,A
15-Nov,Canada,Construction [23],Job vacancy rate,2,C
15-Nov,Canada,Manufacturing [31-33],Job vacancies,27770,B
15-Nov,Canada,Manufacturing [31-33],Payroll employees,1501405,A
15-Nov,Canada,Manufacturing [31-33],Job vacancy rate,1.8,B
15-Nov,Canada,Wholesale trade [41],Job vacancies,12785,B
15-Nov,Canada,Wholesale trade [41],Payroll employees,791305,A
15-Nov,Canada,Wholesale trade [41],Job vacancy rate,1.6,B
15-Nov,Canada,Retail trade [44-45],Job vacancies,77600,B
15-Nov,Canada,Retail trade [44-45],Payroll employees,1959340,A
15-Nov,Canada,Retail trade [44-45],Job vacancy rate,3.8,B
15-Nov,Canada,Transportation and warehousing [48-49],Job vacancies,16330,C
15-Nov,Canada,Transportation and warehousing [48-49],Payroll employees,727080,A
15-Nov,Canada,Transportation and warehousing [48-49],Job vacancy rate,2.2,C
15-Nov,Canada,Information and cultural industries [51],Job vacancies,10360,C
15-Nov,Canada,Information and cultural industries [51],Payroll employees,354265,A
15-Nov,Canada,Information and cultural industries [51],Job vacancy rate,2.8,C
15-Nov,Canada,Finance and insurance [52],Job vacancies,14250,D
15-Nov,Canada,Finance and insurance [52],Payroll employees,708960,B
15-Nov,Canada,Finance and insurance [52],Job vacancy rate,2,D
15-Nov,Canada,Real estate and rental and leasing [53],Job vacancies,4695,C
15-Nov,Canada,Real estate and rental and leasing [53],Payroll employees,297085,A
15-Nov,Canada,Real estate and rental and leasing [53],Job vacancy rate,1.6,C
15-Nov,Canada,"Professional, scientific and technical services [54]",Job vacancies,21500,B
15-Nov,Canada,"Professional, scientific and technical services [54]",Payroll employees,852470,A
15-Nov,Canada,"Professional, scientific and technical services [54]",Job vacancy rate,2.5,B
15-Nov,Canada,Management of companies and enterprises [55],Job vacancies,2165,D
15-Nov,Canada,Management of companies and enterprises [55],Payroll employees,102935,B
15-Nov,Canada,Management of companies and enterprises [55],Job vacancy rate,2.1,D
15-Nov,Canada,"Administrative and support, waste management and remediation services [56]",Job vacancies,31350,B
15-Nov,Canada,"Administrative and support, waste management and remediation services [56]",Payroll employees,809260,A
15-Nov,Canada,"Administrative and support, waste management and remediation services [56]",Job vacancy rate,3.7,B
15-Nov,Canada,Educational services [61],Job vacancies,7130,B
15-Nov,Canada,Educational services [61],Payroll employees,1312230,A
15-Nov,Canada,Educational services [61],Job vacancy rate,0.5,B
15-Nov,Canada,Health care and social assistance [62],Job vacancies,33825,B
15-Nov,Canada,Health care and social assistance [62],Payroll employees,1847460,A
15-Nov,Canada,Health care and social assistance [62],Job vacancy rate,1.8,B
15-Nov,Canada,"Arts, entertainment and recreation [71]",Job vacancies,8230,C
15-Nov,Canada,"Arts, entertainment and recreation [71]",Payroll employees,280950,A
15-Nov,Canada,"Arts, entertainment and recreation [71]",Job vacancy rate,2.8,C
15-Nov,Canada,Accommodation and food services [72],Job vacancies,54695,B
15-Nov,Canada,Accommodation and food services [72],Payroll employees,1258775,A
15-Nov,Canada,Accommodation and food services [72],Job vacancy rate,4.2,B
15-Nov,Canada,Other services (except public administration) [81],Job vacancies,14750,B
15-Nov,Canada,Other services (except public administration) [81],Payroll employees,548430,A
15-Nov,Canada,Other services (except public administration) [81],Job vacancy rate,2.6,B
15-Nov,Canada,Public administration [91],Job vacancies,4365,C
15-Nov,Canada,Public administration [91],Payroll employees,481950,A
15-Nov,Canada,Public administration [91],Job vacancy rate,0.9,C
15-Dec,Canada,"Total, all industries",Job vacancies,303040,A
15-Dec,Canada,"Total, all industries",Payroll employees,15319640,A
15-Dec,Canada,"Total, all industries",Job vacancy rate,1.9,A
15-Dec,Canada,"Agriculture, forestry, fishing and hunting [11]",Job vacancies,7910,E
15-Dec,Canada,"Agriculture, forestry, fishing and hunting [11]",Payroll employees,200515,A
15-Dec,Canada,"Agriculture, forestry, fishing and hunting [11]",Job vacancy rate,3.8,D
15-Dec,Canada,"Mining, quarrying, and oil and gas extraction [21]",Job vacancies,1100,D
15-Dec,Canada,"Mining, quarrying, and oil and gas extraction [21]",Payroll employees,199425,A
15-Dec,Canada,"Mining, quarrying, and oil and gas extraction [21]",Job vacancy rate,0.5,D
15-Dec,Canada,Utilities [22],Job vacancies,675,D
15-Dec,Canada,Utilities [22],Payroll employees,115535,A
15-Dec,Canada,Utilities [22],Job vacancy rate,0.6,D
15-Dec,Canada,Construction [23],Job vacancies,18825,C
15-Dec,Canada,Construction [23],Payroll employees,1012305,A
15-Dec,Canada,Construction [23],Job vacancy rate,1.8,C
15-Dec,Canada,Manufacturing [31-33],Job vacancies,23550,B
15-Dec,Canada,Manufacturing [31-33],Payroll employees,1489040,A
15-Dec,Canada,Manufacturing [31-33],Job vacancy rate,1.6,B
15-Dec,Canada,Wholesale trade [41],Job vacancies,11955,B
15-Dec,Canada,Wholesale trade [41],Payroll employees,782295,A
15-Dec,Canada,Wholesale trade [41],Job vacancy rate,1.5,B
15-Dec,Canada,Retail trade [44-45],Job vacancies,47985,D
15-Dec,Canada,Retail trade [44-45],Payroll employees,1979770,A
15-Dec,Canada,Retail trade [44-45],Job vacancy rate,2.4,D
15-Dec,Canada,Transportation and warehousing [48-49],Job vacancies,13475,B
15-Dec,Canada,Transportation and warehousing [48-49],Payroll employees,726100,A
15-Dec,Canada,Transportation and warehousing [48-49],Job vacancy rate,1.8,B
15-Dec,Canada,Information and cultural industries [51],Job vacancies,6630,D
15-Dec,Canada,Information and cultural industries [51],Payroll employees,358815,A
15-Dec,Canada,Information and cultural industries [51],Job vacancy rate,1.8,D
15-Dec,Canada,Finance and insurance [52],Job vacancies,15020,C
15-Dec,Canada,Finance and insurance [52],Payroll employees,715500,A
15-Dec,Canada,Finance and insurance [52],Job vacancy rate,2.1,C
15-Dec,Canada,Real estate and rental and leasing [53],Job vacancies,2880,C
15-Dec,Canada,Real estate and rental and leasing [53],Payroll employees,295485,A
15-Dec,Canada,Real estate and rental and leasing [53],Job vacancy rate,1,C
15-Dec,Canada,"Professional, scientific and technical services [54]",Job vacancies,22395,C
15-Dec,Canada,"Professional, scientific and technical services [54]",Payroll employees,851625,A
15-Dec,Canada,"Professional, scientific and technical services [54]",Job vacancy rate,2.6,C
15-Dec,Canada,Management of companies and enterprises [55],Job vacancies,645,D
15-Dec,Canada,Management of companies and enterprises [55],Payroll employees,100260,B
15-Dec,Canada,Management of companies and enterprises [55],Job vacancy rate,0.6,D
15-Dec,Canada,"Administrative and support, waste management and remediation services [56]",Job vacancies,27385,C
15-Dec,Canada,"Administrative and support, waste management and remediation services [56]",Payroll employees,791500,A
15-Dec,Canada,"Administrative and support, waste management and remediation services [56]",Job vacancy rate,3.3,C
15-Dec,Canada,Educational services [61],Job vacancies,6640,B
15-Dec,Canada,Educational services [61],Payroll employees,1326425,A
15-Dec,Canada,Educational services [61],Job vacancy rate,0.5,B
15-Dec,Canada,Health care and social assistance [62],Job vacancies,32415,B
15-Dec,Canada,Health care and social assistance [62],Payroll employees,1856550,A
15-Dec,Canada,Health care and social assistance [62],Job vacancy rate,1.7,B
15-Dec,Canada,"Arts, entertainment and recreation [71]",Job vacancies,6690,C
15-Dec,Canada,"Arts, entertainment and recreation [71]",Payroll employees,256710,A
15-Dec,Canada,"Arts, entertainment and recreation [71]",Job vacancy rate,2.5,C
15-Dec,Canada,Accommodation and food services [72],Job vacancies,38815,B
15-Dec,Canada,Accommodation and food services [72],Payroll employees,1234970,A
15-Dec,Canada,Accommodation and food services [72],Job vacancy rate,3,B
15-Dec,Canada,Other services (except public administration) [81],Job vacancies,12880,C
15-Dec,Canada,Other services (except public administration) [81],Payroll employees,549515,A
15-Dec,Canada,Other services (except public administration) [81],Job vacancy rate,2.3,C
15-Dec,Canada,Public administration [91],Job vacancies,5160,B
15-Dec,Canada,Public administration [91],Payroll employees,477305,A
15-Dec,Canada,Public administration [91],Job vacancy rate,1.1,B
16-Jan,Canada,"Total, all industries",Job vacancies,307740,A
16-Jan,Canada,"Total, all industries",Payroll employees,15397450,A
16-Jan,Canada,"Total, all industries",Job vacancy rate,2,A
16-Jan,Canada,"Agriculture, forestry, fishing and hunting [11]",Job vacancies,6125,C
16-Jan,Canada,"Agriculture, forestry, fishing and hunting [11]",Payroll employees,196180,A
16-Jan,Canada,"Agriculture, forestry, fishing and hunting [11]",Job vacancy rate,3,C
16-Jan,Canada,"Mining, quarrying, and oil and gas extraction [21]",Job vacancies,1845,C
16-Jan,Canada,"Mining, quarrying, and oil and gas extraction [21]",Payroll employees,200155,A
16-Jan,Canada,"Mining, quarrying, and oil and gas extraction [21]",Job vacancy rate,0.9,C
16-Jan,Canada,Utilities [22],Job vacancies,765,E
16-Jan,Canada,Utilities [22],Payroll employees,115030,A
16-Jan,Canada,Utilities [22],Job vacancy rate,0.7,E
16-Jan,Canada,Construction [23],Job vacancies,22200,E
16-Jan,Canada,Construction [23],Payroll employees,961695,A
16-Jan,Canada,Construction [23],Job vacancy rate,2.3,E
16-Jan,Canada,Manufacturing [31-33],Job vacancies,23340,B
16-Jan,Canada,Manufacturing [31-33],Payroll employees,1496215,A
16-Jan,Canada,Manufacturing [31-33],Job vacancy rate,1.5,B
16-Jan,Canada,Wholesale trade [41],Job vacancies,13920,B
16-Jan,Canada,Wholesale trade [41],Payroll employees,787920,A
16-Jan,Canada,Wholesale trade [41],Job vacancy rate,1.7,B
16-Jan,Canada,Retail trade [44-45],Job vacancies,35085,B
16-Jan,Canada,Retail trade [44-45],Payroll employees,2022560,A
16-Jan,Canada,Retail trade [44-45],Job vacancy rate,1.7,B
16-Jan,Canada,Transportation and warehousing [48-49],Job vacancies,13290,B
16-Jan,Canada,Transportation and warehousing [48-49],Payroll employees,737845,A
16-Jan,Canada,Transportation and warehousing [48-49],Job vacancy rate,1.8,B
16-Jan,Canada,Information and cultural industries [51],Job vacancies,9695,D
16-Jan,Canada,Information and cultural industries [51],Payroll employees,355270,A
16-Jan,Canada,Information and cultural industries [51],Job vacancy rate,2.7,D
16-Jan,Canada,Finance and insurance [52],Job vacancies,22530,C
16-Jan,Canada,Finance and insurance [52],Payroll employees,723785,A
16-Jan,Canada,Finance and insurance [52],Job vacancy rate,3,C
16-Jan,Canada,Real estate and rental and leasing [53],Job vacancies,3345,D
16-Jan,Canada,Real estate and rental and leasing [53],Payroll employees,302140,A
16-Jan,Canada,Real estate and rental and leasing [53],Job vacancy rate,1.1,D
16-Jan,Canada,"Professional, scientific and technical services [54]",Job vacancies,23215,B
16-Jan,Canada,"Professional, scientific and technical services [54]",Payroll employees,868430,A
16-Jan,Canada,"Professional, scientific and technical services [54]",Job vacancy rate,2.6,B
16-Jan,Canada,Management of companies and enterprises [55],Job vacancies,1210,D
16-Jan,Canada,Management of companies and enterprises [55],Payroll employees,101515,B
16-Jan,Canada,Management of companies and enterprises [55],Job vacancy rate,1.2,D
16-Jan,Canada,"Administrative and support, waste management and remediation services [56]",Job vacancies,23300,C
16-Jan,Canada,"Administrative and support, waste management and remediation services [56]",Payroll employees,784695,A
16-Jan,Canada,"Administrative and support, waste management and remediation services [56]",Job vacancy rate,2.9,C
16-Jan,Canada,Educational services [61],Job vacancies,7985,C
16-Jan,Canada,Educational services [61],Payroll employees,1345755,A
16-Jan,Canada,Educational services [61],Job vacancy rate,0.6,C
16-Jan,Canada,Health care and social assistance [62],Job vacancies,33180,B
16-Jan,Canada,Health care and social assistance [62],Payroll employees,1870935,A
16-Jan,Canada,Health care and social assistance [62],Job vacancy rate,1.7,B
16-Jan,Canada,"Arts, entertainment and recreation [71]",Job vacancies,7050,B
16-Jan,Canada,"Arts, entertainment and recreation [71]",Payroll employees,253740,A
16-Jan,Canada,"Arts, entertainment and recreation [71]",Job vacancy rate,2.7,B
16-Jan,Canada,Accommodation and food services [72],Job vacancies,40160,B
16-Jan,Canada,Accommodation and food services [72],Payroll employees,1242865,A
16-Jan,Canada,Accommodation and food services [72],Job vacancy rate,3.1,B
16-Jan,Canada,Other services (except public administration) [81],Job vacancies,14480,B
16-Jan,Canada,Other services (except public administration) [81],Payroll employees,548355,A
16-Jan,Canada,Other services (except public administration) [81],Job vacancy rate,2.6,B
16-Jan,Canada,Public administration [91],Job vacancies,5010,B
16-Jan,Canada,Public administration [91],Payroll employees,482360,A
16-Jan,Canada,Public administration [91],Job vacancy rate,1,B
16-Feb,Canada,"Total, all industries",Job vacancies,294535,A
16-Feb,Canada,"Total, all industries",Payroll employees,14880520,A
16-Feb,Canada,"Total, all industries",Job vacancy rate,1.9,A
16-Feb,Canada,"Agriculture, forestry, fishing and hunting [11]",Job vacancies,7325,D
16-Feb,Canada,"Agriculture, forestry, fishing and hunting [11]",Payroll employees,170150,A
16-Feb,Canada,"Agriculture, forestry, fishing and hunting [11]",Job vacancy rate,4.1,D
16-Feb,Canada,"Mining, quarrying, and oil and gas extraction [21]",Job vacancies,1100,D
16-Feb,Canada,"Mining, quarrying, and oil and gas extraction [21]",Payroll employees,191855,A
16-Feb,Canada,"Mining, quarrying, and oil and gas extraction [21]",Job vacancy rate,0.6,D
16-Feb,Canada,Utilities [22],Job vacancies,895,D
16-Feb,Canada,Utilities [22],Payroll employees,114125,A
16-Feb,Canada,Utilities [22],Job vacancy rate,0.8,D
16-Feb,Canada,Construction [23],Job vacancies,16745,C
16-Feb,Canada,Construction [23],Payroll employees,867400,A
16-Feb,Canada,Construction [23],Job vacancy rate,1.9,C
16-Feb,Canada,Manufacturing [31-33],Job vacancies,26885,B
16-Feb,Canada,Manufacturing [31-33],Payroll employees,1451340,A
16-Feb,Canada,Manufacturing [31-33],Job vacancy rate,1.8,B
16-Feb,Canada,Wholesale trade [41],Job vacancies,12765,B
16-Feb,Canada,Wholesale trade [41],Payroll employees,770485,A
16-Feb,Canada,Wholesale trade [41],Job vacancy rate,1.6,B
16-Feb,Canada,Retail trade [44-45],Job vacancies,31500,B
16-Feb,Canada,Retail trade [44-45],Payroll employees,1931315,A
16-Feb,Canada,Retail trade [44-45],Job vacancy rate,1.6,B
16-Feb,Canada,Transportation and warehousing [48-49],Job vacancies,14975,B
16-Feb,Canada,Transportation and warehousing [48-49],Payroll employees,721945,A
16-Feb,Canada,Transportation and warehousing [48-49],Job vacancy rate,2,B
16-Feb,Canada,Information and cultural industries [51],Job vacancies,7225,C
16-Feb,Canada,Information and cultural industries [51],Payroll employees,348995,A
16-Feb,Canada,Information and cultural industries [51],Job vacancy rate,2,C
16-Feb,Canada,Finance and insurance [52],Job vacancies,14720,B
16-Feb,Canada,Finance and insurance [52],Payroll employees,726635,A
16-Feb,Canada,Finance and insurance [52],Job vacancy rate,2,B
16-Feb,Canada,Real estate and rental and leasing [53],Job vacancies,4115,D
16-Feb,Canada,Real estate and rental and leasing [53],Payroll employees,293905,A
16-Feb,Canada,Real estate and rental and leasing [53],Job vacancy rate,1.4,D
16-Feb,Canada,"Professional, scientific and technical services [54]",Job vacancies,20900,B
16-Feb,Canada,"Professional, scientific and technical services [54]",Payroll employees,848930,A
16-Feb,Canada,"Professional, scientific and technical services [54]",Job vacancy rate,2.4,B
16-Feb,Canada,Management of companies and enterprises [55],Job vacancies,1445,D
16-Feb,Canada,Management of companies and enterprises [55],Payroll employees,97250,B
16-Feb,Canada,Management of companies and enterprises [55],Job vacancy rate,1.5,D
16-Feb,Canada,"Administrative and support, waste management and remediation services [56]",Job vacancies,21690,B
16-Feb,Canada,"Administrative and support, waste management and remediation services [56]",Payroll employees,745940,A
16-Feb,Canada,"Administrative and support, waste management and remediation services [56]",Job vacancy rate,2.8,B
16-Feb,Canada,Educational services [61],Job vacancies,6800,B
16-Feb,Canada,Educational services [61],Payroll employees,1289220,A
16-Feb,Canada,Educational services [61],Job vacancy rate,0.5,B
16-Feb,Canada,Health care and social assistance [62],Job vacancies,40745,B
16-Feb,Canada,Health care and social assistance [62],Payroll employees,1860400,A
16-Feb,Canada,Health care and social assistance [62],Job vacancy rate,2.1,B
16-Feb,Canada,"Arts, entertainment and recreation [71]",Job vacancies,5660,C
16-Feb,Canada,"Arts, entertainment and recreation [71]",Payroll employees,249080,A
16-Feb,Canada,"Arts, entertainment and recreation [71]",Job vacancy rate,2.2,C
16-Feb,Canada,Accommodation and food services [72],Job vacancies,41160,B
16-Feb,Canada,Accommodation and food services [72],Payroll employees,1204335,A
16-Feb,Canada,Accommodation and food services [72],Job vacancy rate,3.3,B
16-Feb,Canada,Other services (except public administration) [81],Job vacancies,11065,B
16-Feb,Canada,Other services (except public administration) [81],Payroll employees,526100,A
16-Feb,Canada,Other services (except public administration) [81],Job vacancy rate,2.1,B
16-Feb,Canada,Public administration [91],Job vacancies,6825,C
16-Feb,Canada,Public administration [91],Payroll employees,471110,A
16-Feb,Canada,Public administration [91],Job vacancy rate,1.4,C
16-Mar,Canada,"Total, all industries",Job vacancies,363255,A
16-Mar,Canada,"Total, all industries",Payroll employees,14875365,A
16-Mar,Canada,"Total, all industries",Job vacancy rate,2.4,A
16-Mar,Canada,"Agriculture, forestry, fishing and hunting [11]",Job vacancies,8070,D
16-Mar,Canada,"Agriculture, forestry, fishing and hunting [11]",Payroll employees,168305,A
16-Mar,Canada,"Agriculture, forestry, fishing and hunting [11]",Job vacancy rate,4.6,D
16-Mar,Canada,"Mining, quarrying, and oil and gas extraction [21]",Job vacancies,1295,D
16-Mar,Canada,"Mining, quarrying, and oil and gas extraction [21]",Payroll employees,189850,A
16-Mar,Canada,"Mining, quarrying, and oil and gas extraction [21]",Job vacancy rate,0.7,D
16-Mar,Canada,Utilities [22],Job vacancies,1535,C
16-Mar,Canada,Utilities [22],Payroll employees,117160,A
16-Mar,Canada,Utilities [22],Job vacancy rate,1.3,C
16-Mar,Canada,Construction [23],Job vacancies,23410,C
16-Mar,Canada,Construction [23],Payroll employees,870660,A
16-Mar,Canada,Construction [23],Job vacancy rate,2.6,C
16-Mar,Canada,Manufacturing [31-33],Job vacancies,28050,B
16-Mar,Canada,Manufacturing [31-33],Payroll employees,1442605,A
16-Mar,Canada,Manufacturing [31-33],Job vacancy rate,1.9,B
16-Mar,Canada,Wholesale trade [41],Job vacancies,13890,B
16-Mar,Canada,Wholesale trade [41],Payroll employees,770095,A
16-Mar,Canada,Wholesale trade [41],Job vacancy rate,1.8,B
16-Mar,Canada,Retail trade [44-45],Job vacancies,60330,D
16-Mar,Canada,Retail trade [44-45],Payroll employees,1891085,A
16-Mar,Canada,Retail trade [44-45],Job vacancy rate,3.1,D
16-Mar,Canada,Transportation and warehousing [48-49],Job vacancies,17170,C
16-Mar,Canada,Transportation and warehousing [48-49],Payroll employees,715055,A
16-Mar,Canada,Transportation and warehousing [48-49],Job vacancy rate,2.3,C
16-Mar,Canada,Information and cultural industries [51],Job vacancies,9530,C
16-Mar,Canada,Information and cultural industries [51],Payroll employees,349070,B
16-Mar,Canada,Information and cultural industries [51],Job vacancy rate,2.7,C
16-Mar,Canada,Finance and insurance [52],Job vacancies,14350,C
16-Mar,Canada,Finance and insurance [52],Payroll employees,715990,A
16-Mar,Canada,Finance and insurance [52],Job vacancy rate,2,C
16-Mar,Canada,Real estate and rental and leasing [53],Job vacancies,3765,C
16-Mar,Canada,Real estate and rental and leasing [53],Payroll employees,291240,A
16-Mar,Canada,Real estate and rental and leasing [53],Job vacancy rate,1.3,C
16-Mar,Canada,"Professional, scientific and technical services [54]",Job vacancies,24340,B
16-Mar,Canada,"Professional, scientific and technical services [54]",Payroll employees,849995,A
16-Mar,Canada,"Professional, scientific and technical services [54]",Job vacancy rate,2.8,B
16-Mar,Canada,Management of companies and enterprises [55],Job vacancies,1585,D
16-Mar,Canada,Management of companies and enterprises [55],Payroll employees,96405,B
16-Mar,Canada,Management of companies and enterprises [55],Job vacancy rate,1.6,D
16-Mar,Canada,"Administrative and support, waste management and remediation services [56]",Job vacancies,33370,C
16-Mar,Canada,"Administrative and support, waste management and remediation services [56]",Payroll employees,755740,A
16-Mar,Canada,"Administrative and support, waste management and remediation services [56]",Job vacancy rate,4.2,C
16-Mar,Canada,Educational services [61],Job vacancies,7595,B
16-Mar,Canada,Educational services [61],Payroll employees,1334210,A
16-Mar,Canada,Educational services [61],Job vacancy rate,0.6,B
16-Mar,Canada,Health care and social assistance [62],Job vacancies,36195,B
16-Mar,Canada,Health care and social assistance [62],Payroll employees,1861165,A
16-Mar,Canada,Health care and social assistance [62],Job vacancy rate,1.9,B
16-Mar,Canada,"Arts, entertainment and recreation [71]",Job vacancies,8665,C
16-Mar,Canada,"Arts, entertainment and recreation [71]",Payroll employees,255480,A
16-Mar,Canada,"Arts, entertainment and recreation [71]",Job vacancy rate,3.3,C
16-Mar,Canada,Accommodation and food services [72],Job vacancies,45465,B
16-Mar,Canada,Accommodation and food services [72],Payroll employees,1198545,A
16-Mar,Canada,Accommodation and food services [72],Job vacancy rate,3.7,B
16-Mar,Canada,Other services (except public administration) [81],Job vacancies,13530,B
16-Mar,Canada,Other services (except public administration) [81],Payroll employees,526865,A
16-Mar,Canada,Other services (except public administration) [81],Job vacancy rate,2.5,B
16-Mar,Canada,Public administration [91],Job vacancies,11110,B
16-Mar,Canada,Public administration [91],Payroll employees,475855,A
16-Mar,Canada,Public administration [91],Job vacancy rate,2.3,B
16-Apr,Canada,"Total, all industries",Job vacancies,383555,A
16-Apr,Canada,"Total, all industries",Payroll employees,14929300,A
16-Apr,Canada,"Total, all industries",Job vacancy rate,2.5,A
16-Apr,Canada,"Agriculture, forestry, fishing and hunting [11]",Job vacancies,13745,C
16-Apr,Canada,"Agriculture, forestry, fishing and hunting [11]",Payroll employees,173830,A
16-Apr,Canada,"Agriculture, forestry, fishing and hunting [11]",Job vacancy rate,7.3,C
16-Apr,Canada,"Mining, quarrying, and oil and gas extraction [21]",Job vacancies,1455,C
16-Apr,Canada,"Mining, quarrying, and oil and gas extraction [21]",Payroll employees,188340,A
16-Apr,Canada,"Mining, quarrying, and oil and gas extraction [21]",Job vacancy rate,0.8,C
16-Apr,Canada,Utilities [22],Job vacancies,1710,E
16-Apr,Canada,Utilities [22],Payroll employees,115915,A
16-Apr,Canada,Utilities [22],Job vacancy rate,1.5,E
16-Apr,Canada,Construction [23],Job vacancies,24550,B
16-Apr,Canada,Construction [23],Payroll employees,877700,A
16-Apr,Canada,Construction [23],Job vacancy rate,2.7,B
16-Apr,Canada,Manufacturing [31-33],Job vacancies,30815,B
16-Apr,Canada,Manufacturing [31-33],Payroll employees,1450270,A
16-Apr,Canada,Manufacturing [31-33],Job vacancy rate,2.1,B
16-Apr,Canada,Wholesale trade [41],Job vacancies,15930,B
16-Apr,Canada,Wholesale trade [41],Payroll employees,766350,A
16-Apr,Canada,Wholesale trade [41],Job vacancy rate,2,B
16-Apr,Canada,Retail trade [44-45],Job vacancies,39985,B
16-Apr,Canada,Retail trade [44-45],Payroll employees,1899070,A
16-Apr,Canada,Retail trade [44-45],Job vacancy rate,2.1,B
16-Apr,Canada,Transportation and warehousing [48-49],Job vacancies,13805,B
16-Apr,Canada,Transportation and warehousing [48-49],Payroll employees,712500,A
16-Apr,Canada,Transportation and warehousing [48-49],Job vacancy rate,1.9,B
16-Apr,Canada,Information and cultural industries [51],Job vacancies,7950,B
16-Apr,Canada,Information and cultural industries [51],Payroll employees,349475,A
16-Apr,Canada,Information and cultural industries [51],Job vacancy rate,2.2,B
16-Apr,Canada,Finance and insurance [52],Job vacancies,19540,B
16-Apr,Canada,Finance and insurance [52],Payroll employees,715030,A
16-Apr,Canada,Finance and insurance [52],Job vacancy rate,2.7,B
16-Apr,Canada,Real estate and rental and leasing [53],Job vacancies,6005,C
16-Apr,Canada,Real estate and rental and leasing [53],Payroll employees,283710,A
16-Apr,Canada,Real estate and rental and leasing [53],Job vacancy rate,2.1,C
16-Apr,Canada,"Professional, scientific and technical services [54]",Job vacancies,25225,B
16-Apr,Canada,"Professional, scientific and technical services [54]",Payroll employees,850360,A
16-Apr,Canada,"Professional, scientific and technical services [54]",Job vacancy rate,2.9,B
16-Apr,Canada,Management of companies and enterprises [55],Job vacancies,1170,E
16-Apr,Canada,Management of companies and enterprises [55],Payroll employees,95840,B
16-Apr,Canada,Management of companies and enterprises [55],Job vacancy rate,1.2,E
16-Apr,Canada,"Administrative and support, waste management and remediation services [56]",Job vacancies,34580,B
16-Apr,Canada,"Administrative and support, waste management and remediation services [56]",Payroll employees,757135,A
16-Apr,Canada,"Administrative and support, waste management and remediation services [56]",Job vacancy rate,4.4,B
16-Apr,Canada,Educational services [61],Job vacancies,9230,C
16-Apr,Canada,Educational services [61],Payroll employees,1346400,A
16-Apr,Canada,Educational services [61],Job vacancy rate,0.7,C
16-Apr,Canada,Health care and social assistance [62],Job vacancies,36635,A
16-Apr,Canada,Health care and social assistance [62],Payroll employees,1878185,A
16-Apr,Canada,Health care and social assistance [62],Job vacancy rate,1.9,A
16-Apr,Canada,"Arts, entertainment and recreation [71]",Job vacancies,15030,D
16-Apr,Canada,"Arts, entertainment and recreation [71]",Payroll employees,255565,A
16-Apr,Canada,"Arts, entertainment and recreation [71]",Job vacancy rate,5.6,C
16-Apr,Canada,Accommodation and food services [72],Job vacancies,60510,B
16-Apr,Canada,Accommodation and food services [72],Payroll employees,1213255,A
16-Apr,Canada,Accommodation and food services [72],Job vacancy rate,4.8,A
16-Apr,Canada,Other services (except public administration) [81],Job vacancies,17285,B
16-Apr,Canada,Other services (except public administration) [81],Payroll employees,528220,A
16-Apr,Canada,Other services (except public administration) [81],Job vacancy rate,3.2,B
16-Apr,Canada,Public administration [91],Job vacancies,8405,B
16-Apr,Canada,Public administration [91],Payroll employees,472140,A
16-Apr,Canada,Public administration [91],Job vacancy rate,1.7,B
16-May,Canada,"Total, all industries",Job vacancies,400140,A
16-May,Canada,"Total, all industries",Payroll employees,15080000,A
16-May,Canada,"Total, all industries",Job vacancy rate,2.6,A
16-May,Canada,"Agriculture, forestry, fishing and hunting [11]",Job vacancies,8755,C
16-May,Canada,"Agriculture, forestry, fishing and hunting [11]",Payroll employees,191710,A
16-May,Canada,"Agriculture, forestry, fishing and hunting [11]",Job vacancy rate,4.4,C
16-May,Canada,"Mining, quarrying, and oil and gas extraction [21]",Job vacancies,2480,C
16-May,Canada,"Mining, quarrying, and oil and gas extraction [21]",Payroll employees,183935,A
16-May,Canada,"Mining, quarrying, and oil and gas extraction [21]",Job vacancy rate,1.3,C
16-May,Canada,Utilities [22],Job vacancies,1550,D
16-May,Canada,Utilities [22],Payroll employees,116685,A
16-May,Canada,Utilities [22],Job vacancy rate,1.3,D
16-May,Canada,Construction [23],Job vacancies,31865,E
16-May,Canada,Construction [23],Payroll employees,916830,A
16-May,Canada,Construction [23],Job vacancy rate,3.4,E
16-May,Canada,Manufacturing [31-33],Job vacancies,32390,B
16-May,Canada,Manufacturing [31-33],Payroll employees,1467270,A
16-May,Canada,Manufacturing [31-33],Job vacancy rate,2.2,B
16-May,Canada,Wholesale trade [41],Job vacancies,16765,B
16-May,Canada,Wholesale trade [41],Payroll employees,771450,A
16-May,Canada,Wholesale trade [41],Job vacancy rate,2.1,B
16-May,Canada,Retail trade [44-45],Job vacancies,50155,B
16-May,Canada,Retail trade [44-45],Payroll employees,1909610,A
16-May,Canada,Retail trade [44-45],Job vacancy rate,2.6,B
16-May,Canada,Transportation and warehousing [48-49],Job vacancies,16445,C
16-May,Canada,Transportation and warehousing [48-49],Payroll employees,716100,A
16-May,Canada,Transportation and warehousing [48-49],Job vacancy rate,2.2,C
16-May,Canada,Information and cultural industries [51],Job vacancies,8830,C
16-May,Canada,Information and cultural industries [51],Payroll employees,346730,A
16-May,Canada,Information and cultural industries [51],Job vacancy rate,2.5,C
16-May,Canada,Finance and insurance [52],Job vacancies,16735,B
16-May,Canada,Finance and insurance [52],Payroll employees,722365,A
16-May,Canada,Finance and insurance [52],Job vacancy rate,2.3,B
16-May,Canada,Real estate and rental and leasing [53],Job vacancies,6245,C
16-May,Canada,Real estate and rental and leasing [53],Payroll employees,285680,A
16-May,Canada,Real estate and rental and leasing [53],Job vacancy rate,2.1,C
16-May,Canada,"Professional, scientific and technical services [54]",Job vacancies,21035,B
16-May,Canada,"Professional, scientific and technical services [54]",Payroll employees,851970,A
16-May,Canada,"Professional, scientific and technical services [54]",Job vacancy rate,2.4,B
16-May,Canada,Management of companies and enterprises [55],Job vacancies,2490,E
16-May,Canada,Management of companies and enterprises [55],Payroll employees,97235,B
16-May,Canada,Management of companies and enterprises [55],Job vacancy rate,2.5,E
16-May,Canada,"Administrative and support, waste management and remediation services [56]",Job vacancies,31875,B
16-May,Canada,"Administrative and support, waste management and remediation services [56]",Payroll employees,770850,A
16-May,Canada,"Administrative and support, waste management and remediation services [56]",Job vacancy rate,4,B
16-May,Canada,Educational services [61],Job vacancies,7935,B
16-May,Canada,Educational services [61],Payroll employees,1351015,A
16-May,Canada,Educational services [61],Job vacancy rate,0.6,B
16-May,Canada,Health care and social assistance [62],Job vacancies,41780,B
16-May,Canada,Health care and social assistance [62],Payroll employees,1881385,A
16-May,Canada,Health care and social assistance [62],Job vacancy rate,2.2,B
16-May,Canada,"Arts, entertainment and recreation [71]",Job vacancies,9590,B
16-May,Canada,"Arts, entertainment and recreation [71]",Payroll employees,263460,A
16-May,Canada,"Arts, entertainment and recreation [71]",Job vacancy rate,3.5,B
16-May,Canada,Accommodation and food services [72],Job vacancies,66790,B
16-May,Canada,Accommodation and food services [72],Payroll employees,1227300,A
16-May,Canada,Accommodation and food services [72],Job vacancy rate,5.2,A
16-May,Canada,Other services (except public administration) [81],Job vacancies,18160,B
16-May,Canada,Other services (except public administration) [81],Payroll employees,531105,A
16-May,Canada,Other services (except public administration) [81],Job vacancy rate,3.3,B
16-May,Canada,Public administration [91],Job vacancies,8270,C
16-May,Canada,Public administration [91],Payroll employees,477320,A
16-May,Canada,Public administration [91],Job vacancy rate,1.7,C
16-Jun,Canada,"Total, all industries",Job vacancies,392755,A
16-Jun,Canada,"Total, all industries",Payroll employees,15335410,A
16-Jun,Canada,"Total, all industries",Job vacancy rate,2.5,A
16-Jun,Canada,"Agriculture, forestry, fishing and hunting [11]",Job vacancies,11240,C
16-Jun,Canada,"Agriculture, forestry, fishing and hunting [11]",Payroll employees,222060,A
16-Jun,Canada,"Agriculture, forestry, fishing and hunting [11]",Job vacancy rate,4.8,C
16-Jun,Canada,"Mining, quarrying, and oil and gas extraction [21]",Job vacancies,1520,D
16-Jun,Canada,"Mining, quarrying, and oil and gas extraction [21]",Payroll employees,185540,A
16-Jun,Canada,"Mining, quarrying, and oil and gas extraction [21]",Job vacancy rate,0.8,D
16-Jun,Canada,Utilities [22],Job vacancies,930,D
16-Jun,Canada,Utilities [22],Payroll employees,119545,A
16-Jun,Canada,Utilities [22],Job vacancy rate,0.8,D
16-Jun,Canada,Construction [23],Job vacancies,21420,B
16-Jun,Canada,Construction [23],Payroll employees,975040,A
16-Jun,Canada,Construction [23],Job vacancy rate,2.1,B
16-Jun,Canada,Manufacturing [31-33],Job vacancies,28330,B
16-Jun,Canada,Manufacturing [31-33],Payroll employees,1491955,A
16-Jun,Canada,Manufacturing [31-33],Job vacancy rate,1.9,B
16-Jun,Canada,Wholesale trade [41],Job vacancies,15255,B
16-Jun,Canada,Wholesale trade [41],Payroll employees,780780,A
16-Jun,Canada,Wholesale trade [41],Job vacancy rate,1.9,B
16-Jun,Canada,Retail trade [44-45],Job vacancies,70975,D
16-Jun,Canada,Retail trade [44-45],Payroll employees,1940195,A
16-Jun,Canada,Retail trade [44-45],Job vacancy rate,3.5,D
16-Jun,Canada,Transportation and warehousing [48-49],Job vacancies,14550,B
16-Jun,Canada,Transportation and warehousing [48-49],Payroll employees,725780,A
16-Jun,Canada,Transportation and warehousing [48-49],Job vacancy rate,2,B
16-Jun,Canada,Information and cultural industries [51],Job vacancies,8985,C
16-Jun,Canada,Information and cultural industries [51],Payroll employees,348095,A
16-Jun,Canada,Information and cultural industries [51],Job vacancy rate,2.5,D
16-Jun,Canada,Finance and insurance [52],Job vacancies,28340,B
16-Jun,Canada,Finance and insurance [52],Payroll employees,721275,A
16-Jun,Canada,Finance and insurance [52],Job vacancy rate,3.8,B
16-Jun,Canada,Real estate and rental and leasing [53],Job vacancies,5410,D
16-Jun,Canada,Real estate and rental and leasing [53],Payroll employees,289515,A
16-Jun,Canada,Real estate and rental and leasing [53],Job vacancy rate,1.8,D
16-Jun,Canada,"Professional, scientific and technical services [54]",Job vacancies,22215,B
16-Jun,Canada,"Professional, scientific and technical services [54]",Payroll employees,863250,A
16-Jun,Canada,"Professional, scientific and technical services [54]",Job vacancy rate,2.5,B
16-Jun,Canada,Management of companies and enterprises [55],Job vacancies,1165,D
16-Jun,Canada,Management of companies and enterprises [55],Payroll employees,97375,B
16-Jun,Canada,Management of companies and enterprises [55],Job vacancy rate,1.2,D
16-Jun,Canada,"Administrative and support, waste management and remediation services [56]",Job vacancies,26865,B
16-Jun,Canada,"Administrative and support, waste management and remediation services [56]",Payroll employees,782760,A
16-Jun,Canada,"Administrative and support, waste management and remediation services [56]",Job vacancy rate,3.3,B
16-Jun,Canada,Educational services [61],Job vacancies,10460,C
16-Jun,Canada,Educational services [61],Payroll employees,1310200,A
16-Jun,Canada,Educational services [61],Job vacancy rate,0.8,C
16-Jun,Canada,Health care and social assistance [62],Job vacancies,42890,B
16-Jun,Canada,Health care and social assistance [62],Payroll employees,1895965,A
16-Jun,Canada,Health care and social assistance [62],Job vacancy rate,2.2,B
16-Jun,Canada,"Arts, entertainment and recreation [71]",Job vacancies,7075,B
16-Jun,Canada,"Arts, entertainment and recreation [71]",Payroll employees,284620,A
16-Jun,Canada,"Arts, entertainment and recreation [71]",Job vacancy rate,2.4,B
16-Jun,Canada,Accommodation and food services [72],Job vacancies,49840,A
16-Jun,Canada,Accommodation and food services [72],Payroll employees,1273605,A
16-Jun,Canada,Accommodation and food services [72],Job vacancy rate,3.8,A
16-Jun,Canada,Other services (except public administration) [81],Job vacancies,18210,B
16-Jun,Canada,Other services (except public administration) [81],Payroll employees,538965,A
16-Jun,Canada,Other services (except public administration) [81],Job vacancy rate,3.3,B
16-Jun,Canada,Public administration [91],Job vacancies,7085,B
16-Jun,Canada,Public administration [91],Payroll employees,488900,A
16-Jun,Canada,Public administration [91],Job vacancy rate,1.4,B
16-Jul,Canada,"Total, all industries",Job vacancies,371465,A
16-Jul,Canada,"Total, all industries",Payroll employees,15626065,A
16-Jul,Canada,"Total, all industries",Job vacancy rate,2.3,A
16-Jul,Canada,"Agriculture, forestry, fishing and hunting [11]",Job vacancies,8290,C
16-Jul,Canada,"Agriculture, forestry, fishing and hunting [11]",Payroll employees,241420,A
16-Jul,Canada,"Agriculture, forestry, fishing and hunting [11]",Job vacancy rate,3.3,C
16-Jul,Canada,"Mining, quarrying, and oil and gas extraction [21]",Job vacancies,2185,C
16-Jul,Canada,"Mining, quarrying, and oil and gas extraction [21]",Payroll employees,186860,A
16-Jul,Canada,"Mining, quarrying, and oil and gas extraction [21]",Job vacancy rate,1.2,C
16-Jul,Canada,Utilities [22],Job vacancies,1320,D
16-Jul,Canada,Utilities [22],Payroll employees,119955,A
16-Jul,Canada,Utilities [22],Job vacancy rate,1.1,D
16-Jul,Canada,Construction [23],Job vacancies,24580,C
16-Jul,Canada,Construction [23],Payroll employees,1018995,A
16-Jul,Canada,Construction [23],Job vacancy rate,2.4,C
16-Jul,Canada,Manufacturing [31-33],Job vacancies,29760,B
16-Jul,Canada,Manufacturing [31-33],Payroll employees,1520295,A
16-Jul,Canada,Manufacturing [31-33],Job vacancy rate,1.9,B
16-Jul,Canada,Wholesale trade [41],Job vacancies,14365,B
16-Jul,Canada,Wholesale trade [41],Payroll employees,786875,A
16-Jul,Canada,Wholesale trade [41],Job vacancy rate,1.8,B
16-Jul,Canada,Retail trade [44-45],Job vacancies,46225,B
16-Jul,Canada,Retail trade [44-45],Payroll employees,1970530,A
16-Jul,Canada,Retail trade [44-45],Job vacancy rate,2.3,B
16-Jul,Canada,Transportation and warehousing [48-49],Job vacancies,15855,B
16-Jul,Canada,Transportation and warehousing [48-49],Payroll employees,739725,A
16-Jul,Canada,Transportation and warehousing [48-49],Job vacancy rate,2.1,B
16-Jul,Canada,Information and cultural industries [51],Job vacancies,8160,C
16-Jul,Canada,Information and cultural industries [51],Payroll employees,352605,A
16-Jul,Canada,Information and cultural industries [51],Job vacancy rate,2.3,C
16-Jul,Canada,Finance and insurance [52],Job vacancies,24970,B
16-Jul,Canada,Finance and insurance [52],Payroll employees,721785,A
16-Jul,Canada,Finance and insurance [52],Job vacancy rate,3.3,B
16-Jul,Canada,Real estate and rental and leasing [53],Job vacancies,6600,C
16-Jul,Canada,Real estate and rental and leasing [53],Payroll employees,298035,A
16-Jul,Canada,Real estate and rental and leasing [53],Job vacancy rate,2.2,C
16-Jul,Canada,"Professional, scientific and technical services [54]",Job vacancies,26705,B
16-Jul,Canada,"Professional, scientific and technical services [54]",Payroll employees,870105,A
16-Jul,Canada,"Professional, scientific and technical services [54]",Job vacancy rate,3,B
16-Jul,Canada,Management of companies and enterprises [55],Job vacancies,1005,E
16-Jul,Canada,Management of companies and enterprises [55],Payroll employees,99230,B
16-Jul,Canada,Management of companies and enterprises [55],Job vacancy rate,1,E
16-Jul,Canada,"Administrative and support, waste management and remediation services [56]",Job vacancies,28795,B
16-Jul,Canada,"Administrative and support, waste management and remediation services [56]",Payroll employees,810220,A
16-Jul,Canada,"Administrative and support, waste management and remediation services [56]",Job vacancy rate,3.4,B
16-Jul,Canada,Educational services [61],Job vacancies,13535,C
16-Jul,Canada,Educational services [61],Payroll employees,1294390,A
16-Jul,Canada,Educational services [61],Job vacancy rate,1,C
16-Jul,Canada,Health care and social assistance [62],Job vacancies,35845,B
16-Jul,Canada,Health care and social assistance [62],Payroll employees,1919580,A
16-Jul,Canada,Health care and social assistance [62],Job vacancy rate,1.8,B
16-Jul,Canada,"Arts, entertainment and recreation [71]",Job vacancies,5585,B
16-Jul,Canada,"Arts, entertainment and recreation [71]",Payroll employees,309855,A
16-Jul,Canada,"Arts, entertainment and recreation [71]",Job vacancy rate,1.8,B
16-Jul,Canada,Accommodation and food services [72],Job vacancies,52900,B
16-Jul,Canada,Accommodation and food services [72],Payroll employees,1310890,A
16-Jul,Canada,Accommodation and food services [72],Job vacancy rate,3.9,B
16-Jul,Canada,Other services (except public administration) [81],Job vacancies,16665,B
16-Jul,Canada,Other services (except public administration) [81],Payroll employees,547365,A
16-Jul,Canada,Other services (except public administration) [81],Job vacancy rate,3,B
16-Jul,Canada,Public administration [91],Job vacancies,8120,D
16-Jul,Canada,Public administration [91],Payroll employees,507355,A
16-Jul,Canada,Public administration [91],Job vacancy rate,1.6,D
16-Aug,Canada,"Total, all industries",Job vacancies,402370,A
16-Aug,Canada,"Total, all industries",Payroll employees,15376120,A
16-Aug,Canada,"Total, all industries",Job vacancy rate,2.6,A
16-Aug,Canada,"Agriculture, forestry, fishing and hunting [11]",Job vacancies,9390,C
16-Aug,Canada,"Agriculture, forestry, fishing and hunting [11]",Payroll employees,248850,A
16-Aug,Canada,"Agriculture, forestry, fishing and hunting [11]",Job vacancy rate,3.6,C
16-Aug,Canada,"Mining, quarrying, and oil and gas extraction [21]",Job vacancies,2475,C
16-Aug,Canada,"Mining, quarrying, and oil and gas extraction [21]",Payroll employees,188025,A
16-Aug,Canada,"Mining, quarrying, and oil and gas extraction [21]",Job vacancy rate,1.3,C
16-Aug,Canada,Utilities [22],Job vacancies,1585,D
16-Aug,Canada,Utilities [22],Payroll employees,121265,A
16-Aug,Canada,Utilities [22],Job vacancy rate,1.3,D
16-Aug,Canada,Construction [23],Job vacancies,31225,E
16-Aug,Canada,Construction [23],Payroll employees,1025610,A
16-Aug,Canada,Construction [23],Job vacancy rate,3,E
16-Aug,Canada,Manufacturing [31-33],Job vacancies,34705,B
16-Aug,Canada,Manufacturing [31-33],Payroll employees,1513040,A
16-Aug,Canada,Manufacturing [31-33],Job vacancy rate,2.2,B
16-Aug,Canada,Wholesale trade [41],Job vacancies,16300,C
16-Aug,Canada,Wholesale trade [41],Payroll employees,788515,A
16-Aug,Canada,Wholesale trade [41],Job vacancy rate,2,C
16-Aug,Canada,Retail trade [44-45],Job vacancies,54380,B
16-Aug,Canada,Retail trade [44-45],Payroll employees,1956040,A
16-Aug,Canada,Retail trade [44-45],Job vacancy rate,2.7,B
16-Aug,Canada,Transportation and warehousing [48-49],Job vacancies,18285,C
16-Aug,Canada,Transportation and warehousing [48-49],Payroll employees,724800,A
16-Aug,Canada,Transportation and warehousing [48-49],Job vacancy rate,2.5,C
16-Aug,Canada,Information and cultural industries [51],Job vacancies,9055,C
16-Aug,Canada,Information and cultural industries [51],Payroll employees,355925,A
16-Aug,Canada,Information and cultural industries [51],Job vacancy rate,2.5,C
16-Aug,Canada,Finance and insurance [52],Job vacancies,20815,B
16-Aug,Canada,Finance and insurance [52],Payroll employees,726795,A
16-Aug,Canada,Finance and insurance [52],Job vacancy rate,2.8,B
16-Aug,Canada,Real estate and rental and leasing [53],Job vacancies,5525,C
16-Aug,Canada,Real estate and rental and leasing [53],Payroll employees,299230,A
16-Aug,Canada,Real estate and rental and leasing [53],Job vacancy rate,1.8,C
16-Aug,Canada,"Professional, scientific and technical services [54]",Job vacancies,23910,B
16-Aug,Canada,"Professional, scientific and technical services [54]",Payroll employees,867860,A
16-Aug,Canada,"Professional, scientific and technical services [54]",Job vacancy rate,2.7,B
16-Aug,Canada,Management of companies and enterprises [55],Job vacancies,1705,D
16-Aug,Canada,Management of companies and enterprises [55],Payroll employees,98245,B
16-Aug,Canada,Management of companies and enterprises [55],Job vacancy rate,1.7,D
16-Aug,Canada,"Administrative and support, waste management and remediation services [56]",Job vacancies,29035,B
16-Aug,Canada,"Administrative and support, waste management and remediation services [56]",Payroll employees,822295,A
16-Aug,Canada,"Administrative and support, waste management and remediation services [56]",Job vacancy rate,3.4,B
16-Aug,Canada,Educational services [61],Job vacancies,9695,B
16-Aug,Canada,Educational services [61],Payroll employees,989540,A
16-Aug,Canada,Educational services [61],Job vacancy rate,1,B
16-Aug,Canada,Health care and social assistance [62],Job vacancies,41480,B
16-Aug,Canada,Health care and social assistance [62],Payroll employees,1929895,A
16-Aug,Canada,Health care and social assistance [62],Job vacancy rate,2.1,B
16-Aug,Canada,"Arts, entertainment and recreation [71]",Job vacancies,6460,C
16-Aug,Canada,"Arts, entertainment and recreation [71]",Payroll employees,325810,A
16-Aug,Canada,"Arts, entertainment and recreation [71]",Job vacancy rate,1.9,C
16-Aug,Canada,Accommodation and food services [72],Job vacancies,62110,A
16-Aug,Canada,Accommodation and food services [72],Payroll employees,1325220,A
16-Aug,Canada,Accommodation and food services [72],Job vacancy rate,4.5,A
16-Aug,Canada,Other services (except public administration) [81],Job vacancies,19545,B
16-Aug,Canada,Other services (except public administration) [81],Payroll employees,543830,A
16-Aug,Canada,Other services (except public administration) [81],Job vacancy rate,3.5,B
16-Aug,Canada,Public administration [91],Job vacancies,4690,D
16-Aug,Canada,Public administration [91],Payroll employees,525330,A
16-Aug,Canada,Public administration [91],Job vacancy rate,0.9,D
16-Sep,Canada,"Total, all industries",Job vacancies,419725,A
16-Sep,Canada,"Total, all industries",Payroll employees,15179340,A
16-Sep,Canada,"Total, all industries",Job vacancy rate,2.7,A
16-Sep,Canada,"Agriculture, forestry, fishing and hunting [11]",Job vacancies,11320,D
16-Sep,Canada,"Agriculture, forestry, fishing and hunting [11]",Payroll employees,248395,A
16-Sep,Canada,"Agriculture, forestry, fishing and hunting [11]",Job vacancy rate,4.4,C
16-Sep,Canada,"Mining, quarrying, and oil and gas extraction [21]",Job vacancies,2240,C
16-Sep,Canada,"Mining, quarrying, and oil and gas extraction [21]",Payroll employees,189395,A
16-Sep,Canada,"Mining, quarrying, and oil and gas extraction [21]",Job vacancy rate,1.2,C
16-Sep,Canada,Utilities [22],Job vacancies,895,D
16-Sep,Canada,Utilities [22],Payroll employees,120735,A
16-Sep,Canada,Utilities [22],Job vacancy rate,0.7,D
16-Sep,Canada,Construction [23],Job vacancies,25290,B
16-Sep,Canada,Construction [23],Payroll employees,1033385,A
16-Sep,Canada,Construction [23],Job vacancy rate,2.4,B
16-Sep,Canada,Manufacturing [31-33],Job vacancies,34235,B
16-Sep,Canada,Manufacturing [31-33],Payroll employees,1492915,A
16-Sep,Canada,Manufacturing [31-33],Job vacancy rate,2.2,B
16-Sep,Canada,Wholesale trade [41],Job vacancies,15115,B
16-Sep,Canada,Wholesale trade [41],Payroll employees,783490,A
16-Sep,Canada,Wholesale trade [41],Job vacancy rate,1.9,B
16-Sep,Canada,Retail trade [44-45],Job vacancies,60180,B
16-Sep,Canada,Retail trade [44-45],Payroll employees,1948920,A
16-Sep,Canada,Retail trade [44-45],Job vacancy rate,3,B
16-Sep,Canada,Transportation and warehousing [48-49],Job vacancies,19670,C
16-Sep,Canada,Transportation and warehousing [48-49],Payroll employees,712380,A
16-Sep,Canada,Transportation and warehousing [48-49],Job vacancy rate,2.7,C
16-Sep,Canada,Information and cultural industries [51],Job vacancies,11315,B
16-Sep,Canada,Information and cultural industries [51],Payroll employees,353060,A
16-Sep,Canada,Information and cultural industries [51],Job vacancy rate,3.1,B
16-Sep,Canada,Finance and insurance [52],Job vacancies,19955,B
16-Sep,Canada,Finance and insurance [52],Payroll employees,722870,A
16-Sep,Canada,Finance and insurance [52],Job vacancy rate,2.7,B
16-Sep,Canada,Real estate and rental and leasing [53],Job vacancies,5435,C
16-Sep,Canada,Real estate and rental and leasing [53],Payroll employees,294955,A
16-Sep,Canada,Real estate and rental and leasing [53],Job vacancy rate,1.8,C
16-Sep,Canada,"Professional, scientific and technical services [54]",Job vacancies,28555,B
16-Sep,Canada,"Professional, scientific and technical services [54]",Payroll employees,865820,A
16-Sep,Canada,"Professional, scientific and technical services [54]",Job vacancy rate,3.2,B
16-Sep,Canada,Management of companies and enterprises [55],Job vacancies,1505,D
16-Sep,Canada,Management of companies and enterprises [55],Payroll employees,96870,B
16-Sep,Canada,Management of companies and enterprises [55],Job vacancy rate,1.5,D
16-Sep,Canada,"Administrative and support, waste management and remediation services [56]",Job vacancies,36530,C
16-Sep,Canada,"Administrative and support, waste management and remediation services [56]",Payroll employees,813815,A
16-Sep,Canada,"Administrative and support, waste management and remediation services [56]",Job vacancy rate,4.3,C
16-Sep,Canada,Educational services [61],Job vacancies,9400,C
16-Sep,Canada,Educational services [61],Payroll employees,874815,A
16-Sep,Canada,Educational services [61],Job vacancy rate,1.1,C
16-Sep,Canada,Health care and social assistance [62],Job vacancies,39760,A
16-Sep,Canada,Health care and social assistance [62],Payroll employees,1925610,A
16-Sep,Canada,Health care and social assistance [62],Job vacancy rate,2,A
16-Sep,Canada,"Arts, entertainment and recreation [71]",Job vacancies,5905,B
16-Sep,Canada,"Arts, entertainment and recreation [71]",Payroll employees,319835,A
16-Sep,Canada,"Arts, entertainment and recreation [71]",Job vacancy rate,1.8,B
16-Sep,Canada,Accommodation and food services [72],Job vacancies,65205,A
16-Sep,Canada,Accommodation and food services [72],Payroll employees,1320095,A
16-Sep,Canada,Accommodation and food services [72],Job vacancy rate,4.7,A
16-Sep,Canada,Other services (except public administration) [81],Job vacancies,19845,B
16-Sep,Canada,Other services (except public administration) [81],Payroll employees,542985,A
16-Sep,Canada,Other services (except public administration) [81],Job vacancy rate,3.5,B
16-Sep,Canada,Public administration [91],Job vacancies,7365,B
16-Sep,Canada,Public administration [91],Payroll employees,519000,A
16-Sep,Canada,Public administration [91],Job vacancy rate,1.4,B
16-Oct,Canada,"Total, all industries",Job vacancies,394395,A
16-Oct,Canada,"Total, all industries",Payroll employees,15559350,A
16-Oct,Canada,"Total, all industries",Job vacancy rate,2.5,A
16-Oct,Canada,"Agriculture, forestry, fishing and hunting [11]",Job vacancies,9715,C
16-Oct,Canada,"Agriculture, forestry, fishing and hunting [11]",Payroll employees,243415,A
16-Oct,Canada,"Agriculture, forestry, fishing and hunting [11]",Job vacancy rate,3.8,C
16-Oct,Canada,"Mining, quarrying, and oil and gas extraction [21]",Job vacancies,3090,D
16-Oct,Canada,"Mining, quarrying, and oil and gas extraction [21]",Payroll employees,187750,A
16-Oct,Canada,"Mining, quarrying, and oil and gas extraction [21]",Job vacancy rate,1.6,D
16-Oct,Canada,Utilities [22],Job vacancies,1270,D
16-Oct,Canada,Utilities [22],Payroll employees,120315,A
16-Oct,Canada,Utilities [22],Job vacancy rate,1,D
16-Oct,Canada,Construction [23],Job vacancies,23405,B
16-Oct,Canada,Construction [23],Payroll employees,1048190,A
16-Oct,Canada,Construction [23],Job vacancy rate,2.2,B
16-Oct,Canada,Manufacturing [31-33],Job vacancies,31455,B
16-Oct,Canada,Manufacturing [31-33],Payroll employees,1501385,A
16-Oct,Canada,Manufacturing [31-33],Job vacancy rate,2.1,B
16-Oct,Canada,Wholesale trade [41],Job vacancies,15910,B
16-Oct,Canada,Wholesale trade [41],Payroll employees,780575,A
16-Oct,Canada,Wholesale trade [41],Job vacancy rate,2,B
16-Oct,Canada,Retail trade [44-45],Job vacancies,68275,B
16-Oct,Canada,Retail trade [44-45],Payroll employees,1965610,A
16-Oct,Canada,Retail trade [44-45],Job vacancy rate,3.4,B
16-Oct,Canada,Transportation and warehousing [48-49],Job vacancies,21510,B
16-Oct,Canada,Transportation and warehousing [48-49],Payroll employees,742000,A
16-Oct,Canada,Transportation and warehousing [48-49],Job vacancy rate,2.8,B
16-Oct,Canada,Information and cultural industries [51],Job vacancies,8340,C
16-Oct,Canada,Information and cultural industries [51],Payroll employees,352855,A
16-Oct,Canada,Information and cultural industries [51],Job vacancy rate,2.3,C
16-Oct,Canada,Finance and insurance [52],Job vacancies,20460,B
16-Oct,Canada,Finance and insurance [52],Payroll employees,720410,A
16-Oct,Canada,Finance and insurance [52],Job vacancy rate,2.8,B
16-Oct,Canada,Real estate and rental and leasing [53],Job vacancies,5310,C
16-Oct,Canada,Real estate and rental and leasing [53],Payroll employees,296060,A
16-Oct,Canada,Real estate and rental and leasing [53],Job vacancy rate,1.8,C
16-Oct,Canada,"Professional, scientific and technical services [54]",Job vacancies,22100,B
16-Oct,Canada,"Professional, scientific and technical services [54]",Payroll employees,867485,A
16-Oct,Canada,"Professional, scientific and technical services [54]",Job vacancy rate,2.5,B
16-Oct,Canada,Management of companies and enterprises [55],Job vacancies,790,E
16-Oct,Canada,Management of companies and enterprises [55],Payroll employees,97760,B
16-Oct,Canada,Management of companies and enterprises [55],Job vacancy rate,0.8,E
16-Oct,Canada,"Administrative and support, waste management and remediation services [56]",Job vacancies,32900,B
16-Oct,Canada,"Administrative and support, waste management and remediation services [56]",Payroll employees,822205,A
16-Oct,Canada,"Administrative and support, waste management and remediation services [56]",Job vacancy rate,3.8,B
16-Oct,Canada,Educational services [61],Job vacancies,9250,B
16-Oct,Canada,Educational services [61],Payroll employees,1199455,A
16-Oct,Canada,Educational services [61],Job vacancy rate,0.8,B
16-Oct,Canada,Health care and social assistance [62],Job vacancies,37375,A
16-Oct,Canada,Health care and social assistance [62],Payroll employees,1930605,A
16-Oct,Canada,Health care and social assistance [62],Job vacancy rate,1.9,A
16-Oct,Canada,"Arts, entertainment and recreation [71]",Job vacancies,5980,B
16-Oct,Canada,"Arts, entertainment and recreation [71]",Payroll employees,314235,A
16-Oct,Canada,"Arts, entertainment and recreation [71]",Job vacancy rate,1.9,B
16-Oct,Canada,Accommodation and food services [72],Job vacancies,55025,B
16-Oct,Canada,Accommodation and food services [72],Payroll employees,1322080,A
16-Oct,Canada,Accommodation and food services [72],Job vacancy rate,4,B
16-Oct,Canada,Other services (except public administration) [81],Job vacancies,15390,B
16-Oct,Canada,Other services (except public administration) [81],Payroll employees,543110,A
16-Oct,Canada,Other services (except public administration) [81],Job vacancy rate,2.8,B
16-Oct,Canada,Public administration [91],Job vacancies,6850,B
16-Oct,Canada,Public administration [91],Payroll employees,503860,A
16-Oct,Canada,Public administration [91],Job vacancy rate,1.3,B
16-Nov,Canada,"Total, all industries",Job vacancies,380140,A
16-Nov,Canada,"Total, all industries",Payroll employees,15552435,A
16-Nov,Canada,"Total, all industries",Job vacancy rate,2.4,A
16-Nov,Canada,"Agriculture, forestry, fishing and hunting [11]",Job vacancies,11360,E
16-Nov,Canada,"Agriculture, forestry, fishing and hunting [11]",Payroll employees,228230,A
16-Nov,Canada,"Agriculture, forestry, fishing and hunting [11]",Job vacancy rate,4.7,E
16-Nov,Canada,"Mining, quarrying, and oil and gas extraction [21]",Job vacancies,3405,D
16-Nov,Canada,"Mining, quarrying, and oil and gas extraction [21]",Payroll employees,185360,A
16-Nov,Canada,"Mining, quarrying, and oil and gas extraction [21]",Job vacancy rate,1.8,D
16-Nov,Canada,Utilities [22],Job vacancies,1250,D
16-Nov,Canada,Utilities [22],Payroll employees,119350,A
16-Nov,Canada,Utilities [22],Job vacancy rate,1,D
16-Nov,Canada,Construction [23],Job vacancies,27755,E
16-Nov,Canada,Construction [23],Payroll employees,1027405,A
16-Nov,Canada,Construction [23],Job vacancy rate,2.6,E
16-Nov,Canada,Manufacturing [31-33],Job vacancies,29525,A
16-Nov,Canada,Manufacturing [31-33],Payroll employees,1486425,A
16-Nov,Canada,Manufacturing [31-33],Job vacancy rate,1.9,A
16-Nov,Canada,Wholesale trade [41],Job vacancies,14840,B
16-Nov,Canada,Wholesale trade [41],Payroll employees,775140,A
16-Nov,Canada,Wholesale trade [41],Job vacancy rate,1.9,B
16-Nov,Canada,Retail trade [44-45],Job vacancies,67545,B
16-Nov,Canada,Retail trade [44-45],Payroll employees,1974055,A
16-Nov,Canada,Retail trade [44-45],Job vacancy rate,3.3,B
16-Nov,Canada,Transportation and warehousing [48-49],Job vacancies,15065,C
16-Nov,Canada,Transportation and warehousing [48-49],Payroll employees,733755,A
16-Nov,Canada,Transportation and warehousing [48-49],Job vacancy rate,2,C
16-Nov,Canada,Information and cultural industries [51],Job vacancies,9170,C
16-Nov,Canada,Information and cultural industries [51],Payroll employees,353820,A
16-Nov,Canada,Information and cultural industries [51],Job vacancy rate,2.5,C
16-Nov,Canada,Finance and insurance [52],Job vacancies,17015,B
16-Nov,Canada,Finance and insurance [52],Payroll employees,723120,A
16-Nov,Canada,Finance and insurance [52],Job vacancy rate,2.3,B
16-Nov,Canada,Real estate and rental and leasing [53],Job vacancies,5345,C
16-Nov,Canada,Real estate and rental and leasing [53],Payroll employees,296910,A
16-Nov,Canada,Real estate and rental and leasing [53],Job vacancy rate,1.8,C
16-Nov,Canada,"Professional, scientific and technical services [54]",Job vacancies,21450,B
16-Nov,Canada,"Professional, scientific and technical services [54]",Payroll employees,866760,A
16-Nov,Canada,"Professional, scientific and technical services [54]",Job vacancy rate,2.4,B
16-Nov,Canada,Management of companies and enterprises [55],Job vacancies,2505,D
16-Nov,Canada,Management of companies and enterprises [55],Payroll employees,98445,B
16-Nov,Canada,Management of companies and enterprises [55],Job vacancy rate,2.5,D
16-Nov,Canada,"Administrative and support, waste management and remediation services [56]",Job vacancies,32425,B
16-Nov,Canada,"Administrative and support, waste management and remediation services [56]",Payroll employees,813405,A
16-Nov,Canada,"Administrative and support, waste management and remediation services [56]",Job vacancy rate,3.8,B
16-Nov,Canada,Educational services [61],Job vacancies,8720,B
16-Nov,Canada,Educational services [61],Payroll employees,1326835,A
16-Nov,Canada,Educational services [61],Job vacancy rate,0.7,B
16-Nov,Canada,Health care and social assistance [62],Job vacancies,38905,B
16-Nov,Canada,Health care and social assistance [62],Payroll employees,1921435,A
16-Nov,Canada,Health care and social assistance [62],Job vacancy rate,2,B
16-Nov,Canada,"Arts, entertainment and recreation [71]",Job vacancies,6810,B
16-Nov,Canada,"Arts, entertainment and recreation [71]",Payroll employees,292215,A
16-Nov,Canada,"Arts, entertainment and recreation [71]",Job vacancy rate,2.3,B
16-Nov,Canada,Accommodation and food services [72],Job vacancies,47930,B
16-Nov,Canada,Accommodation and food services [72],Payroll employees,1292880,A
16-Nov,Canada,Accommodation and food services [72],Job vacancy rate,3.6,A
16-Nov,Canada,Other services (except public administration) [81],Job vacancies,15070,B
16-Nov,Canada,Other services (except public administration) [81],Payroll employees,539425,A
16-Nov,Canada,Other services (except public administration) [81],Job vacancy rate,2.7,B
16-Nov,Canada,Public administration [91],Job vacancies,4050,D
16-Nov,Canada,Public administration [91],Payroll employees,497455,A
16-Nov,Canada,Public administration [91],Job vacancy rate,0.8,D
16-Dec,Canada,"Total, all industries",Job vacancies,341000,A
16-Dec,Canada,"Total, all industries",Payroll employees,15517705,A
16-Dec,Canada,"Total, all industries",Job vacancy rate,2.2,A
16-Dec,Canada,"Agriculture, forestry, fishing and hunting [11]",Job vacancies,5270,C
16-Dec,Canada,"Agriculture, forestry, fishing and hunting [11]",Payroll employees,204795,A
16-Dec,Canada,"Agriculture, forestry, fishing and hunting [11]",Job vacancy rate,2.5,C
16-Dec,Canada,"Mining, quarrying, and oil and gas extraction [21]",Job vacancies,2180,C
16-Dec,Canada,"Mining, quarrying, and oil and gas extraction [21]",Payroll employees,188415,A
16-Dec,Canada,"Mining, quarrying, and oil and gas extraction [21]",Job vacancy rate,1.1,C
16-Dec,Canada,Utilities [22],Job vacancies,690,D
16-Dec,Canada,Utilities [22],Payroll employees,119620,A
16-Dec,Canada,Utilities [22],Job vacancy rate,0.6,D
16-Dec,Canada,Construction [23],Job vacancies,16280,C
16-Dec,Canada,Construction [23],Payroll employees,1012075,A
16-Dec,Canada,Construction [23],Job vacancy rate,1.6,C
16-Dec,Canada,Manufacturing [31-33],Job vacancies,24730,B
16-Dec,Canada,Manufacturing [31-33],Payroll employees,1481505,A
16-Dec,Canada,Manufacturing [31-33],Job vacancy rate,1.6,B
16-Dec,Canada,Wholesale trade [41],Job vacancies,14620,B
16-Dec,Canada,Wholesale trade [41],Payroll employees,770980,A
16-Dec,Canada,Wholesale trade [41],Job vacancy rate,1.9,B
16-Dec,Canada,Retail trade [44-45],Job vacancies,62030,D
16-Dec,Canada,Retail trade [44-45],Payroll employees,2005390,A
16-Dec,Canada,Retail trade [44-45],Job vacancy rate,3,D
16-Dec,Canada,Transportation and warehousing [48-49],Job vacancies,19110,C
16-Dec,Canada,Transportation and warehousing [48-49],Payroll employees,734080,A
16-Dec,Canada,Transportation and warehousing [48-49],Job vacancy rate,2.5,C
16-Dec,Canada,Information and cultural industries [51],Job vacancies,10370,C
16-Dec,Canada,Information and cultural industries [51],Payroll employees,359120,A
16-Dec,Canada,Information and cultural industries [51],Job vacancy rate,2.8,C
16-Dec,Canada,Finance and insurance [52],Job vacancies,11590,E
16-Dec,Canada,Finance and insurance [52],Payroll employees,724975,A
16-Dec,Canada,Finance and insurance [52],Job vacancy rate,1.6,E
16-Dec,Canada,Real estate and rental and leasing [53],Job vacancies,3585,C
16-Dec,Canada,Real estate and rental and leasing [53],Payroll employees,292805,A
16-Dec,Canada,Real estate and rental and leasing [53],Job vacancy rate,1.2,C
16-Dec,Canada,"Professional, scientific and technical services [54]",Job vacancies,23515,B
16-Dec,Canada,"Professional, scientific and technical services [54]",Payroll employees,871000,A
16-Dec,Canada,"Professional, scientific and technical services [54]",Job vacancy rate,2.6,B
16-Dec,Canada,Management of companies and enterprises [55],Job vacancies,1010,D
16-Dec,Canada,Management of companies and enterprises [55],Payroll employees,95185,B
16-Dec,Canada,Management of companies and enterprises [55],Job vacancy rate,1,D
16-Dec,Canada,"Administrative and support, waste management and remediation services [56]",Job vacancies,31220,C
16-Dec,Canada,"Administrative and support, waste management and remediation services [56]",Payroll employees,809415,A
16-Dec,Canada,"Administrative and support, waste management and remediation services [56]",Job vacancy rate,3.7,C
16-Dec,Canada,Educational services [61],Job vacancies,9370,B
16-Dec,Canada,Educational services [61],Payroll employees,1352695,A
16-Dec,Canada,Educational services [61],Job vacancy rate,0.7,B
16-Dec,Canada,Health care and social assistance [62],Job vacancies,36965,B
16-Dec,Canada,Health care and social assistance [62],Payroll employees,1931100,A
16-Dec,Canada,Health care and social assistance [62],Job vacancy rate,1.9,B
16-Dec,Canada,"Arts, entertainment and recreation [71]",Job vacancies,6135,C
16-Dec,Canada,"Arts, entertainment and recreation [71]",Payroll employees,270710,A
16-Dec,Canada,"Arts, entertainment and recreation [71]",Job vacancy rate,2.2,B
16-Dec,Canada,Accommodation and food services [72],Job vacancies,41555,B
16-Dec,Canada,Accommodation and food services [72],Payroll employees,1266415,A
16-Dec,Canada,Accommodation and food services [72],Job vacancy rate,3.2,B
16-Dec,Canada,Other services (except public administration) [81],Job vacancies,15400,B
16-Dec,Canada,Other services (except public administration) [81],Payroll employees,539720,A
16-Dec,Canada,Other services (except public administration) [81],Job vacancy rate,2.8,B
16-Dec,Canada,Public administration [91],Job vacancies,5370,B
16-Dec,Canada,Public administration [91],Payroll employees,487710,A
16-Dec,Canada,Public administration [91],Job vacancy rate,1.1,B
17-Jan,Canada,"Total, all industries",Job vacancies,346495,A
17-Jan,Canada,"Total, all industries",Payroll employees,15629865,A
17-Jan,Canada,"Total, all industries",Job vacancy rate,2.2,A
17-Jan,Canada,"Agriculture, forestry, fishing and hunting [11]",Job vacancies,9690,C
17-Jan,Canada,"Agriculture, forestry, fishing and hunting [11]",Payroll employees,202190,A
17-Jan,Canada,"Agriculture, forestry, fishing and hunting [11]",Job vacancy rate,4.6,C
17-Jan,Canada,"Mining, quarrying, and oil and gas extraction [21]",Job vacancies,2680,D
17-Jan,Canada,"Mining, quarrying, and oil and gas extraction [21]",Payroll employees,190505,A
17-Jan,Canada,"Mining, quarrying, and oil and gas extraction [21]",Job vacancy rate,1.4,D
17-Jan,Canada,Utilities [22],Job vacancies,665,D
17-Jan,Canada,Utilities [22],Payroll employees,118210,A
17-Jan,Canada,Utilities [22],Job vacancy rate,0.6,D
17-Jan,Canada,Construction [23],Job vacancies,20615,C
17-Jan,Canada,Construction [23],Payroll employees,981480,A
17-Jan,Canada,Construction [23],Job vacancy rate,2.1,C
17-Jan,Canada,Manufacturing [31-33],Job vacancies,30735,B
17-Jan,Canada,Manufacturing [31-33],Payroll employees,1502060,A
17-Jan,Canada,Manufacturing [31-33],Job vacancy rate,2,B
17-Jan,Canada,Wholesale trade [41],Job vacancies,12615,B
17-Jan,Canada,Wholesale trade [41],Payroll employees,783735,A
17-Jan,Canada,Wholesale trade [41],Job vacancy rate,1.6,B
17-Jan,Canada,Retail trade [44-45],Job vacancies,49705,B
17-Jan,Canada,Retail trade [44-45],Payroll employees,2037700,A
17-Jan,Canada,Retail trade [44-45],Job vacancy rate,2.4,B
17-Jan,Canada,Transportation and warehousing [48-49],Job vacancies,21095,C
17-Jan,Canada,Transportation and warehousing [48-49],Payroll employees,746555,A
17-Jan,Canada,Transportation and warehousing [48-49],Job vacancy rate,2.7,B
17-Jan,Canada,Information and cultural industries [51],Job vacancies,8855,C
17-Jan,Canada,Information and cultural industries [51],Payroll employees,363615,A
17-Jan,Canada,Information and cultural industries [51],Job vacancy rate,2.4,C
17-Jan,Canada,Finance and insurance [52],Job vacancies,11495,E
17-Jan,Canada,Finance and insurance [52],Payroll employees,728185,A
17-Jan,Canada,Finance and insurance [52],Job vacancy rate,1.6,E
17-Jan,Canada,Real estate and rental and leasing [53],Job vacancies,5265,C
17-Jan,Canada,Real estate and rental and leasing [53],Payroll employees,299880,A
17-Jan,Canada,Real estate and rental and leasing [53],Job vacancy rate,1.7,C
17-Jan,Canada,"Professional, scientific and technical services [54]",Job vacancies,26155,B
17-Jan,Canada,"Professional, scientific and technical services [54]",Payroll employees,885675,A
17-Jan,Canada,"Professional, scientific and technical services [54]",Job vacancy rate,2.9,B
17-Jan,Canada,Management of companies and enterprises [55],Job vacancies,1415,D
17-Jan,Canada,Management of companies and enterprises [55],Payroll employees,96775,B
17-Jan,Canada,Management of companies and enterprises [55],Job vacancy rate,1.4,D
17-Jan,Canada,"Administrative and support, waste management and remediation services [56]",Job vacancies,37795,C
17-Jan,Canada,"Administrative and support, waste management and remediation services [56]",Payroll employees,806750,A
17-Jan,Canada,"Administrative and support, waste management and remediation services [56]",Job vacancy rate,4.5,C
17-Jan,Canada,Educational services [61],Job vacancies,8980,B
17-Jan,Canada,Educational services [61],Payroll employees,1361320,A
17-Jan,Canada,Educational services [61],Job vacancy rate,0.7,B
17-Jan,Canada,Health care and social assistance [62],Job vacancies,36095,B
17-Jan,Canada,Health care and social assistance [62],Payroll employees,1939730,A
17-Jan,Canada,Health care and social assistance [62],Job vacancy rate,1.8,B
17-Jan,Canada,"Arts, entertainment and recreation [71]",Job vacancies,6200,B
17-Jan,Canada,"Arts, entertainment and recreation [71]",Payroll employees,270520,A
17-Jan,Canada,"Arts, entertainment and recreation [71]",Job vacancy rate,2.2,B
17-Jan,Canada,Accommodation and food services [72],Job vacancies,36460,B
17-Jan,Canada,Accommodation and food services [72],Payroll employees,1273230,A
17-Jan,Canada,Accommodation and food services [72],Job vacancy rate,2.8,B
17-Jan,Canada,Other services (except public administration) [81],Job vacancies,14830,B
17-Jan,Canada,Other services (except public administration) [81],Payroll employees,546155,A
17-Jan,Canada,Other services (except public administration) [81],Job vacancy rate,2.6,B
17-Jan,Canada,Public administration [91],Job vacancies,5150,B
17-Jan,Canada,Public administration [91],Payroll employees,495595,A
17-Jan,Canada,Public administration [91],Job vacancy rate,1,B
17-Feb,Canada,"Total, all industries",Job vacancies,360685,A
17-Feb,Canada,"Total, all industries",Payroll employees,15077045,A
17-Feb,Canada,"Total, all industries",Job vacancy rate,2.3,A
17-Feb,Canada,"Agriculture, forestry, fishing and hunting [11]",Job vacancies,8560,C
17-Feb,Canada,"Agriculture, forestry, fishing and hunting [11]",Payroll employees,171910,A
17-Feb,Canada,"Agriculture, forestry, fishing and hunting [11]",Job vacancy rate,4.7,C
17-Feb,Canada,"Mining, quarrying, and oil and gas extraction [21]",Job vacancies,5570,C
17-Feb,Canada,"Mining, quarrying, and oil and gas extraction [21]",Payroll employees,185915,A
17-Feb,Canada,"Mining, quarrying, and oil and gas extraction [21]",Job vacancy rate,2.9,C
17-Feb,Canada,Utilities [22],Job vacancies,1065,D
17-Feb,Canada,Utilities [22],Payroll employees,116880,A
17-Feb,Canada,Utilities [22],Job vacancy rate,0.9,D
17-Feb,Canada,Construction [23],Job vacancies,20135,C
17-Feb,Canada,Construction [23],Payroll employees,873935,A
17-Feb,Canada,Construction [23],Job vacancy rate,2.3,C
17-Feb,Canada,Manufacturing [31-33],Job vacancies,31950,B
17-Feb,Canada,Manufacturing [31-33],Payroll employees,1457995,A
17-Feb,Canada,Manufacturing [31-33],Job vacancy rate,2.1,B
17-Feb,Canada,Wholesale trade [41],Job vacancies,18450,C
17-Feb,Canada,Wholesale trade [41],Payroll employees,765160,A
17-Feb,Canada,Wholesale trade [41],Job vacancy rate,2.4,C
17-Feb,Canada,Retail trade [44-45],Job vacancies,42475,C
17-Feb,Canada,Retail trade [44-45],Payroll employees,1951410,A
17-Feb,Canada,Retail trade [44-45],Job vacancy rate,2.1,C
17-Feb,Canada,Transportation and warehousing [48-49],Job vacancies,17840,C
17-Feb,Canada,Transportation and warehousing [48-49],Payroll employees,729310,A
17-Feb,Canada,Transportation and warehousing [48-49],Job vacancy rate,2.4,C
17-Feb,Canada,Information and cultural industries [51],Job vacancies,8490,B
17-Feb,Canada,Information and cultural industries [51],Payroll employees,360535,A
17-Feb,Canada,Information and cultural industries [51],Job vacancy rate,2.3,B
17-Feb,Canada,Finance and insurance [52],Job vacancies,18470,B
17-Feb,Canada,Finance and insurance [52],Payroll employees,721315,A
17-Feb,Canada,Finance and insurance [52],Job vacancy rate,2.5,B
17-Feb,Canada,Real estate and rental and leasing [53],Job vacancies,4160,C
17-Feb,Canada,Real estate and rental and leasing [53],Payroll employees,289430,A
17-Feb,Canada,Real estate and rental and leasing [53],Job vacancy rate,1.4,C
17-Feb,Canada,"Professional, scientific and technical services [54]",Job vacancies,27095,B
17-Feb,Canada,"Professional, scientific and technical services [54]",Payroll employees,870890,A
17-Feb,Canada,"Professional, scientific and technical services [54]",Job vacancy rate,3,B
17-Feb,Canada,Management of companies and enterprises [55],Job vacancies,905,E
17-Feb,Canada,Management of companies and enterprises [55],Payroll employees,95645,B
17-Feb,Canada,Management of companies and enterprises [55],Job vacancy rate,0.9,E
17-Feb,Canada,"Administrative and support, waste management and remediation services [56]",Job vacancies,29135,C
17-Feb,Canada,"Administrative and support, waste management and remediation services [56]",Payroll employees,763760,A
17-Feb,Canada,"Administrative and support, waste management and remediation services [56]",Job vacancy rate,3.7,C
17-Feb,Canada,Educational services [61],Job vacancies,8155,C
17-Feb,Canada,Educational services [61],Payroll employees,1300540,A
17-Feb,Canada,Educational services [61],Job vacancy rate,0.6,C
17-Feb,Canada,Health care and social assistance [62],Job vacancies,47635,B
17-Feb,Canada,Health care and social assistance [62],Payroll employees,1915760,A
17-Feb,Canada,Health care and social assistance [62],Job vacancy rate,2.4,B
17-Feb,Canada,"Arts, entertainment and recreation [71]",Job vacancies,7225,C
17-Feb,Canada,"Arts, entertainment and recreation [71]",Payroll employees,262340,A
17-Feb,Canada,"Arts, entertainment and recreation [71]",Job vacancy rate,2.7,C
17-Feb,Canada,Accommodation and food services [72],Job vacancies,42260,B
17-Feb,Canada,Accommodation and food services [72],Payroll employees,1235045,A
17-Feb,Canada,Accommodation and food services [72],Job vacancy rate,3.3,B
17-Feb,Canada,Other services (except public administration) [81],Job vacancies,14440,B
17-Feb,Canada,Other services (except public administration) [81],Payroll employees,526050,A
17-Feb,Canada,Other services (except public administration) [81],Job vacancy rate,2.7,B
17-Feb,Canada,Public administration [91],Job vacancies,6680,B
17-Feb,Canada,Public administration [91],Payroll employees,483220,A
17-Feb,Canada,Public administration [91],Job vacancy rate,1.4,B
17-Mar,Canada,"Total, all industries",Job vacancies,438375,A
17-Mar,Canada,"Total, all industries",Payroll employees,15152680,A
17-Mar,Canada,"Total, all industries",Job vacancy rate,2.8,A
17-Mar,Canada,"Agriculture, forestry, fishing and hunting [11]",Job vacancies,12330,C
17-Mar,Canada,"Agriculture, forestry, fishing and hunting [11]",Payroll employees,174835,A
17-Mar,Canada,"Agriculture, forestry, fishing and hunting [11]",Job vacancy rate,6.6,C
17-Mar,Canada,"Mining, quarrying, and oil and gas extraction [21]",Job vacancies,2875,B
17-Mar,Canada,"Mining, quarrying, and oil and gas extraction [21]",Payroll employees,193040,A
17-Mar,Canada,"Mining, quarrying, and oil and gas extraction [21]",Job vacancy rate,1.5,B
17-Mar,Canada,Utilities [22],Job vacancies,1460,D
17-Mar,Canada,Utilities [22],Payroll employees,119935,A
17-Mar,Canada,Utilities [22],Job vacancy rate,1.2,D
17-Mar,Canada,Construction [23],Job vacancies,,F
17-Mar,Canada,Construction [23],Payroll employees,894345,A
17-Mar,Canada,Construction [23],Job vacancy rate,,F
17-Mar,Canada,Manufacturing [31-33],Job vacancies,36895,B
17-Mar,Canada,Manufacturing [31-33],Payroll employees,1464550,A
17-Mar,Canada,Manufacturing [31-33],Job vacancy rate,2.5,B
17-Mar,Canada,Wholesale trade [41],Job vacancies,17800,B
17-Mar,Canada,Wholesale trade [41],Payroll employees,768200,A
17-Mar,Canada,Wholesale trade [41],Job vacancy rate,2.3,B
17-Mar,Canada,Retail trade [44-45],Job vacancies,53685,B
17-Mar,Canada,Retail trade [44-45],Payroll employees,1896085,A
17-Mar,Canada,Retail trade [44-45],Job vacancy rate,2.8,B
17-Mar,Canada,Transportation and warehousing [48-49],Job vacancies,22210,C
17-Mar,Canada,Transportation and warehousing [48-49],Payroll employees,725520,A
17-Mar,Canada,Transportation and warehousing [48-49],Job vacancy rate,3,C
17-Mar,Canada,Information and cultural industries [51],Job vacancies,8790,D
17-Mar,Canada,Information and cultural industries [51],Payroll employees,363405,A
17-Mar,Canada,Information and cultural industries [51],Job vacancy rate,2.4,D
17-Mar,Canada,Finance and insurance [52],Job vacancies,23705,C
17-Mar,Canada,Finance and insurance [52],Payroll employees,721775,A
17-Mar,Canada,Finance and insurance [52],Job vacancy rate,3.2,B
17-Mar,Canada,Real estate and rental and leasing [53],Job vacancies,5280,C
17-Mar,Canada,Real estate and rental and leasing [53],Payroll employees,289140,A
17-Mar,Canada,Real estate and rental and leasing [53],Job vacancy rate,1.8,C
17-Mar,Canada,"Professional, scientific and technical services [54]",Job vacancies,26970,B
17-Mar,Canada,"Professional, scientific and technical services [54]",Payroll employees,875015,A
17-Mar,Canada,"Professional, scientific and technical services [54]",Job vacancy rate,3,B
17-Mar,Canada,Management of companies and enterprises [55],Job vacancies,1850,D
17-Mar,Canada,Management of companies and enterprises [55],Payroll employees,97100,B
17-Mar,Canada,Management of companies and enterprises [55],Job vacancy rate,1.9,D
17-Mar,Canada,"Administrative and support, waste management and remediation services [56]",Job vacancies,34640,C
17-Mar,Canada,"Administrative and support, waste management and remediation services [56]",Payroll employees,765820,A
17-Mar,Canada,"Administrative and support, waste management and remediation services [56]",Job vacancy rate,4.3,C
17-Mar,Canada,Educational services [61],Job vacancies,10005,B
17-Mar,Canada,Educational services [61],Payroll employees,1357615,A
17-Mar,Canada,Educational services [61],Job vacancy rate,0.7,B
17-Mar,Canada,Health care and social assistance [62],Job vacancies,38740,B
17-Mar,Canada,Health care and social assistance [62],Payroll employees,1922345,A
17-Mar,Canada,Health care and social assistance [62],Job vacancy rate,2,B
17-Mar,Canada,"Arts, entertainment and recreation [71]",Job vacancies,12025,D
17-Mar,Canada,"Arts, entertainment and recreation [71]",Payroll employees,267025,A
17-Mar,Canada,"Arts, entertainment and recreation [71]",Job vacancy rate,4.3,D
17-Mar,Canada,Accommodation and food services [72],Job vacancies,59425,B
17-Mar,Canada,Accommodation and food services [72],Payroll employees,1236255,A
17-Mar,Canada,Accommodation and food services [72],Job vacancy rate,4.6,B
17-Mar,Canada,Other services (except public administration) [81],Job vacancies,19585,B
17-Mar,Canada,Other services (except public administration) [81],Payroll employees,527740,A
17-Mar,Canada,Other services (except public administration) [81],Job vacancy rate,3.6,B
17-Mar,Canada,Public administration [91],Job vacancies,13465,B
17-Mar,Canada,Public administration [91],Payroll employees,492940,A
17-Mar,Canada,Public administration [91],Job vacancy rate,2.7,B
17-Apr,Canada,"Total, all industries",Job vacancies,466590,A
17-Apr,Canada,"Total, all industries",Payroll employees,15185420,A
17-Apr,Canada,"Total, all industries",Job vacancy rate,3,A
17-Apr,Canada,"Agriculture, forestry, fishing and hunting [11]",Job vacancies,12900,C
17-Apr,Canada,"Agriculture, forestry, fishing and hunting [11]",Payroll employees,179600,A
17-Apr,Canada,"Agriculture, forestry, fishing and hunting [11]",Job vacancy rate,6.7,C
17-Apr,Canada,"Mining, quarrying, and oil and gas extraction [21]",Job vacancies,4060,C
17-Apr,Canada,"Mining, quarrying, and oil and gas extraction [21]",Payroll employees,193850,A
17-Apr,Canada,"Mining, quarrying, and oil and gas extraction [21]",Job vacancy rate,2.1,C
17-Apr,Canada,Utilities [22],Job vacancies,1115,D
17-Apr,Canada,Utilities [22],Payroll employees,117650,A
17-Apr,Canada,Utilities [22],Job vacancy rate,0.9,D
17-Apr,Canada,Construction [23],Job vacancies,32135,B
17-Apr,Canada,Construction [23],Payroll employees,901620,A
17-Apr,Canada,Construction [23],Job vacancy rate,3.4,B
17-Apr,Canada,Manufacturing [31-33],Job vacancies,40625,A
17-Apr,Canada,Manufacturing [31-33],Payroll employees,1473925,A
17-Apr,Canada,Manufacturing [31-33],Job vacancy rate,2.7,A
17-Apr,Canada,Wholesale trade [41],Job vacancies,17430,B
17-Apr,Canada,Wholesale trade [41],Payroll employees,762345,A
17-Apr,Canada,Wholesale trade [41],Job vacancy rate,2.2,B
17-Apr,Canada,Retail trade [44-45],Job vacancies,60785,B
17-Apr,Canada,Retail trade [44-45],Payroll employees,1897715,A
17-Apr,Canada,Retail trade [44-45],Job vacancy rate,3.1,A
17-Apr,Canada,Transportation and warehousing [48-49],Job vacancies,22865,B
17-Apr,Canada,Transportation and warehousing [48-49],Payroll employees,720315,A
17-Apr,Canada,Transportation and warehousing [48-49],Job vacancy rate,3.1,B
17-Apr,Canada,Information and cultural industries [51],Job vacancies,11960,C
17-Apr,Canada,Information and cultural industries [51],Payroll employees,363755,A
17-Apr,Canada,Information and cultural industries [51],Job vacancy rate,3.2,C
17-Apr,Canada,Finance and insurance [52],Job vacancies,18565,B
17-Apr,Canada,Finance and insurance [52],Payroll employees,719420,A
17-Apr,Canada,Finance and insurance [52],Job vacancy rate,2.5,B
17-Apr,Canada,Real estate and rental and leasing [53],Job vacancies,7180,C
17-Apr,Canada,Real estate and rental and leasing [53],Payroll employees,284360,A
17-Apr,Canada,Real estate and rental and leasing [53],Job vacancy rate,2.5,C
17-Apr,Canada,"Professional, scientific and technical services [54]",Job vacancies,25400,B
17-Apr,Canada,"Professional, scientific and technical services [54]",Payroll employees,876590,A
17-Apr,Canada,"Professional, scientific and technical services [54]",Job vacancy rate,2.8,B
17-Apr,Canada,Management of companies and enterprises [55],Job vacancies,2100,D
17-Apr,Canada,Management of companies and enterprises [55],Payroll employees,94935,B
17-Apr,Canada,Management of companies and enterprises [55],Job vacancy rate,2.2,D
17-Apr,Canada,"Administrative and support, waste management and remediation services [56]",Job vacancies,41465,B
17-Apr,Canada,"Administrative and support, waste management and remediation services [56]",Payroll employees,769405,A
17-Apr,Canada,"Administrative and support, waste management and remediation services [56]",Job vacancy rate,5.1,B
17-Apr,Canada,Educational services [61],Job vacancies,10085,B
17-Apr,Canada,Educational services [61],Payroll employees,1368780,A
17-Apr,Canada,Educational services [61],Job vacancy rate,0.7,B
17-Apr,Canada,Health care and social assistance [62],Job vacancies,44455,B
17-Apr,Canada,Health care and social assistance [62],Payroll employees,1927830,A
17-Apr,Canada,Health care and social assistance [62],Job vacancy rate,2.3,B
17-Apr,Canada,"Arts, entertainment and recreation [71]",Job vacancies,17815,C
17-Apr,Canada,"Arts, entertainment and recreation [71]",Payroll employees,268235,A
17-Apr,Canada,"Arts, entertainment and recreation [71]",Job vacancy rate,6.2,B
17-Apr,Canada,Accommodation and food services [72],Job vacancies,65215,B
17-Apr,Canada,Accommodation and food services [72],Payroll employees,1248970,A
17-Apr,Canada,Accommodation and food services [72],Job vacancy rate,5,B
17-Apr,Canada,Other services (except public administration) [81],Job vacancies,20870,B
17-Apr,Canada,Other services (except public administration) [81],Payroll employees,528445,A
17-Apr,Canada,Other services (except public administration) [81],Job vacancy rate,3.8,B
17-Apr,Canada,Public administration [91],Job vacancies,9565,B
17-Apr,Canada,Public administration [91],Payroll employees,487670,A
17-Apr,Canada,Public administration [91],Job vacancy rate,1.9,B
17-May,Canada,"Total, all industries",Job vacancies,466515,A
17-May,Canada,"Total, all industries",Payroll employees,15283925,A
17-May,Canada,"Total, all industries",Job vacancy rate,3,A
17-May,Canada,"Agriculture, forestry, fishing and hunting [11]",Job vacancies,12840,D
17-May,Canada,"Agriculture, forestry, fishing and hunting [11]",Payroll employees,196170,A
17-May,Canada,"Agriculture, forestry, fishing and hunting [11]",Job vacancy rate,6.1,D
17-May,Canada,"Mining, quarrying, and oil and gas extraction [21]",Job vacancies,4255,C
17-May,Canada,"Mining, quarrying, and oil and gas extraction [21]",Payroll employees,194150,A
17-May,Canada,"Mining, quarrying, and oil and gas extraction [21]",Job vacancy rate,2.1,C
17-May,Canada,Utilities [22],Job vacancies,1295,D
17-May,Canada,Utilities [22],Payroll employees,117940,A
17-May,Canada,Utilities [22],Job vacancy rate,1.1,D
17-May,Canada,Construction [23],Job vacancies,32360,B
17-May,Canada,Construction [23],Payroll employees,925795,A
17-May,Canada,Construction [23],Job vacancy rate,3.4,B
17-May,Canada,Manufacturing [31-33],Job vacancies,37480,B
17-May,Canada,Manufacturing [31-33],Payroll employees,1480170,A
17-May,Canada,Manufacturing [31-33],Job vacancy rate,2.5,A
17-May,Canada,Wholesale trade [41],Job vacancies,19315,B
17-May,Canada,Wholesale trade [41],Payroll employees,766810,A
17-May,Canada,Wholesale trade [41],Job vacancy rate,2.5,B
17-May,Canada,Retail trade [44-45],Job vacancies,55805,A
17-May,Canada,Retail trade [44-45],Payroll employees,1914120,A
17-May,Canada,Retail trade [44-45],Job vacancy rate,2.8,A
17-May,Canada,Transportation and warehousing [48-49],Job vacancies,19985,B
17-May,Canada,Transportation and warehousing [48-49],Payroll employees,725175,A
17-May,Canada,Transportation and warehousing [48-49],Job vacancy rate,2.7,B
17-May,Canada,Information and cultural industries [51],Job vacancies,10825,B
17-May,Canada,Information and cultural industries [51],Payroll employees,360140,A
17-May,Canada,Information and cultural industries [51],Job vacancy rate,2.9,B
17-May,Canada,Finance and insurance [52],Job vacancies,22680,B
17-May,Canada,Finance and insurance [52],Payroll employees,718005,A
17-May,Canada,Finance and insurance [52],Job vacancy rate,3.1,B
17-May,Canada,Real estate and rental and leasing [53],Job vacancies,8770,C
17-May,Canada,Real estate and rental and leasing [53],Payroll employees,285095,A
17-May,Canada,Real estate and rental and leasing [53],Job vacancy rate,3,C
17-May,Canada,"Professional, scientific and technical services [54]",Job vacancies,31750,B
17-May,Canada,"Professional, scientific and technical services [54]",Payroll employees,878810,A
17-May,Canada,"Professional, scientific and technical services [54]",Job vacancy rate,3.5,B
17-May,Canada,Management of companies and enterprises [55],Job vacancies,1490,D
17-May,Canada,Management of companies and enterprises [55],Payroll employees,95795,B
17-May,Canada,Management of companies and enterprises [55],Job vacancy rate,1.5,C
17-May,Canada,"Administrative and support, waste management and remediation services [56]",Job vacancies,35655,B
17-May,Canada,"Administrative and support, waste management and remediation services [56]",Payroll employees,783140,A
17-May,Canada,"Administrative and support, waste management and remediation services [56]",Job vacancy rate,4.4,B
17-May,Canada,Educational services [61],Job vacancies,11915,C
17-May,Canada,Educational services [61],Payroll employees,1372710,A
17-May,Canada,Educational services [61],Job vacancy rate,0.9,C
17-May,Canada,Health care and social assistance [62],Job vacancies,50030,A
17-May,Canada,Health care and social assistance [62],Payroll employees,1924170,A
17-May,Canada,Health care and social assistance [62],Job vacancy rate,2.5,A
17-May,Canada,"Arts, entertainment and recreation [71]",Job vacancies,12880,C
17-May,Canada,"Arts, entertainment and recreation [71]",Payroll employees,271740,A
17-May,Canada,"Arts, entertainment and recreation [71]",Job vacancy rate,4.5,B
17-May,Canada,Accommodation and food services [72],Job vacancies,67685,B
17-May,Canada,Accommodation and food services [72],Payroll employees,1257835,A
17-May,Canada,Accommodation and food services [72],Job vacancy rate,5.1,B
17-May,Canada,Other services (except public administration) [81],Job vacancies,21200,B
17-May,Canada,Other services (except public administration) [81],Payroll employees,533295,A
17-May,Canada,Other services (except public administration) [81],Job vacancy rate,3.8,B
17-May,Canada,Public administration [91],Job vacancies,8305,B
17-May,Canada,Public administration [91],Payroll employees,482855,A
17-May,Canada,Public administration [91],Job vacancy rate,1.7,B
17-Jun,Canada,"Total, all industries",Job vacancies,438060,A
17-Jun,Canada,"Total, all industries",Payroll employees,15600270,A
17-Jun,Canada,"Total, all industries",Job vacancy rate,2.7,A
17-Jun,Canada,"Agriculture, forestry, fishing and hunting [11]",Job vacancies,11355,C
17-Jun,Canada,"Agriculture, forestry, fishing and hunting [11]",Payroll employees,222265,A
17-Jun,Canada,"Agriculture, forestry, fishing and hunting [11]",Job vacancy rate,4.9,C
17-Jun,Canada,"Mining, quarrying, and oil and gas extraction [21]",Job vacancies,3875,C
17-Jun,Canada,"Mining, quarrying, and oil and gas extraction [21]",Payroll employees,196230,A
17-Jun,Canada,"Mining, quarrying, and oil and gas extraction [21]",Job vacancy rate,1.9,C
17-Jun,Canada,Utilities [22],Job vacancies,1635,D
17-Jun,Canada,Utilities [22],Payroll employees,120380,B
17-Jun,Canada,Utilities [22],Job vacancy rate,1.3,D
17-Jun,Canada,Construction [23],Job vacancies,29020,B
17-Jun,Canada,Construction [23],Payroll employees,996310,A
17-Jun,Canada,Construction [23],Job vacancy rate,2.8,B
17-Jun,Canada,Manufacturing [31-33],Job vacancies,36720,B
17-Jun,Canada,Manufacturing [31-33],Payroll employees,1519725,A
17-Jun,Canada,Manufacturing [31-33],Job vacancy rate,2.4,A
17-Jun,Canada,Wholesale trade [41],Job vacancies,17795,B
17-Jun,Canada,Wholesale trade [41],Payroll employees,780190,A
17-Jun,Canada,Wholesale trade [41],Job vacancy rate,2.2,B
17-Jun,Canada,Retail trade [44-45],Job vacancies,50425,A
17-Jun,Canada,Retail trade [44-45],Payroll employees,1944120,A
17-Jun,Canada,Retail trade [44-45],Job vacancy rate,2.5,A
17-Jun,Canada,Transportation and warehousing [48-49],Job vacancies,22485,B
17-Jun,Canada,Transportation and warehousing [48-49],Payroll employees,734750,A
17-Jun,Canada,Transportation and warehousing [48-49],Job vacancy rate,3,B
17-Jun,Canada,Information and cultural industries [51],Job vacancies,10285,C
17-Jun,Canada,Information and cultural industries [51],Payroll employees,361300,A
17-Jun,Canada,Information and cultural industries [51],Job vacancy rate,2.8,C
17-Jun,Canada,Finance and insurance [52],Job vacancies,29135,B
17-Jun,Canada,Finance and insurance [52],Payroll employees,727190,A
17-Jun,Canada,Finance and insurance [52],Job vacancy rate,3.9,B
17-Jun,Canada,Real estate and rental and leasing [53],Job vacancies,5975,C
17-Jun,Canada,Real estate and rental and leasing [53],Payroll employees,291775,A
17-Jun,Canada,Real estate and rental and leasing [53],Job vacancy rate,2,C
17-Jun,Canada,"Professional, scientific and technical services [54]",Job vacancies,25305,B
17-Jun,Canada,"Professional, scientific and technical services [54]",Payroll employees,893490,A
17-Jun,Canada,"Professional, scientific and technical services [54]",Job vacancy rate,2.8,B
17-Jun,Canada,Management of companies and enterprises [55],Job vacancies,1605,D
17-Jun,Canada,Management of companies and enterprises [55],Payroll employees,97460,B
17-Jun,Canada,Management of companies and enterprises [55],Job vacancy rate,1.6,D
17-Jun,Canada,"Administrative and support, waste management and remediation services [56]",Job vacancies,28515,B
17-Jun,Canada,"Administrative and support, waste management and remediation services [56]",Payroll employees,813195,A
17-Jun,Canada,"Administrative and support, waste management and remediation services [56]",Job vacancy rate,3.4,B
17-Jun,Canada,Educational services [61],Job vacancies,12290,B
17-Jun,Canada,Educational services [61],Payroll employees,1319090,A
17-Jun,Canada,Educational services [61],Job vacancy rate,0.9,B
17-Jun,Canada,Health care and social assistance [62],Job vacancies,46695,A
17-Jun,Canada,Health care and social assistance [62],Payroll employees,1937740,A
17-Jun,Canada,Health care and social assistance [62],Job vacancy rate,2.4,A
17-Jun,Canada,"Arts, entertainment and recreation [71]",Job vacancies,10330,C
17-Jun,Canada,"Arts, entertainment and recreation [71]",Payroll employees,295975,A
17-Jun,Canada,"Arts, entertainment and recreation [71]",Job vacancy rate,3.4,B
17-Jun,Canada,Accommodation and food services [72],Job vacancies,67030,B
17-Jun,Canada,Accommodation and food services [72],Payroll employees,1303665,A
17-Jun,Canada,Accommodation and food services [72],Job vacancy rate,4.9,B
17-Jun,Canada,Other services (except public administration) [81],Job vacancies,19195,B
17-Jun,Canada,Other services (except public administration) [81],Payroll employees,541115,A
17-Jun,Canada,Other services (except public administration) [81],Job vacancy rate,3.4,B
17-Jun,Canada,Public administration [91],Job vacancies,8375,B
17-Jun,Canada,Public administration [91],Payroll employees,504305,A
17-Jun,Canada,Public administration [91],Job vacancy rate,1.6,B
17-Jul,Canada,"Total, all industries",Job vacancies,434595,A
17-Jul,Canada,"Total, all industries",Payroll employees,15953250,A
17-Jul,Canada,"Total, all industries",Job vacancy rate,2.7,A
17-Jul,Canada,"Agriculture, forestry, fishing and hunting [11]",Job vacancies,14795,C
17-Jul,Canada,"Agriculture, forestry, fishing and hunting [11]",Payroll employees,245270,A
17-Jul,Canada,"Agriculture, forestry, fishing and hunting [11]",Job vacancy rate,5.7,C
17-Jul,Canada,"Mining, quarrying, and oil and gas extraction [21]",Job vacancies,5040,C
17-Jul,Canada,"Mining, quarrying, and oil and gas extraction [21]",Payroll employees,201075,A
17-Jul,Canada,"Mining, quarrying, and oil and gas extraction [21]",Job vacancy rate,2.4,C
17-Jul,Canada,Utilities [22],Job vacancies,1385,D
17-Jul,Canada,Utilities [22],Payroll employees,121355,A
17-Jul,Canada,Utilities [22],Job vacancy rate,1.1,D
17-Jul,Canada,Construction [23],Job vacancies,32375,B
17-Jul,Canada,Construction [23],Payroll employees,1051340,A
17-Jul,Canada,Construction [23],Job vacancy rate,3,B
17-Jul,Canada,Manufacturing [31-33],Job vacancies,42835,B
17-Jul,Canada,Manufacturing [31-33],Payroll employees,1550045,A
17-Jul,Canada,Manufacturing [31-33],Job vacancy rate,2.7,B
17-Jul,Canada,Wholesale trade [41],Job vacancies,18680,B
17-Jul,Canada,Wholesale trade [41],Payroll employees,791615,A
17-Jul,Canada,Wholesale trade [41],Job vacancy rate,2.3,B
17-Jul,Canada,Retail trade [44-45],Job vacancies,48405,B
17-Jul,Canada,Retail trade [44-45],Payroll employees,1984630,A
17-Jul,Canada,Retail trade [44-45],Job vacancy rate,2.4,B
17-Jul,Canada,Transportation and warehousing [48-49],Job vacancies,25420,B
17-Jul,Canada,Transportation and warehousing [48-49],Payroll employees,748900,A
17-Jul,Canada,Transportation and warehousing [48-49],Job vacancy rate,3.3,B
17-Jul,Canada,Information and cultural industries [51],Job vacancies,8545,C
17-Jul,Canada,Information and cultural industries [51],Payroll employees,361695,A
17-Jul,Canada,Information and cultural industries [51],Job vacancy rate,2.3,B
17-Jul,Canada,Finance and insurance [52],Job vacancies,20100,B
17-Jul,Canada,Finance and insurance [52],Payroll employees,727960,A
17-Jul,Canada,Finance and insurance [52],Job vacancy rate,2.7,B
17-Jul,Canada,Real estate and rental and leasing [53],Job vacancies,8105,C
17-Jul,Canada,Real estate and rental and leasing [53],Payroll employees,301410,A
17-Jul,Canada,Real estate and rental and leasing [53],Job vacancy rate,2.6,C
17-Jul,Canada,"Professional, scientific and technical services [54]",Job vacancies,24895,B
17-Jul,Canada,"Professional, scientific and technical services [54]",Payroll employees,901790,A
17-Jul,Canada,"Professional, scientific and technical services [54]",Job vacancy rate,2.7,B
17-Jul,Canada,Management of companies and enterprises [55],Job vacancies,1700,D
17-Jul,Canada,Management of companies and enterprises [55],Payroll employees,100235,B
17-Jul,Canada,Management of companies and enterprises [55],Job vacancy rate,1.7,D
17-Jul,Canada,"Administrative and support, waste management and remediation services [56]",Job vacancies,34695,B
17-Jul,Canada,"Administrative and support, waste management and remediation services [56]",Payroll employees,835540,A
17-Jul,Canada,"Administrative and support, waste management and remediation services [56]",Job vacancy rate,4,B
17-Jul,Canada,Educational services [61],Job vacancies,12415,B
17-Jul,Canada,Educational services [61],Payroll employees,1312345,A
17-Jul,Canada,Educational services [61],Job vacancy rate,0.9,B
17-Jul,Canada,Health care and social assistance [62],Job vacancies,40680,B
17-Jul,Canada,Health care and social assistance [62],Payroll employees,1961030,A
17-Jul,Canada,Health care and social assistance [62],Job vacancy rate,2,B
17-Jul,Canada,"Arts, entertainment and recreation [71]",Job vacancies,8205,C
17-Jul,Canada,"Arts, entertainment and recreation [71]",Payroll employees,321780,A
17-Jul,Canada,"Arts, entertainment and recreation [71]",Job vacancy rate,2.5,C
17-Jul,Canada,Accommodation and food services [72],Job vacancies,59320,A
17-Jul,Canada,Accommodation and food services [72],Payroll employees,1355930,A
17-Jul,Canada,Accommodation and food services [72],Job vacancy rate,4.2,A
17-Jul,Canada,Other services (except public administration) [81],Job vacancies,21570,B
17-Jul,Canada,Other services (except public administration) [81],Payroll employees,551525,A
17-Jul,Canada,Other services (except public administration) [81],Job vacancy rate,3.8,B
17-Jul,Canada,Public administration [91],Job vacancies,5435,B
17-Jul,Canada,Public administration [91],Payroll employees,527785,A
17-Jul,Canada,Public administration [91],Job vacancy rate,1,B
17-Aug,Canada,"Total, all industries",Job vacancies,447225,A
17-Aug,Canada,"Total, all industries",Payroll employees,15688615,A
17-Aug,Canada,"Total, all industries",Job vacancy rate,2.8,A
17-Aug,Canada,"Agriculture, forestry, fishing and hunting [11]",Job vacancies,10175,D
17-Aug,Canada,"Agriculture, forestry, fishing and hunting [11]",Payroll employees,253470,A
17-Aug,Canada,"Agriculture, forestry, fishing and hunting [11]",Job vacancy rate,3.9,D
17-Aug,Canada,"Mining, quarrying, and oil and gas extraction [21]",Job vacancies,4370,C
17-Aug,Canada,"Mining, quarrying, and oil and gas extraction [21]",Payroll employees,201830,A
17-Aug,Canada,"Mining, quarrying, and oil and gas extraction [21]",Job vacancy rate,2.1,C
17-Aug,Canada,Utilities [22],Job vacancies,1625,C
17-Aug,Canada,Utilities [22],Payroll employees,120715,A
17-Aug,Canada,Utilities [22],Job vacancy rate,1.3,C
17-Aug,Canada,Construction [23],Job vacancies,34735,B
17-Aug,Canada,Construction [23],Payroll employees,1057480,A
17-Aug,Canada,Construction [23],Job vacancy rate,3.2,B
17-Aug,Canada,Manufacturing [31-33],Job vacancies,40455,A
17-Aug,Canada,Manufacturing [31-33],Payroll employees,1543810,A
17-Aug,Canada,Manufacturing [31-33],Job vacancy rate,2.6,A
17-Aug,Canada,Wholesale trade [41],Job vacancies,21225,B
17-Aug,Canada,Wholesale trade [41],Payroll employees,792920,A
17-Aug,Canada,Wholesale trade [41],Job vacancy rate,2.6,B
17-Aug,Canada,Retail trade [44-45],Job vacancies,51230,B
17-Aug,Canada,Retail trade [44-45],Payroll employees,1990255,A
17-Aug,Canada,Retail trade [44-45],Job vacancy rate,2.5,B
17-Aug,Canada,Transportation and warehousing [48-49],Job vacancies,24150,B
17-Aug,Canada,Transportation and warehousing [48-49],Payroll employees,740005,A
17-Aug,Canada,Transportation and warehousing [48-49],Job vacancy rate,3.2,B
17-Aug,Canada,Information and cultural industries [51],Job vacancies,11390,B
17-Aug,Canada,Information and cultural industries [51],Payroll employees,363505,A
17-Aug,Canada,Information and cultural industries [51],Job vacancy rate,3,B
17-Aug,Canada,Finance and insurance [52],Job vacancies,19940,B
17-Aug,Canada,Finance and insurance [52],Payroll employees,728455,A
17-Aug,Canada,Finance and insurance [52],Job vacancy rate,2.7,B
17-Aug,Canada,Real estate and rental and leasing [53],Job vacancies,6120,C
17-Aug,Canada,Real estate and rental and leasing [53],Payroll employees,300790,A
17-Aug,Canada,Real estate and rental and leasing [53],Job vacancy rate,2,C
17-Aug,Canada,"Professional, scientific and technical services [54]",Job vacancies,31145,B
17-Aug,Canada,"Professional, scientific and technical services [54]",Payroll employees,897085,A
17-Aug,Canada,"Professional, scientific and technical services [54]",Job vacancy rate,3.4,B
17-Aug,Canada,Management of companies and enterprises [55],Job vacancies,1295,D
17-Aug,Canada,Management of companies and enterprises [55],Payroll employees,96190,B
17-Aug,Canada,Management of companies and enterprises [55],Job vacancy rate,1.3,D
17-Aug,Canada,"Administrative and support, waste management and remediation services [56]",Job vacancies,32675,B
17-Aug,Canada,"Administrative and support, waste management and remediation services [56]",Payroll employees,832885,A
17-Aug,Canada,"Administrative and support, waste management and remediation services [56]",Job vacancy rate,3.8,B
17-Aug,Canada,Educational services [61],Job vacancies,10305,C
17-Aug,Canada,Educational services [61],Payroll employees,1020640,A
17-Aug,Canada,Educational services [61],Job vacancy rate,1,C
17-Aug,Canada,Health care and social assistance [62],Job vacancies,51720,A
17-Aug,Canada,Health care and social assistance [62],Payroll employees,1969990,A
17-Aug,Canada,Health care and social assistance [62],Job vacancy rate,2.6,A
17-Aug,Canada,"Arts, entertainment and recreation [71]",Job vacancies,6750,C
17-Aug,Canada,"Arts, entertainment and recreation [71]",Payroll employees,336525,A
17-Aug,Canada,"Arts, entertainment and recreation [71]",Job vacancy rate,2,C
17-Aug,Canada,Accommodation and food services [72],Job vacancies,62745,A
17-Aug,Canada,Accommodation and food services [72],Payroll employees,1354225,A
17-Aug,Canada,Accommodation and food services [72],Job vacancy rate,4.4,A
17-Aug,Canada,Other services (except public administration) [81],Job vacancies,18905,B
17-Aug,Canada,Other services (except public administration) [81],Payroll employees,553315,A
17-Aug,Canada,Other services (except public administration) [81],Job vacancy rate,3.3,B
17-Aug,Canada,Public administration [91],Job vacancies,6270,B
17-Aug,Canada,Public administration [91],Payroll employees,534520,A
17-Aug,Canada,Public administration [91],Job vacancy rate,1.2,B
17-Sep,Canada,"Total, all industries",Job vacancies,518780,A
17-Sep,Canada,"Total, all industries",Payroll employees,15547140,A
17-Sep,Canada,"Total, all industries",Job vacancy rate,3.2,A
17-Sep,Canada,"Agriculture, forestry, fishing and hunting [11]",Job vacancies,9355,C
17-Sep,Canada,"Agriculture, forestry, fishing and hunting [11]",Payroll employees,256515,A
17-Sep,Canada,"Agriculture, forestry, fishing and hunting [11]",Job vacancy rate,3.5,C
17-Sep,Canada,"Mining, quarrying, and oil and gas extraction [21]",Job vacancies,5455,C
17-Sep,Canada,"Mining, quarrying, and oil and gas extraction [21]",Payroll employees,204840,A
17-Sep,Canada,"Mining, quarrying, and oil and gas extraction [21]",Job vacancy rate,2.6,C
17-Sep,Canada,Utilities [22],Job vacancies,1240,D
17-Sep,Canada,Utilities [22],Payroll employees,121405,A
17-Sep,Canada,Utilities [22],Job vacancy rate,1,D
17-Sep,Canada,Construction [23],Job vacancies,31345,B
17-Sep,Canada,Construction [23],Payroll employees,1075415,A
17-Sep,Canada,Construction [23],Job vacancy rate,2.8,B
17-Sep,Canada,Manufacturing [31-33],Job vacancies,42825,A
17-Sep,Canada,Manufacturing [31-33],Payroll employees,1538755,A
17-Sep,Canada,Manufacturing [31-33],Job vacancy rate,2.7,A
17-Sep,Canada,Wholesale trade [41],Job vacancies,22560,B
17-Sep,Canada,Wholesale trade [41],Payroll employees,796335,A
17-Sep,Canada,Wholesale trade [41],Job vacancy rate,2.8,B
17-Sep,Canada,Retail trade [44-45],Job vacancies,75650,B
17-Sep,Canada,Retail trade [44-45],Payroll employees,1982070,A
17-Sep,Canada,Retail trade [44-45],Job vacancy rate,3.7,B
17-Sep,Canada,Transportation and warehousing [48-49],Job vacancies,32345,C
17-Sep,Canada,Transportation and warehousing [48-49],Payroll employees,729310,A
17-Sep,Canada,Transportation and warehousing [48-49],Job vacancy rate,4.2,C
17-Sep,Canada,Information and cultural industries [51],Job vacancies,11675,C
17-Sep,Canada,Information and cultural industries [51],Payroll employees,360585,B
17-Sep,Canada,Information and cultural industries [51],Job vacancy rate,3.1,C
17-Sep,Canada,Finance and insurance [52],Job vacancies,26815,B
17-Sep,Canada,Finance and insurance [52],Payroll employees,728560,A
17-Sep,Canada,Finance and insurance [52],Job vacancy rate,3.5,B
17-Sep,Canada,Real estate and rental and leasing [53],Job vacancies,7150,C
17-Sep,Canada,Real estate and rental and leasing [53],Payroll employees,300675,A
17-Sep,Canada,Real estate and rental and leasing [53],Job vacancy rate,2.3,B
17-Sep,Canada,"Professional, scientific and technical services [54]",Job vacancies,27650,C
17-Sep,Canada,"Professional, scientific and technical services [54]",Payroll employees,898115,A
17-Sep,Canada,"Professional, scientific and technical services [54]",Job vacancy rate,3,B
17-Sep,Canada,Management of companies and enterprises [55],Job vacancies,1690,D
17-Sep,Canada,Management of companies and enterprises [55],Payroll employees,95075,B
17-Sep,Canada,Management of companies and enterprises [55],Job vacancy rate,1.7,D
17-Sep,Canada,"Administrative and support, waste management and remediation services [56]",Job vacancies,36505,B
17-Sep,Canada,"Administrative and support, waste management and remediation services [56]",Payroll employees,835315,A
17-Sep,Canada,"Administrative and support, waste management and remediation services [56]",Job vacancy rate,4.2,B
17-Sep,Canada,Educational services [61],Job vacancies,13600,B
17-Sep,Canada,Educational services [61],Payroll employees,886215,A
17-Sep,Canada,Educational services [61],Job vacancy rate,1.5,B
17-Sep,Canada,Health care and social assistance [62],Job vacancies,48845,B
17-Sep,Canada,Health care and social assistance [62],Payroll employees,1971305,A
17-Sep,Canada,Health care and social assistance [62],Job vacancy rate,2.4,B
17-Sep,Canada,"Arts, entertainment and recreation [71]",Job vacancies,10890,D
17-Sep,Canada,"Arts, entertainment and recreation [71]",Payroll employees,331630,A
17-Sep,Canada,"Arts, entertainment and recreation [71]",Job vacancy rate,3.2,C
17-Sep,Canada,Accommodation and food services [72],Job vacancies,84450,B
17-Sep,Canada,Accommodation and food services [72],Payroll employees,1355145,A
17-Sep,Canada,Accommodation and food services [72],Job vacancy rate,5.9,B
17-Sep,Canada,Other services (except public administration) [81],Job vacancies,21130,B
17-Sep,Canada,Other services (except public administration) [81],Payroll employees,549245,A
17-Sep,Canada,Other services (except public administration) [81],Job vacancy rate,3.7,B
17-Sep,Canada,Public administration [91],Job vacancies,7600,B
17-Sep,Canada,Public administration [91],Payroll employees,530630,A
17-Sep,Canada,Public administration [91],Job vacancy rate,1.4,B
17-Oct,Canada,"Total, all industries",Job vacancies,484955,A
17-Oct,Canada,"Total, all industries",Payroll employees,15900245,A
17-Oct,Canada,"Total, all industries",Job vacancy rate,3,A
17-Oct,Canada,"Agriculture, forestry, fishing and hunting [11]",Job vacancies,10075,C
17-Oct,Canada,"Agriculture, forestry, fishing and hunting [11]",Payroll employees,249955,A
17-Oct,Canada,"Agriculture, forestry, fishing and hunting [11]",Job vacancy rate,3.9,C
17-Oct,Canada,"Mining, quarrying, and oil and gas extraction [21]",Job vacancies,4515,D
17-Oct,Canada,"Mining, quarrying, and oil and gas extraction [21]",Payroll employees,205255,A
17-Oct,Canada,"Mining, quarrying, and oil and gas extraction [21]",Job vacancy rate,2.2,C
17-Oct,Canada,Utilities [22],Job vacancies,910,D
17-Oct,Canada,Utilities [22],Payroll employees,122105,A
17-Oct,Canada,Utilities [22],Job vacancy rate,0.7,D
17-Oct,Canada,Construction [23],Job vacancies,30955,B
17-Oct,Canada,Construction [23],Payroll employees,1083435,A
17-Oct,Canada,Construction [23],Job vacancy rate,2.8,B
17-Oct,Canada,Manufacturing [31-33],Job vacancies,44060,A
17-Oct,Canada,Manufacturing [31-33],Payroll employees,1540670,A
17-Oct,Canada,Manufacturing [31-33],Job vacancy rate,2.8,A
17-Oct,Canada,Wholesale trade [41],Job vacancies,21625,B
17-Oct,Canada,Wholesale trade [41],Payroll employees,787160,A
17-Oct,Canada,Wholesale trade [41],Job vacancy rate,2.7,B
17-Oct,Canada,Retail trade [44-45],Job vacancies,76945,B
17-Oct,Canada,Retail trade [44-45],Payroll employees,1986590,A
17-Oct,Canada,Retail trade [44-45],Job vacancy rate,3.7,B
17-Oct,Canada,Transportation and warehousing [48-49],Job vacancies,24490,B
17-Oct,Canada,Transportation and warehousing [48-49],Payroll employees,750225,A
17-Oct,Canada,Transportation and warehousing [48-49],Job vacancy rate,3.2,B
17-Oct,Canada,Information and cultural industries [51],Job vacancies,12720,B
17-Oct,Canada,Information and cultural industries [51],Payroll employees,360410,A
17-Oct,Canada,Information and cultural industries [51],Job vacancy rate,3.4,B
17-Oct,Canada,Finance and insurance [52],Job vacancies,21010,B
17-Oct,Canada,Finance and insurance [52],Payroll employees,726285,A
17-Oct,Canada,Finance and insurance [52],Job vacancy rate,2.8,B
17-Oct,Canada,Real estate and rental and leasing [53],Job vacancies,8820,C
17-Oct,Canada,Real estate and rental and leasing [53],Payroll employees,304080,A
17-Oct,Canada,Real estate and rental and leasing [53],Job vacancy rate,2.8,C
17-Oct,Canada,"Professional, scientific and technical services [54]",Job vacancies,27315,B
17-Oct,Canada,"Professional, scientific and technical services [54]",Payroll employees,898800,A
17-Oct,Canada,"Professional, scientific and technical services [54]",Job vacancy rate,2.9,B
17-Oct,Canada,Management of companies and enterprises [55],Job vacancies,1500,D
17-Oct,Canada,Management of companies and enterprises [55],Payroll employees,95850,B
17-Oct,Canada,Management of companies and enterprises [55],Job vacancy rate,1.5,D
17-Oct,Canada,"Administrative and support, waste management and remediation services [56]",Job vacancies,41480,B
17-Oct,Canada,"Administrative and support, waste management and remediation services [56]",Payroll employees,829510,A
17-Oct,Canada,"Administrative and support, waste management and remediation services [56]",Job vacancy rate,4.8,B
17-Oct,Canada,Educational services [61],Job vacancies,11545,B
17-Oct,Canada,Educational services [61],Payroll employees,1242500,A
17-Oct,Canada,Educational services [61],Job vacancy rate,0.9,B
17-Oct,Canada,Health care and social assistance [62],Job vacancies,42800,A
17-Oct,Canada,Health care and social assistance [62],Payroll employees,1971145,A
17-Oct,Canada,Health care and social assistance [62],Job vacancy rate,2.1,A
17-Oct,Canada,"Arts, entertainment and recreation [71]",Job vacancies,8305,B
17-Oct,Canada,"Arts, entertainment and recreation [71]",Payroll employees,319940,A
17-Oct,Canada,"Arts, entertainment and recreation [71]",Job vacancy rate,2.5,B
17-Oct,Canada,Accommodation and food services [72],Job vacancies,65910,B
17-Oct,Canada,Accommodation and food services [72],Payroll employees,1357230,A
17-Oct,Canada,Accommodation and food services [72],Job vacancy rate,4.6,B
17-Oct,Canada,Other services (except public administration) [81],Job vacancies,23040,B
17-Oct,Canada,Other services (except public administration) [81],Payroll employees,551990,A
17-Oct,Canada,Other services (except public administration) [81],Job vacancy rate,4,B
17-Oct,Canada,Public administration [91],Job vacancies,6950,C
17-Oct,Canada,Public administration [91],Payroll employees,517115,A
17-Oct,Canada,Public administration [91],Job vacancy rate,1.3,C
17-Nov,Canada,"Total, all industries",Job vacancies,493215,A
17-Nov,Canada,"Total, all industries",Payroll employees,15872120,A
17-Nov,Canada,"Total, all industries",Job vacancy rate,3,A
17-Nov,Canada,"Agriculture, forestry, fishing and hunting [11]",Job vacancies,9930,C
17-Nov,Canada,"Agriculture, forestry, fishing and hunting [11]",Payroll employees,234190,A
17-Nov,Canada,"Agriculture, forestry, fishing and hunting [11]",Job vacancy rate,4.1,C
17-Nov,Canada,"Mining, quarrying, and oil and gas extraction [21]",Job vacancies,5730,D
17-Nov,Canada,"Mining, quarrying, and oil and gas extraction [21]",Payroll employees,204645,A
17-Nov,Canada,"Mining, quarrying, and oil and gas extraction [21]",Job vacancy rate,2.7,D
17-Nov,Canada,Utilities [22],Job vacancies,1630,C
17-Nov,Canada,Utilities [22],Payroll employees,120980,A
17-Nov,Canada,Utilities [22],Job vacancy rate,1.3,C
17-Nov,Canada,Construction [23],Job vacancies,29505,B
17-Nov,Canada,Construction [23],Payroll employees,1065805,A
17-Nov,Canada,Construction [23],Job vacancy rate,2.7,B
17-Nov,Canada,Manufacturing [31-33],Job vacancies,40885,A
17-Nov,Canada,Manufacturing [31-33],Payroll employees,1518150,A
17-Nov,Canada,Manufacturing [31-33],Job vacancy rate,2.6,A
17-Nov,Canada,Wholesale trade [41],Job vacancies,22645,B
17-Nov,Canada,Wholesale trade [41],Payroll employees,784130,A
17-Nov,Canada,Wholesale trade [41],Job vacancy rate,2.8,B
17-Nov,Canada,Retail trade [44-45],Job vacancies,75390,B
17-Nov,Canada,Retail trade [44-45],Payroll employees,1993555,A
17-Nov,Canada,Retail trade [44-45],Job vacancy rate,3.6,B
17-Nov,Canada,Transportation and warehousing [48-49],Job vacancies,31790,B
17-Nov,Canada,Transportation and warehousing [48-49],Payroll employees,747255,A
17-Nov,Canada,Transportation and warehousing [48-49],Job vacancy rate,4.1,B
17-Nov,Canada,Information and cultural industries [51],Job vacancies,10890,B
17-Nov,Canada,Information and cultural industries [51],Payroll employees,357320,A
17-Nov,Canada,Information and cultural industries [51],Job vacancy rate,3,B
17-Nov,Canada,Finance and insurance [52],Job vacancies,22420,B
17-Nov,Canada,Finance and insurance [52],Payroll employees,721735,A
17-Nov,Canada,Finance and insurance [52],Job vacancy rate,3,B
17-Nov,Canada,Real estate and rental and leasing [53],Job vacancies,6585,D
17-Nov,Canada,Real estate and rental and leasing [53],Payroll employees,296730,A
17-Nov,Canada,Real estate and rental and leasing [53],Job vacancy rate,2.2,C
17-Nov,Canada,"Professional, scientific and technical services [54]",Job vacancies,31375,B
17-Nov,Canada,"Professional, scientific and technical services [54]",Payroll employees,893980,A
17-Nov,Canada,"Professional, scientific and technical services [54]",Job vacancy rate,3.4,B
17-Nov,Canada,Management of companies and enterprises [55],Job vacancies,2305,D
17-Nov,Canada,Management of companies and enterprises [55],Payroll employees,98655,B
17-Nov,Canada,Management of companies and enterprises [55],Job vacancy rate,2.3,D
17-Nov,Canada,"Administrative and support, waste management and remediation services [56]",Job vacancies,39020,B
17-Nov,Canada,"Administrative and support, waste management and remediation services [56]",Payroll employees,821505,A
17-Nov,Canada,"Administrative and support, waste management and remediation services [56]",Job vacancy rate,4.5,B
17-Nov,Canada,Educational services [61],Job vacancies,10920,C
17-Nov,Canada,Educational services [61],Payroll employees,1381330,A
17-Nov,Canada,Educational services [61],Job vacancy rate,0.8,C
17-Nov,Canada,Health care and social assistance [62],Job vacancies,53815,A
17-Nov,Canada,Health care and social assistance [62],Payroll employees,1964435,A
17-Nov,Canada,Health care and social assistance [62],Job vacancy rate,2.7,A
17-Nov,Canada,"Arts, entertainment and recreation [71]",Job vacancies,10585,C
17-Nov,Canada,"Arts, entertainment and recreation [71]",Payroll employees,296935,A
17-Nov,Canada,"Arts, entertainment and recreation [71]",Job vacancy rate,3.4,C
17-Nov,Canada,Accommodation and food services [72],Job vacancies,60775,B
17-Nov,Canada,Accommodation and food services [72],Payroll employees,1320400,A
17-Nov,Canada,Accommodation and food services [72],Job vacancy rate,4.4,B
17-Nov,Canada,Other services (except public administration) [81],Job vacancies,19805,B
17-Nov,Canada,Other services (except public administration) [81],Payroll employees,548965,A
17-Nov,Canada,Other services (except public administration) [81],Job vacancy rate,3.5,B
17-Nov,Canada,Public administration [91],Job vacancies,7215,C
17-Nov,Canada,Public administration [91],Payroll employees,501420,A
17-Nov,Canada,Public administration [91],Job vacancy rate,1.4,C
17-Dec,Canada,"Total, all industries",Job vacancies,417505,A
17-Dec,Canada,"Total, all industries",Payroll employees,15831585,A
17-Dec,Canada,"Total, all industries",Job vacancy rate,2.6,A
17-Dec,Canada,"Agriculture, forestry, fishing and hunting [11]",Job vacancies,10065,C
17-Dec,Canada,"Agriculture, forestry, fishing and hunting [11]",Payroll employees,208970,A
17-Dec,Canada,"Agriculture, forestry, fishing and hunting [11]",Job vacancy rate,4.6,C
17-Dec,Canada,"Mining, quarrying, and oil and gas extraction [21]",Job vacancies,4265,C
17-Dec,Canada,"Mining, quarrying, and oil and gas extraction [21]",Payroll employees,207305,A
17-Dec,Canada,"Mining, quarrying, and oil and gas extraction [21]",Job vacancy rate,2,C
17-Dec,Canada,Utilities [22],Job vacancies,1510,C
17-Dec,Canada,Utilities [22],Payroll employees,122425,A
17-Dec,Canada,Utilities [22],Job vacancy rate,1.2,C
17-Dec,Canada,Construction [23],Job vacancies,26350,C
17-Dec,Canada,Construction [23],Payroll employees,1050625,A
17-Dec,Canada,Construction [23],Job vacancy rate,2.4,C
17-Dec,Canada,Manufacturing [31-33],Job vacancies,35235,A
17-Dec,Canada,Manufacturing [31-33],Payroll employees,1522245,A
17-Dec,Canada,Manufacturing [31-33],Job vacancy rate,2.3,A
17-Dec,Canada,Wholesale trade [41],Job vacancies,20105,B
17-Dec,Canada,Wholesale trade [41],Payroll employees,785570,A
17-Dec,Canada,Wholesale trade [41],Job vacancy rate,2.5,B
17-Dec,Canada,Retail trade [44-45],Job vacancies,51800,B
17-Dec,Canada,Retail trade [44-45],Payroll employees,2002395,A
17-Dec,Canada,Retail trade [44-45],Job vacancy rate,2.5,B
17-Dec,Canada,Transportation and warehousing [48-49],Job vacancies,26155,C
17-Dec,Canada,Transportation and warehousing [48-49],Payroll employees,750385,A
17-Dec,Canada,Transportation and warehousing [48-49],Job vacancy rate,3.4,B
17-Dec,Canada,Information and cultural industries [51],Job vacancies,14125,C
17-Dec,Canada,Information and cultural industries [51],Payroll employees,359745,B
17-Dec,Canada,Information and cultural industries [51],Job vacancy rate,3.8,C
17-Dec,Canada,Finance and insurance [52],Job vacancies,28770,B
17-Dec,Canada,Finance and insurance [52],Payroll employees,724305,A
17-Dec,Canada,Finance and insurance [52],Job vacancy rate,3.8,B
17-Dec,Canada,Real estate and rental and leasing [53],Job vacancies,6070,C
17-Dec,Canada,Real estate and rental and leasing [53],Payroll employees,297550,A
17-Dec,Canada,Real estate and rental and leasing [53],Job vacancy rate,2,C
17-Dec,Canada,"Professional, scientific and technical services [54]",Job vacancies,27390,B
17-Dec,Canada,"Professional, scientific and technical services [54]",Payroll employees,898740,A
17-Dec,Canada,"Professional, scientific and technical services [54]",Job vacancy rate,3,B
17-Dec,Canada,Management of companies and enterprises [55],Job vacancies,1485,D
17-Dec,Canada,Management of companies and enterprises [55],Payroll employees,96265,B
17-Dec,Canada,Management of companies and enterprises [55],Job vacancy rate,1.5,D
17-Dec,Canada,"Administrative and support, waste management and remediation services [56]",Job vacancies,22250,B
17-Dec,Canada,"Administrative and support, waste management and remediation services [56]",Payroll employees,816555,A
17-Dec,Canada,"Administrative and support, waste management and remediation services [56]",Job vacancy rate,2.7,B
17-Dec,Canada,Educational services [61],Job vacancies,10765,B
17-Dec,Canada,Educational services [61],Payroll employees,1382275,A
17-Dec,Canada,Educational services [61],Job vacancy rate,0.8,B
17-Dec,Canada,Health care and social assistance [62],Job vacancies,44805,A
17-Dec,Canada,Health care and social assistance [62],Payroll employees,1975375,A
17-Dec,Canada,Health care and social assistance [62],Job vacancy rate,2.2,A
17-Dec,Canada,"Arts, entertainment and recreation [71]",Job vacancies,8365,D
17-Dec,Canada,"Arts, entertainment and recreation [71]",Payroll employees,274630,A
17-Dec,Canada,"Arts, entertainment and recreation [71]",Job vacancy rate,3,D
17-Dec,Canada,Accommodation and food services [72],Job vacancies,55360,B
17-Dec,Canada,Accommodation and food services [72],Payroll employees,1303930,A
17-Dec,Canada,Accommodation and food services [72],Job vacancy rate,4.1,B
17-Dec,Canada,Other services (except public administration) [81],Job vacancies,15340,B
17-Dec,Canada,Other services (except public administration) [81],Payroll employees,545410,A
17-Dec,Canada,Other services (except public administration) [81],Job vacancy rate,2.7,B
17-Dec,Canada,Public administration [91],Job vacancies,7295,B
17-Dec,Canada,Public administration [91],Payroll employees,506885,A
17-Dec,Canada,Public administration [91],Job vacancy rate,1.4,B
18-Jan,Canada,"Total, all industries",Job vacancies,421415,A
18-Jan,Canada,"Total, all industries",Payroll employees,15913190,A
18-Jan,Canada,"Total, all industries",Job vacancy rate,2.6,A
18-Jan,Canada,"Agriculture, forestry, fishing and hunting [11]",Job vacancies,12685,C
18-Jan,Canada,"Agriculture, forestry, fishing and hunting [11]",Payroll employees,206910,A
18-Jan,Canada,"Agriculture, forestry, fishing and hunting [11]",Job vacancy rate,5.8,C
18-Jan,Canada,"Mining, quarrying, and oil and gas extraction [21]",Job vacancies,4315,D
18-Jan,Canada,"Mining, quarrying, and oil and gas extraction [21]",Payroll employees,202045,A
18-Jan,Canada,"Mining, quarrying, and oil and gas extraction [21]",Job vacancy rate,2.1,D
18-Jan,Canada,Utilities [22],Job vacancies,1070,D
18-Jan,Canada,Utilities [22],Payroll employees,122635,A
18-Jan,Canada,Utilities [22],Job vacancy rate,0.9,D
18-Jan,Canada,Construction [23],Job vacancies,27280,B
18-Jan,Canada,Construction [23],Payroll employees,1003580,A
18-Jan,Canada,Construction [23],Job vacancy rate,2.6,B
18-Jan,Canada,Manufacturing [31-33],Job vacancies,41935,B
18-Jan,Canada,Manufacturing [31-33],Payroll employees,1532740,A
18-Jan,Canada,Manufacturing [31-33],Job vacancy rate,2.7,A
18-Jan,Canada,Wholesale trade [41],Job vacancies,21400,B
18-Jan,Canada,Wholesale trade [41],Payroll employees,799360,A
18-Jan,Canada,Wholesale trade [41],Job vacancy rate,2.6,B
18-Jan,Canada,Retail trade [44-45],Job vacancies,42235,B
18-Jan,Canada,Retail trade [44-45],Payroll employees,2038780,A
18-Jan,Canada,Retail trade [44-45],Job vacancy rate,2,B
18-Jan,Canada,Transportation and warehousing [48-49],Job vacancies,25235,C
18-Jan,Canada,Transportation and warehousing [48-49],Payroll employees,764495,A
18-Jan,Canada,Transportation and warehousing [48-49],Job vacancy rate,3.2,C
18-Jan,Canada,Information and cultural industries [51],Job vacancies,9745,B
18-Jan,Canada,Information and cultural industries [51],Payroll employees,362250,A
18-Jan,Canada,Information and cultural industries [51],Job vacancy rate,2.6,B
18-Jan,Canada,Finance and insurance [52],Job vacancies,18630,A
18-Jan,Canada,Finance and insurance [52],Payroll employees,731070,A
18-Jan,Canada,Finance and insurance [52],Job vacancy rate,2.5,A
18-Jan,Canada,Real estate and rental and leasing [53],Job vacancies,8985,C
18-Jan,Canada,Real estate and rental and leasing [53],Payroll employees,301595,A
18-Jan,Canada,Real estate and rental and leasing [53],Job vacancy rate,2.9,C
18-Jan,Canada,"Professional, scientific and technical services [54]",Job vacancies,29095,B
18-Jan,Canada,"Professional, scientific and technical services [54]",Payroll employees,917480,A
18-Jan,Canada,"Professional, scientific and technical services [54]",Job vacancy rate,3.1,B
18-Jan,Canada,Management of companies and enterprises [55],Job vacancies,2355,D
18-Jan,Canada,Management of companies and enterprises [55],Payroll employees,99040,B
18-Jan,Canada,Management of companies and enterprises [55],Job vacancy rate,2.3,D
18-Jan,Canada,"Administrative and support, waste management and remediation services [56]",Job vacancies,40265,B
18-Jan,Canada,"Administrative and support, waste management and remediation services [56]",Payroll employees,805820,A
18-Jan,Canada,"Administrative and support, waste management and remediation services [56]",Job vacancy rate,4.8,B
18-Jan,Canada,Educational services [61],Job vacancies,9355,B
18-Jan,Canada,Educational services [61],Payroll employees,1400820,A
18-Jan,Canada,Educational services [61],Job vacancy rate,0.7,B
18-Jan,Canada,Health care and social assistance [62],Job vacancies,49760,B
18-Jan,Canada,Health care and social assistance [62],Payroll employees,1987955,A
18-Jan,Canada,Health care and social assistance [62],Job vacancy rate,2.4,B
18-Jan,Canada,"Arts, entertainment and recreation [71]",Job vacancies,7745,B
18-Jan,Canada,"Arts, entertainment and recreation [71]",Payroll employees,272950,A
18-Jan,Canada,"Arts, entertainment and recreation [71]",Job vacancy rate,2.8,B
18-Jan,Canada,Accommodation and food services [72],Job vacancies,44580,B
18-Jan,Canada,Accommodation and food services [72],Payroll employees,1306510,A
18-Jan,Canada,Accommodation and food services [72],Job vacancy rate,3.3,B
18-Jan,Canada,Other services (except public administration) [81],Job vacancies,18400,B
18-Jan,Canada,Other services (except public administration) [81],Payroll employees,548330,A
18-Jan,Canada,Other services (except public administration) [81],Job vacancy rate,3.2,B
18-Jan,Canada,Public administration [91],Job vacancies,6345,B
18-Jan,Canada,Public administration [91],Payroll employees,508835,A
18-Jan,Canada,Public administration [91],Job vacancy rate,1.2,B
18-Feb,Canada,"Total, all industries",Job vacancies,439290,A
18-Feb,Canada,"Total, all industries",Payroll employees,15385095,A
18-Feb,Canada,"Total, all industries",Job vacancy rate,2.8,A
18-Feb,Canada,"Agriculture, forestry, fishing and hunting [11]",Job vacancies,12050,C
18-Feb,Canada,"Agriculture, forestry, fishing and hunting [11]",Payroll employees,173795,A
18-Feb,Canada,"Agriculture, forestry, fishing and hunting [11]",Job vacancy rate,6.5,C
18-Feb,Canada,"Mining, quarrying, and oil and gas extraction [21]",Job vacancies,7140,D
18-Feb,Canada,"Mining, quarrying, and oil and gas extraction [21]",Payroll employees,198940,A
18-Feb,Canada,"Mining, quarrying, and oil and gas extraction [21]",Job vacancy rate,3.5,D
18-Feb,Canada,Utilities [22],Job vacancies,1535,C
18-Feb,Canada,Utilities [22],Payroll employees,121930,A
18-Feb,Canada,Utilities [22],Job vacancy rate,1.2,C
18-Feb,Canada,Construction [23],Job vacancies,32180,B
18-Feb,Canada,Construction [23],Payroll employees,893990,A
18-Feb,Canada,Construction [23],Job vacancy rate,3.5,B
18-Feb,Canada,Manufacturing [31-33],Job vacancies,36375,B
18-Feb,Canada,Manufacturing [31-33],Payroll employees,1501255,A
18-Feb,Canada,Manufacturing [31-33],Job vacancy rate,2.4,B
18-Feb,Canada,Wholesale trade [41],Job vacancies,22220,B
18-Feb,Canada,Wholesale trade [41],Payroll employees,781490,A
18-Feb,Canada,Wholesale trade [41],Job vacancy rate,2.8,B
18-Feb,Canada,Retail trade [44-45],Job vacancies,38530,B
18-Feb,Canada,Retail trade [44-45],Payroll employees,1954285,A
18-Feb,Canada,Retail trade [44-45],Job vacancy rate,1.9,B
18-Feb,Canada,Transportation and warehousing [48-49],Job vacancies,31935,B
18-Feb,Canada,Transportation and warehousing [48-49],Payroll employees,745885,A
18-Feb,Canada,Transportation and warehousing [48-49],Job vacancy rate,4.1,B
18-Feb,Canada,Information and cultural industries [51],Job vacancies,13215,C
18-Feb,Canada,Information and cultural industries [51],Payroll employees,357995,A
18-Feb,Canada,Information and cultural industries [51],Job vacancy rate,3.6,B
18-Feb,Canada,Finance and insurance [52],Job vacancies,19835,B
18-Feb,Canada,Finance and insurance [52],Payroll employees,725560,A
18-Feb,Canada,Finance and insurance [52],Job vacancy rate,2.7,A
18-Feb,Canada,Real estate and rental and leasing [53],Job vacancies,6280,C
18-Feb,Canada,Real estate and rental and leasing [53],Payroll employees,289085,A
18-Feb,Canada,Real estate and rental and leasing [53],Job vacancy rate,2.1,C
18-Feb,Canada,"Professional, scientific and technical services [54]",Job vacancies,31185,B
18-Feb,Canada,"Professional, scientific and technical services [54]",Payroll employees,898725,A
18-Feb,Canada,"Professional, scientific and technical services [54]",Job vacancy rate,3.4,B
18-Feb,Canada,Management of companies and enterprises [55],Job vacancies,1165,D
18-Feb,Canada,Management of companies and enterprises [55],Payroll employees,96855,B
18-Feb,Canada,Management of companies and enterprises [55],Job vacancy rate,1.2,D
18-Feb,Canada,"Administrative and support, waste management and remediation services [56]",Job vacancies,35795,B
18-Feb,Canada,"Administrative and support, waste management and remediation services [56]",Payroll employees,776665,A
18-Feb,Canada,"Administrative and support, waste management and remediation services [56]",Job vacancy rate,4.4,B
18-Feb,Canada,Educational services [61],Job vacancies,12725,B
18-Feb,Canada,Educational services [61],Payroll employees,1347955,A
18-Feb,Canada,Educational services [61],Job vacancy rate,0.9,B
18-Feb,Canada,Health care and social assistance [62],Job vacancies,49490,A
18-Feb,Canada,Health care and social assistance [62],Payroll employees,1968640,A
18-Feb,Canada,Health care and social assistance [62],Job vacancy rate,2.5,A
18-Feb,Canada,"Arts, entertainment and recreation [71]",Job vacancies,9200,B
18-Feb,Canada,"Arts, entertainment and recreation [71]",Payroll employees,267645,A
18-Feb,Canada,"Arts, entertainment and recreation [71]",Job vacancy rate,3.3,B
18-Feb,Canada,Accommodation and food services [72],Job vacancies,51895,B
18-Feb,Canada,Accommodation and food services [72],Payroll employees,1264375,A
18-Feb,Canada,Accommodation and food services [72],Job vacancy rate,3.9,B
18-Feb,Canada,Other services (except public administration) [81],Job vacancies,17640,B
18-Feb,Canada,Other services (except public administration) [81],Payroll employees,531415,A
18-Feb,Canada,Other services (except public administration) [81],Job vacancy rate,3.2,B
18-Feb,Canada,Public administration [91],Job vacancies,8915,B
18-Feb,Canada,Public administration [91],Payroll employees,488615,A
18-Feb,Canada,Public administration [91],Job vacancy rate,1.8,B
18-Mar,Canada,"Total, all industries",Job vacancies,504255,A
18-Mar,Canada,"Total, all industries",Payroll employees,15441940,A
18-Mar,Canada,"Total, all industries",Job vacancy rate,3.2,A
18-Mar,Canada,"Agriculture, forestry, fishing and hunting [11]",Job vacancies,16485,C
18-Mar,Canada,"Agriculture, forestry, fishing and hunting [11]",Payroll employees,175035,A
18-Mar,Canada,"Agriculture, forestry, fishing and hunting [11]",Job vacancy rate,8.6,C
18-Mar,Canada,"Mining, quarrying, and oil and gas extraction [21]",Job vacancies,3915,D
18-Mar,Canada,"Mining, quarrying, and oil and gas extraction [21]",Payroll employees,202670,A
18-Mar,Canada,"Mining, quarrying, and oil and gas extraction [21]",Job vacancy rate,1.9,D
18-Mar,Canada,Utilities [22],Job vacancies,1380,E
18-Mar,Canada,Utilities [22],Payroll employees,121500,A
18-Mar,Canada,Utilities [22],Job vacancy rate,1.1,E
18-Mar,Canada,Construction [23],Job vacancies,32765,B
18-Mar,Canada,Construction [23],Payroll employees,919940,A
18-Mar,Canada,Construction [23],Job vacancy rate,3.4,B
18-Mar,Canada,Manufacturing [31-33],Job vacancies,45400,A
18-Mar,Canada,Manufacturing [31-33],Payroll employees,1514495,A
18-Mar,Canada,Manufacturing [31-33],Job vacancy rate,2.9,A
18-Mar,Canada,Wholesale trade [41],Job vacancies,21455,C
18-Mar,Canada,Wholesale trade [41],Payroll employees,789400,A
18-Mar,Canada,Wholesale trade [41],Job vacancy rate,2.6,C
18-Mar,Canada,Retail trade [44-45],Job vacancies,45310,B
18-Mar,Canada,Retail trade [44-45],Payroll employees,1901195,A
18-Mar,Canada,Retail trade [44-45],Job vacancy rate,2.3,B
18-Mar,Canada,Transportation and warehousing [48-49],Job vacancies,27390,B
18-Mar,Canada,Transportation and warehousing [48-49],Payroll employees,735655,A
18-Mar,Canada,Transportation and warehousing [48-49],Job vacancy rate,3.6,B
18-Mar,Canada,Information and cultural industries [51],Job vacancies,14560,C
18-Mar,Canada,Information and cultural industries [51],Payroll employees,359740,A
18-Mar,Canada,Information and cultural industries [51],Job vacancy rate,3.9,C
18-Mar,Canada,Finance and insurance [52],Job vacancies,31430,B
18-Mar,Canada,Finance and insurance [52],Payroll employees,725525,A
18-Mar,Canada,Finance and insurance [52],Job vacancy rate,4.2,B
18-Mar,Canada,Real estate and rental and leasing [53],Job vacancies,7485,C
18-Mar,Canada,Real estate and rental and leasing [53],Payroll employees,288425,A
18-Mar,Canada,Real estate and rental and leasing [53],Job vacancy rate,2.5,C
18-Mar,Canada,"Professional, scientific and technical services [54]",Job vacancies,37200,B
18-Mar,Canada,"Professional, scientific and technical services [54]",Payroll employees,905890,A
18-Mar,Canada,"Professional, scientific and technical services [54]",Job vacancy rate,3.9,B
18-Mar,Canada,Management of companies and enterprises [55],Job vacancies,1535,E
18-Mar,Canada,Management of companies and enterprises [55],Payroll employees,98270,B
18-Mar,Canada,Management of companies and enterprises [55],Job vacancy rate,1.5,E
18-Mar,Canada,"Administrative and support, waste management and remediation services [56]",Job vacancies,38850,B
18-Mar,Canada,"Administrative and support, waste management and remediation services [56]",Payroll employees,775655,A
18-Mar,Canada,"Administrative and support, waste management and remediation services [56]",Job vacancy rate,4.8,B
18-Mar,Canada,Educational services [61],Job vacancies,13085,C
18-Mar,Canada,Educational services [61],Payroll employees,1396160,A
18-Mar,Canada,Educational services [61],Job vacancy rate,0.9,C
18-Mar,Canada,Health care and social assistance [62],Job vacancies,56790,A
18-Mar,Canada,Health care and social assistance [62],Payroll employees,1971205,A
18-Mar,Canada,Health care and social assistance [62],Job vacancy rate,2.8,A
18-Mar,Canada,"Arts, entertainment and recreation [71]",Job vacancies,14470,D
18-Mar,Canada,"Arts, entertainment and recreation [71]",Payroll employees,273150,A
18-Mar,Canada,"Arts, entertainment and recreation [71]",Job vacancy rate,5,D
18-Mar,Canada,Accommodation and food services [72],Job vacancies,64155,B
18-Mar,Canada,Accommodation and food services [72],Payroll employees,1263490,A
18-Mar,Canada,Accommodation and food services [72],Job vacancy rate,4.8,B
18-Mar,Canada,Other services (except public administration) [81],Job vacancies,17615,B
18-Mar,Canada,Other services (except public administration) [81],Payroll employees,531080,A
18-Mar,Canada,Other services (except public administration) [81],Job vacancy rate,3.2,B
18-Mar,Canada,Public administration [91],Job vacancies,12980,B
18-Mar,Canada,Public administration [91],Payroll employees,493460,A
18-Mar,Canada,Public administration [91],Job vacancy rate,2.6,B
18-Apr,Canada,"Total, all industries",Job vacancies,544450,A
18-Apr,Canada,"Total, all industries",Payroll employees,15538380,A
18-Apr,Canada,"Total, all industries",Job vacancy rate,3.4,A
18-Apr,Canada,"Agriculture, forestry, fishing and hunting [11]",Job vacancies,13890,C
18-Apr,Canada,"Agriculture, forestry, fishing and hunting [11]",Payroll employees,184105,A
18-Apr,Canada,"Agriculture, forestry, fishing and hunting [11]",Job vacancy rate,7,C
18-Apr,Canada,"Mining, quarrying, and oil and gas extraction [21]",Job vacancies,4675,D
18-Apr,Canada,"Mining, quarrying, and oil and gas extraction [21]",Payroll employees,198135,A
18-Apr,Canada,"Mining, quarrying, and oil and gas extraction [21]",Job vacancy rate,2.3,D
18-Apr,Canada,Utilities [22],Job vacancies,2465,D
18-Apr,Canada,Utilities [22],Payroll employees,120670,A
18-Apr,Canada,Utilities [22],Job vacancy rate,2,D
18-Apr,Canada,Construction [23],Job vacancies,44915,B
18-Apr,Canada,Construction [23],Payroll employees,935965,A
18-Apr,Canada,Construction [23],Job vacancy rate,4.6,B
18-Apr,Canada,Manufacturing [31-33],Job vacancies,50305,A
18-Apr,Canada,Manufacturing [31-33],Payroll employees,1520325,A
18-Apr,Canada,Manufacturing [31-33],Job vacancy rate,3.2,A
18-Apr,Canada,Wholesale trade [41],Job vacancies,22990,B
18-Apr,Canada,Wholesale trade [41],Payroll employees,792835,A
18-Apr,Canada,Wholesale trade [41],Job vacancy rate,2.8,B
18-Apr,Canada,Retail trade [44-45],Job vacancies,60750,B
18-Apr,Canada,Retail trade [44-45],Payroll employees,1916845,A
18-Apr,Canada,Retail trade [44-45],Job vacancy rate,3.1,B
18-Apr,Canada,Transportation and warehousing [48-49],Job vacancies,29465,B
18-Apr,Canada,Transportation and warehousing [48-49],Payroll employees,740260,A
18-Apr,Canada,Transportation and warehousing [48-49],Job vacancy rate,3.8,B
18-Apr,Canada,Information and cultural industries [51],Job vacancies,11140,B
18-Apr,Canada,Information and cultural industries [51],Payroll employees,357110,A
18-Apr,Canada,Information and cultural industries [51],Job vacancy rate,3,B
18-Apr,Canada,Finance and insurance [52],Job vacancies,21070,A
18-Apr,Canada,Finance and insurance [52],Payroll employees,725920,A
18-Apr,Canada,Finance and insurance [52],Job vacancy rate,2.8,A
18-Apr,Canada,Real estate and rental and leasing [53],Job vacancies,8310,C
18-Apr,Canada,Real estate and rental and leasing [53],Payroll employees,288975,A
18-Apr,Canada,Real estate and rental and leasing [53],Job vacancy rate,2.8,C
18-Apr,Canada,"Professional, scientific and technical services [54]",Job vacancies,32740,B
18-Apr,Canada,"Professional, scientific and technical services [54]",Payroll employees,916395,A
18-Apr,Canada,"Professional, scientific and technical services [54]",Job vacancy rate,3.4,B
18-Apr,Canada,Management of companies and enterprises [55],Job vacancies,2675,D
18-Apr,Canada,Management of companies and enterprises [55],Payroll employees,97475,B
18-Apr,Canada,Management of companies and enterprises [55],Job vacancy rate,2.7,D
18-Apr,Canada,"Administrative and support, waste management and remediation services [56]",Job vacancies,45495,B
18-Apr,Canada,"Administrative and support, waste management and remediation services [56]",Payroll employees,775180,A
18-Apr,Canada,"Administrative and support, waste management and remediation services [56]",Job vacancy rate,5.5,B
18-Apr,Canada,Educational services [61],Job vacancies,11980,B
18-Apr,Canada,Educational services [61],Payroll employees,1409495,A
18-Apr,Canada,Educational services [61],Job vacancy rate,0.8,B
18-Apr,Canada,Health care and social assistance [62],Job vacancies,62060,B
18-Apr,Canada,Health care and social assistance [62],Payroll employees,1975725,A
18-Apr,Canada,Health care and social assistance [62],Job vacancy rate,3,B
18-Apr,Canada,"Arts, entertainment and recreation [71]",Job vacancies,16240,B
18-Apr,Canada,"Arts, entertainment and recreation [71]",Payroll employees,276505,A
18-Apr,Canada,"Arts, entertainment and recreation [71]",Job vacancy rate,5.5,B
18-Apr,Canada,Accommodation and food services [72],Job vacancies,68070,B
18-Apr,Canada,Accommodation and food services [72],Payroll employees,1274945,A
18-Apr,Canada,Accommodation and food services [72],Job vacancy rate,5.1,B
18-Apr,Canada,Other services (except public administration) [81],Job vacancies,25410,B
18-Apr,Canada,Other services (except public administration) [81],Payroll employees,537345,A
18-Apr,Canada,Other services (except public administration) [81],Job vacancy rate,4.5,B
18-Apr,Canada,Public administration [91],Job vacancies,9810,B
18-Apr,Canada,Public administration [91],Payroll employees,494175,A
18-Apr,Canada,Public administration [91],Job vacancy rate,1.9,B
18-May,Canada,"Total, all industries",Job vacancies,546210,A
18-May,Canada,"Total, all industries",Payroll employees,15616920,A
18-May,Canada,"Total, all industries",Job vacancy rate,3.4,A
18-May,Canada,"Agriculture, forestry, fishing and hunting [11]",Job vacancies,13755,C
18-May,Canada,"Agriculture, forestry, fishing and hunting [11]",Payroll employees,199775,A
18-May,Canada,"Agriculture, forestry, fishing and hunting [11]",Job vacancy rate,6.4,C
18-May,Canada,"Mining, quarrying, and oil and gas extraction [21]",Job vacancies,5310,D
18-May,Canada,"Mining, quarrying, and oil and gas extraction [21]",Payroll employees,196030,A
18-May,Canada,"Mining, quarrying, and oil and gas extraction [21]",Job vacancy rate,2.6,D
18-May,Canada,Utilities [22],Job vacancies,1850,C
18-May,Canada,Utilities [22],Payroll employees,122745,A
18-May,Canada,Utilities [22],Job vacancy rate,1.5,C
18-May,Canada,Construction [23],Job vacancies,43090,B
18-May,Canada,Construction [23],Payroll employees,950210,A
18-May,Canada,Construction [23],Job vacancy rate,4.3,B
18-May,Canada,Manufacturing [31-33],Job vacancies,45815,A
18-May,Canada,Manufacturing [31-33],Payroll employees,1532375,A
18-May,Canada,Manufacturing [31-33],Job vacancy rate,2.9,A
18-May,Canada,Wholesale trade [41],Job vacancies,23715,B
18-May,Canada,Wholesale trade [41],Payroll employees,791710,A
18-May,Canada,Wholesale trade [41],Job vacancy rate,2.9,B
18-May,Canada,Retail trade [44-45],Job vacancies,59250,B
18-May,Canada,Retail trade [44-45],Payroll employees,1926195,A
18-May,Canada,Retail trade [44-45],Job vacancy rate,3,B
18-May,Canada,Transportation and warehousing [48-49],Job vacancies,27520,B
18-May,Canada,Transportation and warehousing [48-49],Payroll employees,744540,A
18-May,Canada,Transportation and warehousing [48-49],Job vacancy rate,3.6,B
18-May,Canada,Information and cultural industries [51],Job vacancies,13885,D
18-May,Canada,Information and cultural industries [51],Payroll employees,356340,A
18-May,Canada,Information and cultural industries [51],Job vacancy rate,3.8,D
18-May,Canada,Finance and insurance [52],Job vacancies,21180,B
18-May,Canada,Finance and insurance [52],Payroll employees,725795,A
18-May,Canada,Finance and insurance [52],Job vacancy rate,2.8,B
18-May,Canada,Real estate and rental and leasing [53],Job vacancies,8740,C
18-May,Canada,Real estate and rental and leasing [53],Payroll employees,284590,A
18-May,Canada,Real estate and rental and leasing [53],Job vacancy rate,3,C
18-May,Canada,"Professional, scientific and technical services [54]",Job vacancies,33685,B
18-May,Canada,"Professional, scientific and technical services [54]",Payroll employees,918160,A
18-May,Canada,"Professional, scientific and technical services [54]",Job vacancy rate,3.5,B
18-May,Canada,Management of companies and enterprises [55],Job vacancies,1575,D
18-May,Canada,Management of companies and enterprises [55],Payroll employees,99380,B
18-May,Canada,Management of companies and enterprises [55],Job vacancy rate,1.6,D
18-May,Canada,"Administrative and support, waste management and remediation services [56]",Job vacancies,42130,B
18-May,Canada,"Administrative and support, waste management and remediation services [56]",Payroll employees,787640,A
18-May,Canada,"Administrative and support, waste management and remediation services [56]",Job vacancy rate,5.1,B
18-May,Canada,Educational services [61],Job vacancies,14895,B
18-May,Canada,Educational services [61],Payroll employees,1410315,A
18-May,Canada,Educational services [61],Job vacancy rate,1,B
18-May,Canada,Health care and social assistance [62],Job vacancies,64730,B
18-May,Canada,Health care and social assistance [62],Payroll employees,1982370,A
18-May,Canada,Health care and social assistance [62],Job vacancy rate,3.2,B
18-May,Canada,"Arts, entertainment and recreation [71]",Job vacancies,15480,B
18-May,Canada,"Arts, entertainment and recreation [71]",Payroll employees,275865,A
18-May,Canada,"Arts, entertainment and recreation [71]",Job vacancy rate,5.3,B
18-May,Canada,Accommodation and food services [72],Job vacancies,73260,B
18-May,Canada,Accommodation and food services [72],Payroll employees,1282340,A
18-May,Canada,Accommodation and food services [72],Job vacancy rate,5.4,B
18-May,Canada,Other services (except public administration) [81],Job vacancies,25710,B
18-May,Canada,Other services (except public administration) [81],Payroll employees,540145,A
18-May,Canada,Other services (except public administration) [81],Job vacancy rate,4.5,B
18-May,Canada,Public administration [91],Job vacancies,10630,B
18-May,Canada,Public administration [91],Payroll employees,490410,A
18-May,Canada,Public administration [91],Job vacancy rate,2.1,B
18-Jun,Canada,"Total, all industries",Job vacancies,538105,A
18-Jun,Canada,"Total, all industries",Payroll employees,15968800,A
18-Jun,Canada,"Total, all industries",Job vacancy rate,3.3,A
18-Jun,Canada,"Agriculture, forestry, fishing and hunting [11]",Job vacancies,13005,C
18-Jun,Canada,"Agriculture, forestry, fishing and hunting [11]",Payroll employees,229680,A
18-Jun,Canada,"Agriculture, forestry, fishing and hunting [11]",Job vacancy rate,5.4,C
18-Jun,Canada,"Mining, quarrying, and oil and gas extraction [21]",Job vacancies,4930,C
18-Jun,Canada,"Mining, quarrying, and oil and gas extraction [21]",Payroll employees,201910,A
18-Jun,Canada,"Mining, quarrying, and oil and gas extraction [21]",Job vacancy rate,2.4,B
18-Jun,Canada,Utilities [22],Job vacancies,1950,E
18-Jun,Canada,Utilities [22],Payroll employees,126265,A
18-Jun,Canada,Utilities [22],Job vacancy rate,1.5,E
18-Jun,Canada,Construction [23],Job vacancies,39560,B
18-Jun,Canada,Construction [23],Payroll employees,1025700,A
18-Jun,Canada,Construction [23],Job vacancy rate,3.7,B
18-Jun,Canada,Manufacturing [31-33],Job vacancies,49915,A
18-Jun,Canada,Manufacturing [31-33],Payroll employees,1566220,A
18-Jun,Canada,Manufacturing [31-33],Job vacancy rate,3.1,A
18-Jun,Canada,Wholesale trade [41],Job vacancies,23235,B
18-Jun,Canada,Wholesale trade [41],Payroll employees,807890,A
18-Jun,Canada,Wholesale trade [41],Job vacancy rate,2.8,B
18-Jun,Canada,Retail trade [44-45],Job vacancies,61950,A
18-Jun,Canada,Retail trade [44-45],Payroll employees,1963520,A
18-Jun,Canada,Retail trade [44-45],Job vacancy rate,3.1,A
18-Jun,Canada,Transportation and warehousing [48-49],Job vacancies,32175,B
18-Jun,Canada,Transportation and warehousing [48-49],Payroll employees,750640,A
18-Jun,Canada,Transportation and warehousing [48-49],Job vacancy rate,4.1,B
18-Jun,Canada,Information and cultural industries [51],Job vacancies,11995,B
18-Jun,Canada,Information and cultural industries [51],Payroll employees,359190,A
18-Jun,Canada,Information and cultural industries [51],Job vacancy rate,3.2,B
18-Jun,Canada,Finance and insurance [52],Job vacancies,25890,B
18-Jun,Canada,Finance and insurance [52],Payroll employees,731580,A
18-Jun,Canada,Finance and insurance [52],Job vacancy rate,3.4,B
18-Jun,Canada,Real estate and rental and leasing [53],Job vacancies,8115,B
18-Jun,Canada,Real estate and rental and leasing [53],Payroll employees,291705,A
18-Jun,Canada,Real estate and rental and leasing [53],Job vacancy rate,2.7,B
18-Jun,Canada,"Professional, scientific and technical services [54]",Job vacancies,35885,B
18-Jun,Canada,"Professional, scientific and technical services [54]",Payroll employees,935240,A
18-Jun,Canada,"Professional, scientific and technical services [54]",Job vacancy rate,3.7,B
18-Jun,Canada,Management of companies and enterprises [55],Job vacancies,2380,D
18-Jun,Canada,Management of companies and enterprises [55],Payroll employees,100255,B
18-Jun,Canada,Management of companies and enterprises [55],Job vacancy rate,2.3,D
18-Jun,Canada,"Administrative and support, waste management and remediation services [56]",Job vacancies,35870,B
18-Jun,Canada,"Administrative and support, waste management and remediation services [56]",Payroll employees,816615,A
18-Jun,Canada,"Administrative and support, waste management and remediation services [56]",Job vacancy rate,4.2,B
18-Jun,Canada,Educational services [61],Job vacancies,13255,C
18-Jun,Canada,Educational services [61],Payroll employees,1364695,A
18-Jun,Canada,Educational services [61],Job vacancy rate,1,C
18-Jun,Canada,Health care and social assistance [62],Job vacancies,60700,A
18-Jun,Canada,Health care and social assistance [62],Payroll employees,1999500,A
18-Jun,Canada,Health care and social assistance [62],Job vacancy rate,2.9,A
18-Jun,Canada,"Arts, entertainment and recreation [71]",Job vacancies,9975,C
18-Jun,Canada,"Arts, entertainment and recreation [71]",Payroll employees,307725,A
18-Jun,Canada,"Arts, entertainment and recreation [71]",Job vacancy rate,3.1,C
18-Jun,Canada,Accommodation and food services [72],Job vacancies,74165,B
18-Jun,Canada,Accommodation and food services [72],Payroll employees,1329395,A
18-Jun,Canada,Accommodation and food services [72],Job vacancy rate,5.3,B
18-Jun,Canada,Other services (except public administration) [81],Job vacancies,23790,B
18-Jun,Canada,Other services (except public administration) [81],Payroll employees,549815,A
18-Jun,Canada,Other services (except public administration) [81],Job vacancy rate,4.1,B
18-Jun,Canada,Public administration [91],Job vacancies,9365,B
18-Jun,Canada,Public administration [91],Payroll employees,511250,A
18-Jun,Canada,Public administration [91],Job vacancy rate,1.8,B
18-Jul,Canada,"Total, all industries",Job vacancies,532090,A
18-Jul,Canada,"Total, all industries",Payroll employees,16262910,A
18-Jul,Canada,"Total, all industries",Job vacancy rate,3.2,A
18-Jul,Canada,"Agriculture, forestry, fishing and hunting [11]",Job vacancies,15855,C
18-Jul,Canada,"Agriculture, forestry, fishing and hunting [11]",Payroll employees,251105,A
18-Jul,Canada,"Agriculture, forestry, fishing and hunting [11]",Job vacancy rate,5.9,C
18-Jul,Canada,"Mining, quarrying, and oil and gas extraction [21]",Job vacancies,6430,C
18-Jul,Canada,"Mining, quarrying, and oil and gas extraction [21]",Payroll employees,202570,A
18-Jul,Canada,"Mining, quarrying, and oil and gas extraction [21]",Job vacancy rate,3.1,C
18-Jul,Canada,Utilities [22],Job vacancies,1280,C
18-Jul,Canada,Utilities [22],Payroll employees,126125,A
18-Jul,Canada,Utilities [22],Job vacancy rate,1,C
18-Jul,Canada,Construction [23],Job vacancies,39345,B
18-Jul,Canada,Construction [23],Payroll employees,1074725,A
18-Jul,Canada,Construction [23],Job vacancy rate,3.5,B
18-Jul,Canada,Manufacturing [31-33],Job vacancies,53895,A
18-Jul,Canada,Manufacturing [31-33],Payroll employees,1589450,A
18-Jul,Canada,Manufacturing [31-33],Job vacancy rate,3.3,A
18-Jul,Canada,Wholesale trade [41],Job vacancies,24450,B
18-Jul,Canada,Wholesale trade [41],Payroll employees,815050,A
18-Jul,Canada,Wholesale trade [41],Job vacancy rate,2.9,B
18-Jul,Canada,Retail trade [44-45],Job vacancies,56280,A
18-Jul,Canada,Retail trade [44-45],Payroll employees,1990615,A
18-Jul,Canada,Retail trade [44-45],Job vacancy rate,2.7,A
18-Jul,Canada,Transportation and warehousing [48-49],Job vacancies,32215,B
18-Jul,Canada,Transportation and warehousing [48-49],Payroll employees,769350,A
18-Jul,Canada,Transportation and warehousing [48-49],Job vacancy rate,4,B
18-Jul,Canada,Information and cultural industries [51],Job vacancies,12050,B
18-Jul,Canada,Information and cultural industries [51],Payroll employees,357290,A
18-Jul,Canada,Information and cultural industries [51],Job vacancy rate,3.3,B
18-Jul,Canada,Finance and insurance [52],Job vacancies,25980,B
18-Jul,Canada,Finance and insurance [52],Payroll employees,739865,A
18-Jul,Canada,Finance and insurance [52],Job vacancy rate,3.4,B
18-Jul,Canada,Real estate and rental and leasing [53],Job vacancies,10510,C
18-Jul,Canada,Real estate and rental and leasing [53],Payroll employees,299925,A
18-Jul,Canada,Real estate and rental and leasing [53],Job vacancy rate,3.4,B
18-Jul,Canada,"Professional, scientific and technical services [54]",Job vacancies,33830,B
18-Jul,Canada,"Professional, scientific and technical services [54]",Payroll employees,941820,A
18-Jul,Canada,"Professional, scientific and technical services [54]",Job vacancy rate,3.5,B
18-Jul,Canada,Management of companies and enterprises [55],Job vacancies,2270,E
18-Jul,Canada,Management of companies and enterprises [55],Payroll employees,101580,D
18-Jul,Canada,Management of companies and enterprises [55],Job vacancy rate,2.2,E
18-Jul,Canada,"Administrative and support, waste management and remediation services [56]",Job vacancies,35505,B
18-Jul,Canada,"Administrative and support, waste management and remediation services [56]",Payroll employees,838360,A
18-Jul,Canada,"Administrative and support, waste management and remediation services [56]",Job vacancy rate,4.1,B
18-Jul,Canada,Educational services [61],Job vacancies,12890,B
18-Jul,Canada,Educational services [61],Payroll employees,1353405,A
18-Jul,Canada,Educational services [61],Job vacancy rate,0.9,B
18-Jul,Canada,Health care and social assistance [62],Job vacancies,62495,B
18-Jul,Canada,Health care and social assistance [62],Payroll employees,2018865,A
18-Jul,Canada,Health care and social assistance [62],Job vacancy rate,3,B
18-Jul,Canada,"Arts, entertainment and recreation [71]",Job vacancies,9200,D
18-Jul,Canada,"Arts, entertainment and recreation [71]",Payroll employees,329365,A
18-Jul,Canada,"Arts, entertainment and recreation [71]",Job vacancy rate,2.7,D
18-Jul,Canada,Accommodation and food services [72],Job vacancies,68715,B
18-Jul,Canada,Accommodation and food services [72],Payroll employees,1370740,A
18-Jul,Canada,Accommodation and food services [72],Job vacancy rate,4.8,A
18-Jul,Canada,Other services (except public administration) [81],Job vacancies,22395,B
18-Jul,Canada,Other services (except public administration) [81],Payroll employees,561065,A
18-Jul,Canada,Other services (except public administration) [81],Job vacancy rate,3.8,B
18-Jul,Canada,Public administration [91],Job vacancies,6495,B
18-Jul,Canada,Public administration [91],Payroll employees,531640,A
18-Jul,Canada,Public administration [91],Job vacancy rate,1.2,B
18-Aug,Canada,"Total, all industries",Job vacancies,523525,A
18-Aug,Canada,"Total, all industries",Payroll employees,15969310,A
18-Aug,Canada,"Total, all industries",Job vacancy rate,3.2,A
18-Aug,Canada,"Agriculture, forestry, fishing and hunting [11]",Job vacancies,12635,C
18-Aug,Canada,"Agriculture, forestry, fishing and hunting [11]",Payroll employees,259800,A
18-Aug,Canada,"Agriculture, forestry, fishing and hunting [11]",Job vacancy rate,4.6,C
18-Aug,Canada,"Mining, quarrying, and oil and gas extraction [21]",Job vacancies,5405,D
18-Aug,Canada,"Mining, quarrying, and oil and gas extraction [21]",Payroll employees,203260,A
18-Aug,Canada,"Mining, quarrying, and oil and gas extraction [21]",Job vacancy rate,2.6,D
18-Aug,Canada,Utilities [22],Job vacancies,1510,C
18-Aug,Canada,Utilities [22],Payroll employees,126585,A
18-Aug,Canada,Utilities [22],Job vacancy rate,1.2,C
18-Aug,Canada,Construction [23],Job vacancies,37070,B
18-Aug,Canada,Construction [23],Payroll employees,1079990,A
18-Aug,Canada,Construction [23],Job vacancy rate,3.3,B
18-Aug,Canada,Manufacturing [31-33],Job vacancies,48585,A
18-Aug,Canada,Manufacturing [31-33],Payroll employees,1582125,A
18-Aug,Canada,Manufacturing [31-33],Job vacancy rate,3,A
18-Aug,Canada,Wholesale trade [41],Job vacancies,22550,B
18-Aug,Canada,Wholesale trade [41],Payroll employees,811650,A
18-Aug,Canada,Wholesale trade [41],Job vacancy rate,2.7,B
18-Aug,Canada,Retail trade [44-45],Job vacancies,54535,B
18-Aug,Canada,Retail trade [44-45],Payroll employees,1982835,A
18-Aug,Canada,Retail trade [44-45],Job vacancy rate,2.7,B
18-Aug,Canada,Transportation and warehousing [48-49],Job vacancies,33035,B
18-Aug,Canada,Transportation and warehousing [48-49],Payroll employees,756340,A
18-Aug,Canada,Transportation and warehousing [48-49],Job vacancy rate,4.2,B
18-Aug,Canada,Information and cultural industries [51],Job vacancies,11900,C
18-Aug,Canada,Information and cultural industries [51],Payroll employees,357140,A
18-Aug,Canada,Information and cultural industries [51],Job vacancy rate,3.2,C
18-Aug,Canada,Finance and insurance [52],Job vacancies,18705,B
18-Aug,Canada,Finance and insurance [52],Payroll employees,737450,A
18-Aug,Canada,Finance and insurance [52],Job vacancy rate,2.5,A
18-Aug,Canada,Real estate and rental and leasing [53],Job vacancies,8780,C
18-Aug,Canada,Real estate and rental and leasing [53],Payroll employees,296165,A
18-Aug,Canada,Real estate and rental and leasing [53],Job vacancy rate,2.9,C
18-Aug,Canada,"Professional, scientific and technical services [54]",Job vacancies,34910,B
18-Aug,Canada,"Professional, scientific and technical services [54]",Payroll employees,937505,A
18-Aug,Canada,"Professional, scientific and technical services [54]",Job vacancy rate,3.6,B
18-Aug,Canada,Management of companies and enterprises [55],Job vacancies,1055,E
18-Aug,Canada,Management of companies and enterprises [55],Payroll employees,103260,B
18-Aug,Canada,Management of companies and enterprises [55],Job vacancy rate,1,E
18-Aug,Canada,"Administrative and support, waste management and remediation services [56]",Job vacancies,38790,B
18-Aug,Canada,"Administrative and support, waste management and remediation services [56]",Payroll employees,841290,A
18-Aug,Canada,"Administrative and support, waste management and remediation services [56]",Job vacancy rate,4.4,B
18-Aug,Canada,Educational services [61],Job vacancies,12910,B
18-Aug,Canada,Educational services [61],Payroll employees,1060430,A
18-Aug,Canada,Educational services [61],Job vacancy rate,1.2,B
18-Aug,Canada,Health care and social assistance [62],Job vacancies,66590,B
18-Aug,Canada,Health care and social assistance [62],Payroll employees,2022735,A
18-Aug,Canada,Health care and social assistance [62],Job vacancy rate,3.2,B
18-Aug,Canada,"Arts, entertainment and recreation [71]",Job vacancies,8510,B
18-Aug,Canada,"Arts, entertainment and recreation [71]",Payroll employees,345690,A
18-Aug,Canada,"Arts, entertainment and recreation [71]",Job vacancy rate,2.4,B
18-Aug,Canada,Accommodation and food services [72],Job vacancies,75840,A
18-Aug,Canada,Accommodation and food services [72],Payroll employees,1370705,A
18-Aug,Canada,Accommodation and food services [72],Job vacancy rate,5.2,A
18-Aug,Canada,Other services (except public administration) [81],Job vacancies,22865,B
18-Aug,Canada,Other services (except public administration) [81],Payroll employees,556550,A
18-Aug,Canada,Other services (except public administration) [81],Job vacancy rate,3.9,B
18-Aug,Canada,Public administration [91],Job vacancies,7345,B
18-Aug,Canada,Public administration [91],Payroll employees,537795,A
18-Aug,Canada,Public administration [91],Job vacancy rate,1.3,B
18-Sep,Canada,"Total, all industries",Job vacancies,598025,A
18-Sep,Canada,"Total, all industries",Payroll employees,15826500,A
18-Sep,Canada,"Total, all industries",Job vacancy rate,3.6,A
18-Sep,Canada,"Agriculture, forestry, fishing and hunting [11]",Job vacancies,15415,C
18-Sep,Canada,"Agriculture, forestry, fishing and hunting [11]",Payroll employees,256575,A
18-Sep,Canada,"Agriculture, forestry, fishing and hunting [11]",Job vacancy rate,5.7,C
18-Sep,Canada,"Mining, quarrying, and oil and gas extraction [21]",Job vacancies,5300,B
18-Sep,Canada,"Mining, quarrying, and oil and gas extraction [21]",Payroll employees,207745,A
18-Sep,Canada,"Mining, quarrying, and oil and gas extraction [21]",Job vacancy rate,2.5,B
18-Sep,Canada,Utilities [22],Job vacancies,2195,E
18-Sep,Canada,Utilities [22],Payroll employees,127840,A
18-Sep,Canada,Utilities [22],Job vacancy rate,1.7,E
18-Sep,Canada,Construction [23],Job vacancies,47065,E
18-Sep,Canada,Construction [23],Payroll employees,1090120,A
18-Sep,Canada,Construction [23],Job vacancy rate,4.1,E
18-Sep,Canada,Manufacturing [31-33],Job vacancies,57290,C
18-Sep,Canada,Manufacturing [31-33],Payroll employees,1573985,A
18-Sep,Canada,Manufacturing [31-33],Job vacancy rate,3.5,C
18-Sep,Canada,Wholesale trade [41],Job vacancies,24735,B
18-Sep,Canada,Wholesale trade [41],Payroll employees,812590,A
18-Sep,Canada,Wholesale trade [41],Job vacancy rate,3,B
18-Sep,Canada,Retail trade [44-45],Job vacancies,79315,B
18-Sep,Canada,Retail trade [44-45],Payroll employees,1981125,A
18-Sep,Canada,Retail trade [44-45],Job vacancy rate,3.8,B
18-Sep,Canada,Transportation and warehousing [48-49],Job vacancies,35535,C
18-Sep,Canada,Transportation and warehousing [48-49],Payroll employees,747795,A
18-Sep,Canada,Transportation and warehousing [48-49],Job vacancy rate,4.5,C
18-Sep,Canada,Information and cultural industries [51],Job vacancies,14050,B
18-Sep,Canada,Information and cultural industries [51],Payroll employees,356035,A
18-Sep,Canada,Information and cultural industries [51],Job vacancy rate,3.8,B
18-Sep,Canada,Finance and insurance [52],Job vacancies,24975,C
18-Sep,Canada,Finance and insurance [52],Payroll employees,738585,A
18-Sep,Canada,Finance and insurance [52],Job vacancy rate,3.3,C
18-Sep,Canada,Real estate and rental and leasing [53],Job vacancies,7130,C
18-Sep,Canada,Real estate and rental and leasing [53],Payroll employees,296655,A
18-Sep,Canada,Real estate and rental and leasing [53],Job vacancy rate,2.3,C
18-Sep,Canada,"Professional, scientific and technical services [54]",Job vacancies,37430,B
18-Sep,Canada,"Professional, scientific and technical services [54]",Payroll employees,939930,A
18-Sep,Canada,"Professional, scientific and technical services [54]",Job vacancy rate,3.8,B
18-Sep,Canada,Management of companies and enterprises [55],Job vacancies,2215,D
18-Sep,Canada,Management of companies and enterprises [55],Payroll employees,103825,B
18-Sep,Canada,Management of companies and enterprises [55],Job vacancy rate,2.1,D
18-Sep,Canada,"Administrative and support, waste management and remediation services [56]",Job vacancies,40925,B
18-Sep,Canada,"Administrative and support, waste management and remediation services [56]",Payroll employees,843035,A
18-Sep,Canada,"Administrative and support, waste management and remediation services [56]",Job vacancy rate,4.6,B
18-Sep,Canada,Educational services [61],Job vacancies,14765,B
18-Sep,Canada,Educational services [61],Payroll employees,915720,A
18-Sep,Canada,Educational services [61],Job vacancy rate,1.6,B
18-Sep,Canada,Health care and social assistance [62],Job vacancies,64520,A
18-Sep,Canada,Health care and social assistance [62],Payroll employees,2033085,A
18-Sep,Canada,Health care and social assistance [62],Job vacancy rate,3.1,A
18-Sep,Canada,"Arts, entertainment and recreation [71]",Job vacancies,10530,B
18-Sep,Canada,"Arts, entertainment and recreation [71]",Payroll employees,338590,A
18-Sep,Canada,"Arts, entertainment and recreation [71]",Job vacancy rate,3,B
18-Sep,Canada,Accommodation and food services [72],Job vacancies,80065,B
18-Sep,Canada,Accommodation and food services [72],Payroll employees,1374450,A
18-Sep,Canada,Accommodation and food services [72],Job vacancy rate,5.5,A
18-Sep,Canada,Other services (except public administration) [81],Job vacancies,26845,B
18-Sep,Canada,Other services (except public administration) [81],Payroll employees,553985,A
18-Sep,Canada,Other services (except public administration) [81],Job vacancy rate,4.6,B
18-Sep,Canada,Public administration [91],Job vacancies,7730,B
18-Sep,Canada,Public administration [91],Payroll employees,534830,A
18-Sep,Canada,Public administration [91],Job vacancy rate,1.4,B
18-Oct,Canada,"Total, all industries",Job vacancies,602505,A
18-Oct,Canada,"Total, all industries",Payroll employees,16177025,A
18-Oct,Canada,"Total, all industries",Job vacancy rate,3.6,A
18-Oct,Canada,"Agriculture, forestry, fishing and hunting [11]",Job vacancies,13430,C
18-Oct,Canada,"Agriculture, forestry, fishing and hunting [11]",Payroll employees,254295,A
18-Oct,Canada,"Agriculture, forestry, fishing and hunting [11]",Job vacancy rate,5,B
18-Oct,Canada,"Mining, quarrying, and oil and gas extraction [21]",Job vacancies,5100,C
18-Oct,Canada,"Mining, quarrying, and oil and gas extraction [21]",Payroll employees,204085,A
18-Oct,Canada,"Mining, quarrying, and oil and gas extraction [21]",Job vacancy rate,2.4,C
18-Oct,Canada,Utilities [22],Job vacancies,1540,C
18-Oct,Canada,Utilities [22],Payroll employees,126830,A
18-Oct,Canada,Utilities [22],Job vacancy rate,1.2,C
18-Oct,Canada,Construction [23],Job vacancies,43825,C
18-Oct,Canada,Construction [23],Payroll employees,1104370,A
18-Oct,Canada,Construction [23],Job vacancy rate,3.8,B
18-Oct,Canada,Manufacturing [31-33],Job vacancies,54170,A
18-Oct,Canada,Manufacturing [31-33],Payroll employees,1565070,A
18-Oct,Canada,Manufacturing [31-33],Job vacancy rate,3.3,A
18-Oct,Canada,Wholesale trade [41],Job vacancies,24605,B
18-Oct,Canada,Wholesale trade [41],Payroll employees,809365,A
18-Oct,Canada,Wholesale trade [41],Job vacancy rate,3,B
18-Oct,Canada,Retail trade [44-45],Job vacancies,93565,A
18-Oct,Canada,Retail trade [44-45],Payroll employees,1981775,A
18-Oct,Canada,Retail trade [44-45],Job vacancy rate,4.5,A
18-Oct,Canada,Transportation and warehousing [48-49],Job vacancies,33785,B
18-Oct,Canada,Transportation and warehousing [48-49],Payroll employees,777145,A
18-Oct,Canada,Transportation and warehousing [48-49],Job vacancy rate,4.2,B
18-Oct,Canada,Information and cultural industries [51],Job vacancies,13130,B
18-Oct,Canada,Information and cultural industries [51],Payroll employees,353390,A
18-Oct,Canada,Information and cultural industries [51],Job vacancy rate,3.6,B
18-Oct,Canada,Finance and insurance [52],Job vacancies,34875,E
18-Oct,Canada,Finance and insurance [52],Payroll employees,734915,A
18-Oct,Canada,Finance and insurance [52],Job vacancy rate,4.5,E
18-Oct,Canada,Real estate and rental and leasing [53],Job vacancies,10060,B
18-Oct,Canada,Real estate and rental and leasing [53],Payroll employees,299000,A
18-Oct,Canada,Real estate and rental and leasing [53],Job vacancy rate,3.3,B
18-Oct,Canada,"Professional, scientific and technical services [54]",Job vacancies,37405,B
18-Oct,Canada,"Professional, scientific and technical services [54]",Payroll employees,936725,A
18-Oct,Canada,"Professional, scientific and technical services [54]",Job vacancy rate,3.8,B
18-Oct,Canada,Management of companies and enterprises [55],Job vacancies,2170,E
18-Oct,Canada,Management of companies and enterprises [55],Payroll employees,104585,D
18-Oct,Canada,Management of companies and enterprises [55],Job vacancy rate,2,E
18-Oct,Canada,"Administrative and support, waste management and remediation services [56]",Job vacancies,47250,B
18-Oct,Canada,"Administrative and support, waste management and remediation services [56]",Payroll employees,852100,A
18-Oct,Canada,"Administrative and support, waste management and remediation services [56]",Job vacancy rate,5.3,B
18-Oct,Canada,Educational services [61],Job vacancies,12720,B
18-Oct,Canada,Educational services [61],Payroll employees,1277100,A
18-Oct,Canada,Educational services [61],Job vacancy rate,1,B
18-Oct,Canada,Health care and social assistance [62],Job vacancies,57835,B
18-Oct,Canada,Health care and social assistance [62],Payroll employees,2030295,A
18-Oct,Canada,Health care and social assistance [62],Job vacancy rate,2.8,B
18-Oct,Canada,"Arts, entertainment and recreation [71]",Job vacancies,9940,C
18-Oct,Canada,"Arts, entertainment and recreation [71]",Payroll employees,325450,A
18-Oct,Canada,"Arts, entertainment and recreation [71]",Job vacancy rate,3,C
18-Oct,Canada,Accommodation and food services [72],Job vacancies,75260,A
18-Oct,Canada,Accommodation and food services [72],Payroll employees,1368675,A
18-Oct,Canada,Accommodation and food services [72],Job vacancy rate,5.2,A
18-Oct,Canada,Other services (except public administration) [81],Job vacancies,24645,B
18-Oct,Canada,Other services (except public administration) [81],Payroll employees,556440,A
18-Oct,Canada,Other services (except public administration) [81],Job vacancy rate,4.2,B
18-Oct,Canada,Public administration [91],Job vacancies,7205,B
18-Oct,Canada,Public administration [91],Payroll employees,515415,A
18-Oct,Canada,Public administration [91],Job vacancy rate,1.4,B
18-Nov,Canada,"Total, all industries",Job vacancies,549800,A
18-Nov,Canada,"Total, all industries",Payroll employees,16232165,A
18-Nov,Canada,"Total, all industries",Job vacancy rate,3.3,A
18-Nov,Canada,"Agriculture, forestry, fishing and hunting [11]",Job vacancies,12390,C
18-Nov,Canada,"Agriculture, forestry, fishing and hunting [11]",Payroll employees,240980,A
18-Nov,Canada,"Agriculture, forestry, fishing and hunting [11]",Job vacancy rate,4.9,C
18-Nov,Canada,"Mining, quarrying, and oil and gas extraction [21]",Job vacancies,4930,D
18-Nov,Canada,"Mining, quarrying, and oil and gas extraction [21]",Payroll employees,201755,A
18-Nov,Canada,"Mining, quarrying, and oil and gas extraction [21]",Job vacancy rate,2.4,D
18-Nov,Canada,Utilities [22],Job vacancies,1690,D
18-Nov,Canada,Utilities [22],Payroll employees,124780,A
18-Nov,Canada,Utilities [22],Job vacancy rate,1.3,C
18-Nov,Canada,Construction [23],Job vacancies,39350,B
18-Nov,Canada,Construction [23],Payroll employees,1097185,A
18-Nov,Canada,Construction [23],Job vacancy rate,3.5,B
18-Nov,Canada,Manufacturing [31-33],Job vacancies,50230,A
18-Nov,Canada,Manufacturing [31-33],Payroll employees,1561540,A
18-Nov,Canada,Manufacturing [31-33],Job vacancy rate,3.1,A
18-Nov,Canada,Wholesale trade [41],Job vacancies,24120,B
18-Nov,Canada,Wholesale trade [41],Payroll employees,810735,A
18-Nov,Canada,Wholesale trade [41],Job vacancy rate,2.9,B
18-Nov,Canada,Retail trade [44-45],Job vacancies,75130,B
18-Nov,Canada,Retail trade [44-45],Payroll employees,1996105,A
18-Nov,Canada,Retail trade [44-45],Job vacancy rate,3.6,B
18-Nov,Canada,Transportation and warehousing [48-49],Job vacancies,32520,B
18-Nov,Canada,Transportation and warehousing [48-49],Payroll employees,778565,A
18-Nov,Canada,Transportation and warehousing [48-49],Job vacancy rate,4,B
18-Nov,Canada,Information and cultural industries [51],Job vacancies,16065,C
18-Nov,Canada,Information and cultural industries [51],Payroll employees,352865,A
18-Nov,Canada,Information and cultural industries [51],Job vacancy rate,4.4,B
18-Nov,Canada,Finance and insurance [52],Job vacancies,19130,A
18-Nov,Canada,Finance and insurance [52],Payroll employees,734200,A
18-Nov,Canada,Finance and insurance [52],Job vacancy rate,2.5,A
18-Nov,Canada,Real estate and rental and leasing [53],Job vacancies,7225,C
18-Nov,Canada,Real estate and rental and leasing [53],Payroll employees,295660,A
18-Nov,Canada,Real estate and rental and leasing [53],Job vacancy rate,2.4,C
18-Nov,Canada,"Professional, scientific and technical services [54]",Job vacancies,34380,B
18-Nov,Canada,"Professional, scientific and technical services [54]",Payroll employees,937870,A
18-Nov,Canada,"Professional, scientific and technical services [54]",Job vacancy rate,3.5,B
18-Nov,Canada,Management of companies and enterprises [55],Job vacancies,1180,E
18-Nov,Canada,Management of companies and enterprises [55],Payroll employees,104685,B
18-Nov,Canada,Management of companies and enterprises [55],Job vacancy rate,1.1,E
18-Nov,Canada,"Administrative and support, waste management and remediation services [56]",Job vacancies,51045,B
18-Nov,Canada,"Administrative and support, waste management and remediation services [56]",Payroll employees,850215,A
18-Nov,Canada,"Administrative and support, waste management and remediation services [56]",Job vacancy rate,5.7,B
18-Nov,Canada,Educational services [61],Job vacancies,15455,C
18-Nov,Canada,Educational services [61],Payroll employees,1410015,A
18-Nov,Canada,Educational services [61],Job vacancy rate,1.1,C
18-Nov,Canada,Health care and social assistance [62],Job vacancies,62715,A
18-Nov,Canada,Health care and social assistance [62],Payroll employees,2034950,A
18-Nov,Canada,Health care and social assistance [62],Job vacancy rate,3,A
18-Nov,Canada,"Arts, entertainment and recreation [71]",Job vacancies,11550,C
18-Nov,Canada,"Arts, entertainment and recreation [71]",Payroll employees,304870,A
18-Nov,Canada,"Arts, entertainment and recreation [71]",Job vacancy rate,3.7,C
18-Nov,Canada,Accommodation and food services [72],Job vacancies,62735,B
18-Nov,Canada,Accommodation and food services [72],Payroll employees,1336160,A
18-Nov,Canada,Accommodation and food services [72],Job vacancy rate,4.5,A
18-Nov,Canada,Other services (except public administration) [81],Job vacancies,20770,B
18-Nov,Canada,Other services (except public administration) [81],Payroll employees,555410,A
18-Nov,Canada,Other services (except public administration) [81],Job vacancy rate,3.6,B
18-Nov,Canada,Public administration [91],Job vacancies,7185,B
18-Nov,Canada,Public administration [91],Payroll employees,503625,A
18-Nov,Canada,Public administration [91],Job vacancy rate,1.4,B
18-Dec,Canada,"Total, all industries",Job vacancies,477705,A
18-Dec,Canada,"Total, all industries",Payroll employees,16284295,A
18-Dec,Canada,"Total, all industries",Job vacancy rate,2.8,A
18-Dec,Canada,"Agriculture, forestry, fishing and hunting [11]",Job vacancies,12655,D
18-Dec,Canada,"Agriculture, forestry, fishing and hunting [11]",Payroll employees,217905,A
18-Dec,Canada,"Agriculture, forestry, fishing and hunting [11]",Job vacancy rate,5.5,D
18-Dec,Canada,"Mining, quarrying, and oil and gas extraction [21]",Job vacancies,3335,B
18-Dec,Canada,"Mining, quarrying, and oil and gas extraction [21]",Payroll employees,204260,A
18-Dec,Canada,"Mining, quarrying, and oil and gas extraction [21]",Job vacancy rate,1.6,B
18-Dec,Canada,Utilities [22],Job vacancies,1840,D
18-Dec,Canada,Utilities [22],Payroll employees,125920,A
18-Dec,Canada,Utilities [22],Job vacancy rate,1.4,D
18-Dec,Canada,Construction [23],Job vacancies,29305,B
18-Dec,Canada,Construction [23],Payroll employees,1085950,A
18-Dec,Canada,Construction [23],Job vacancy rate,2.6,B
18-Dec,Canada,Manufacturing [31-33],Job vacancies,42335,A
18-Dec,Canada,Manufacturing [31-33],Payroll employees,1568445,A
18-Dec,Canada,Manufacturing [31-33],Job vacancy rate,2.6,A
18-Dec,Canada,Wholesale trade [41],Job vacancies,21020,B
18-Dec,Canada,Wholesale trade [41],Payroll employees,816045,A
18-Dec,Canada,Wholesale trade [41],Job vacancy rate,2.5,B
18-Dec,Canada,Retail trade [44-45],Job vacancies,49845,B
18-Dec,Canada,Retail trade [44-45],Payroll employees,2035715,A
18-Dec,Canada,Retail trade [44-45],Job vacancy rate,2.4,B
18-Dec,Canada,Transportation and warehousing [48-49],Job vacancies,32600,C
18-Dec,Canada,Transportation and warehousing [48-49],Payroll employees,779760,A
18-Dec,Canada,Transportation and warehousing [48-49],Job vacancy rate,4,C
18-Dec,Canada,Information and cultural industries [51],Job vacancies,16395,C
18-Dec,Canada,Information and cultural industries [51],Payroll employees,354520,A
18-Dec,Canada,Information and cultural industries [51],Job vacancy rate,4.4,B
18-Dec,Canada,Finance and insurance [52],Job vacancies,29225,B
18-Dec,Canada,Finance and insurance [52],Payroll employees,739705,A
18-Dec,Canada,Finance and insurance [52],Job vacancy rate,3.8,B
18-Dec,Canada,Real estate and rental and leasing [53],Job vacancies,6405,C
18-Dec,Canada,Real estate and rental and leasing [53],Payroll employees,297005,A
18-Dec,Canada,Real estate and rental and leasing [53],Job vacancy rate,2.1,C
18-Dec,Canada,"Professional, scientific and technical services [54]",Job vacancies,35460,B
18-Dec,Canada,"Professional, scientific and technical services [54]",Payroll employees,944285,A
18-Dec,Canada,"Professional, scientific and technical services [54]",Job vacancy rate,3.6,B
18-Dec,Canada,Management of companies and enterprises [55],Job vacancies,2515,E
18-Dec,Canada,Management of companies and enterprises [55],Payroll employees,106170,B
18-Dec,Canada,Management of companies and enterprises [55],Job vacancy rate,2.3,E
18-Dec,Canada,"Administrative and support, waste management and remediation services [56]",Job vacancies,32000,B
18-Dec,Canada,"Administrative and support, waste management and remediation services [56]",Payroll employees,854745,A
18-Dec,Canada,"Administrative and support, waste management and remediation services [56]",Job vacancy rate,3.6,B
18-Dec,Canada,Educational services [61],Job vacancies,16155,B
18-Dec,Canada,Educational services [61],Payroll employees,1426285,A
18-Dec,Canada,Educational services [61],Job vacancy rate,1.1,B
18-Dec,Canada,Health care and social assistance [62],Job vacancies,58290,A
18-Dec,Canada,Health care and social assistance [62],Payroll employees,2046170,A
18-Dec,Canada,Health care and social assistance [62],Job vacancy rate,2.8,A
18-Dec,Canada,"Arts, entertainment and recreation [71]",Job vacancies,8875,B
18-Dec,Canada,"Arts, entertainment and recreation [71]",Payroll employees,286960,A
18-Dec,Canada,"Arts, entertainment and recreation [71]",Job vacancy rate,3,B
18-Dec,Canada,Accommodation and food services [72],Job vacancies,53165,B
18-Dec,Canada,Accommodation and food services [72],Payroll employees,1328150,A
18-Dec,Canada,Accommodation and food services [72],Job vacancy rate,3.8,B
18-Dec,Canada,Other services (except public administration) [81],Job vacancies,17890,B
18-Dec,Canada,Other services (except public administration) [81],Payroll employees,558705,A
18-Dec,Canada,Other services (except public administration) [81],Job vacancy rate,3.1,B
18-Dec,Canada,Public administration [91],Job vacancies,8400,B
18-Dec,Canada,Public administration [91],Payroll employees,507605,A
18-Dec,Canada,Public administration [91],Job vacancy rate,1.6,B
19-Jan,Canada,"Total, all industries",Job vacancies,487375,A
19-Jan,Canada,"Total, all industries",Payroll employees,16287130,A
19-Jan,Canada,"Total, all industries",Job vacancy rate,2.9,A
19-Jan,Canada,"Agriculture, forestry, fishing and hunting [11]",Job vacancies,15450,C
19-Jan,Canada,"Agriculture, forestry, fishing and hunting [11]",Payroll employees,216205,A
19-Jan,Canada,"Agriculture, forestry, fishing and hunting [11]",Job vacancy rate,6.7,C
19-Jan,Canada,"Mining, quarrying, and oil and gas extraction [21]",Job vacancies,3405,D
19-Jan,Canada,"Mining, quarrying, and oil and gas extraction [21]",Payroll employees,201810,A
19-Jan,Canada,"Mining, quarrying, and oil and gas extraction [21]",Job vacancy rate,1.7,C
19-Jan,Canada,Utilities [22],Job vacancies,1825,D
19-Jan,Canada,Utilities [22],Payroll employees,126115,A
19-Jan,Canada,Utilities [22],Job vacancy rate,1.4,D
19-Jan,Canada,Construction [23],Job vacancies,34045,B
19-Jan,Canada,Construction [23],Payroll employees,1030115,A
19-Jan,Canada,Construction [23],Job vacancy rate,3.2,B
19-Jan,Canada,Manufacturing [31-33],Job vacancies,44505,A
19-Jan,Canada,Manufacturing [31-33],Payroll employees,1574800,A
19-Jan,Canada,Manufacturing [31-33],Job vacancy rate,2.7,A
19-Jan,Canada,Wholesale trade [41],Job vacancies,23025,B
19-Jan,Canada,Wholesale trade [41],Payroll employees,823085,A
19-Jan,Canada,Wholesale trade [41],Job vacancy rate,2.7,B
19-Jan,Canada,Retail trade [44-45],Job vacancies,44470,B
19-Jan,Canada,Retail trade [44-45],Payroll employees,2062100,A
19-Jan,Canada,Retail trade [44-45],Job vacancy rate,2.1,B
19-Jan,Canada,Transportation and warehousing [48-49],Job vacancies,35565,B
19-Jan,Canada,Transportation and warehousing [48-49],Payroll employees,790510,A
19-Jan,Canada,Transportation and warehousing [48-49],Job vacancy rate,4.3,B
19-Jan,Canada,Information and cultural industries [51],Job vacancies,11530,B
19-Jan,Canada,Information and cultural industries [51],Payroll employees,351815,A
19-Jan,Canada,Information and cultural industries [51],Job vacancy rate,3.2,B
19-Jan,Canada,Finance and insurance [52],Job vacancies,16315,B
19-Jan,Canada,Finance and insurance [52],Payroll employees,750840,A
19-Jan,Canada,Finance and insurance [52],Job vacancy rate,2.1,B
19-Jan,Canada,Real estate and rental and leasing [53],Job vacancies,7715,B
19-Jan,Canada,Real estate and rental and leasing [53],Payroll employees,302920,A
19-Jan,Canada,Real estate and rental and leasing [53],Job vacancy rate,2.5,B
19-Jan,Canada,"Professional, scientific and technical services [54]",Job vacancies,42545,B
19-Jan,Canada,"Professional, scientific and technical services [54]",Payroll employees,962160,A
19-Jan,Canada,"Professional, scientific and technical services [54]",Job vacancy rate,4.2,B
19-Jan,Canada,Management of companies and enterprises [55],Job vacancies,2520,C
19-Jan,Canada,Management of companies and enterprises [55],Payroll employees,107215,A
19-Jan,Canada,Management of companies and enterprises [55],Job vacancy rate,2.3,C
19-Jan,Canada,"Administrative and support, waste management and remediation services [56]",Job vacancies,37975,B
19-Jan,Canada,"Administrative and support, waste management and remediation services [56]",Payroll employees,833470,A
19-Jan,Canada,"Administrative and support, waste management and remediation services [56]",Job vacancy rate,4.4,B
19-Jan,Canada,Educational services [61],Job vacancies,14120,B
19-Jan,Canada,Educational services [61],Payroll employees,1428400,A
19-Jan,Canada,Educational services [61],Job vacancy rate,1,B
19-Jan,Canada,Health care and social assistance [62],Job vacancies,58330,A
19-Jan,Canada,Health care and social assistance [62],Payroll employees,2050370,A
19-Jan,Canada,Health care and social assistance [62],Job vacancy rate,2.8,A
19-Jan,Canada,"Arts, entertainment and recreation [71]",Job vacancies,10515,C
19-Jan,Canada,"Arts, entertainment and recreation [71]",Payroll employees,285420,A
19-Jan,Canada,"Arts, entertainment and recreation [71]",Job vacancy rate,3.6,B
19-Jan,Canada,Accommodation and food services [72],Job vacancies,56515,B
19-Jan,Canada,Accommodation and food services [72],Payroll employees,1322805,A
19-Jan,Canada,Accommodation and food services [72],Job vacancy rate,4.1,B
19-Jan,Canada,Other services (except public administration) [81],Job vacancies,20810,B
19-Jan,Canada,Other services (except public administration) [81],Payroll employees,559475,A
19-Jan,Canada,Other services (except public administration) [81],Job vacancy rate,3.6,B
19-Jan,Canada,Public administration [91],Job vacancies,6200,C
19-Jan,Canada,Public administration [91],Payroll employees,507500,A
19-Jan,Canada,Public administration [91],Job vacancy rate,1.2,C
19-Feb,Canada,"Total, all industries",Job vacancies,478310,A
19-Feb,Canada,"Total, all industries",Payroll employees,15830435,A
19-Feb,Canada,"Total, all industries",Job vacancy rate,2.9,A
19-Feb,Canada,"Agriculture, forestry, fishing and hunting [11]",Job vacancies,11605,C
19-Feb,Canada,"Agriculture, forestry, fishing and hunting [11]",Payroll employees,184140,A
19-Feb,Canada,"Agriculture, forestry, fishing and hunting [11]",Job vacancy rate,5.9,C
19-Feb,Canada,"Mining, quarrying, and oil and gas extraction [21]",Job vacancies,3000,C
19-Feb,Canada,"Mining, quarrying, and oil and gas extraction [21]",Payroll employees,194830,A
19-Feb,Canada,"Mining, quarrying, and oil and gas extraction [21]",Job vacancy rate,1.5,C
19-Feb,Canada,Utilities [22],Job vacancies,2245,C
19-Feb,Canada,Utilities [22],Payroll employees,123985,A
19-Feb,Canada,Utilities [22],Job vacancy rate,1.8,C
19-Feb,Canada,Construction [23],Job vacancies,28790,B
19-Feb,Canada,Construction [23],Payroll employees,935685,A
19-Feb,Canada,Construction [23],Job vacancy rate,3,B
19-Feb,Canada,Manufacturing [31-33],Job vacancies,46530,A
19-Feb,Canada,Manufacturing [31-33],Payroll employees,1544755,A
19-Feb,Canada,Manufacturing [31-33],Job vacancy rate,2.9,A
19-Feb,Canada,Wholesale trade [41],Job vacancies,22705,B
19-Feb,Canada,Wholesale trade [41],Payroll employees,811225,A
19-Feb,Canada,Wholesale trade [41],Job vacancy rate,2.7,B
19-Feb,Canada,Retail trade [44-45],Job vacancies,40930,B
19-Feb,Canada,Retail trade [44-45],Payroll employees,1996290,A
19-Feb,Canada,Retail trade [44-45],Job vacancy rate,2,B
19-Feb,Canada,Transportation and warehousing [48-49],Job vacancies,26315,D
19-Feb,Canada,Transportation and warehousing [48-49],Payroll employees,773075,A
19-Feb,Canada,Transportation and warehousing [48-49],Job vacancy rate,3.3,D
19-Feb,Canada,Information and cultural industries [51],Job vacancies,12940,B
19-Feb,Canada,Information and cultural industries [51],Payroll employees,351880,A
19-Feb,Canada,Information and cultural industries [51],Job vacancy rate,3.5,B
19-Feb,Canada,Finance and insurance [52],Job vacancies,18215,B
19-Feb,Canada,Finance and insurance [52],Payroll employees,737775,A
19-Feb,Canada,Finance and insurance [52],Job vacancy rate,2.4,B
19-Feb,Canada,Real estate and rental and leasing [53],Job vacancies,7070,C
19-Feb,Canada,Real estate and rental and leasing [53],Payroll employees,293030,A
19-Feb,Canada,Real estate and rental and leasing [53],Job vacancy rate,2.4,B
19-Feb,Canada,"Professional, scientific and technical services [54]",Job vacancies,44455,B
19-Feb,Canada,"Professional, scientific and technical services [54]",Payroll employees,947540,A
19-Feb,Canada,"Professional, scientific and technical services [54]",Job vacancy rate,4.5,B
19-Feb,Canada,Management of companies and enterprises [55],Job vacancies,2370,C
19-Feb,Canada,Management of companies and enterprises [55],Payroll employees,104925,A
19-Feb,Canada,Management of companies and enterprises [55],Job vacancy rate,2.2,C
19-Feb,Canada,"Administrative and support, waste management and remediation services [56]",Job vacancies,42100,B
19-Feb,Canada,"Administrative and support, waste management and remediation services [56]",Payroll employees,804950,A
19-Feb,Canada,"Administrative and support, waste management and remediation services [56]",Job vacancy rate,5,B
19-Feb,Canada,Educational services [61],Job vacancies,13080,B
19-Feb,Canada,Educational services [61],Payroll employees,1378895,A
19-Feb,Canada,Educational services [61],Job vacancy rate,0.9,B
19-Feb,Canada,Health care and social assistance [62],Job vacancies,61330,A
19-Feb,Canada,Health care and social assistance [62],Payroll employees,2035680,A
19-Feb,Canada,Health care and social assistance [62],Job vacancy rate,2.9,A
19-Feb,Canada,"Arts, entertainment and recreation [71]",Job vacancies,10105,B
19-Feb,Canada,"Arts, entertainment and recreation [71]",Payroll employees,281945,A
19-Feb,Canada,"Arts, entertainment and recreation [71]",Job vacancy rate,3.5,B
19-Feb,Canada,Accommodation and food services [72],Job vacancies,54090,B
19-Feb,Canada,Accommodation and food services [72],Payroll employees,1290015,A
19-Feb,Canada,Accommodation and food services [72],Job vacancy rate,4,B
19-Feb,Canada,Other services (except public administration) [81],Job vacancies,20330,B
19-Feb,Canada,Other services (except public administration) [81],Payroll employees,544310,A
19-Feb,Canada,Other services (except public administration) [81],Job vacancy rate,3.6,B
19-Feb,Canada,Public administration [91],Job vacancies,10110,C
19-Feb,Canada,Public administration [91],Payroll employees,495515,A
19-Feb,Canada,Public administration [91],Job vacancy rate,2,C
19-Mar,Canada,"Total, all industries",Job vacancies,540840,A
19-Mar,Canada,"Total, all industries",Payroll employees,15877265,A
19-Mar,Canada,"Total, all industries",Job vacancy rate,3.3,A
19-Mar,Canada,"Agriculture, forestry, fishing and hunting [11]",Job vacancies,17705,C
19-Mar,Canada,"Agriculture, forestry, fishing and hunting [11]",Payroll employees,185215,A
19-Mar,Canada,"Agriculture, forestry, fishing and hunting [11]",Job vacancy rate,8.7,C
19-Mar,Canada,"Mining, quarrying, and oil and gas extraction [21]",Job vacancies,3960,D
19-Mar,Canada,"Mining, quarrying, and oil and gas extraction [21]",Payroll employees,198760,A
19-Mar,Canada,"Mining, quarrying, and oil and gas extraction [21]",Job vacancy rate,2,D
19-Mar,Canada,Utilities [22],Job vacancies,2025,D
19-Mar,Canada,Utilities [22],Payroll employees,126810,A
19-Mar,Canada,Utilities [22],Job vacancy rate,1.6,D
19-Mar,Canada,Construction [23],Job vacancies,35735,B
19-Mar,Canada,Construction [23],Payroll employees,945280,A
19-Mar,Canada,Construction [23],Job vacancy rate,3.6,B
19-Mar,Canada,Manufacturing [31-33],Job vacancies,50935,A
19-Mar,Canada,Manufacturing [31-33],Payroll employees,1558365,A
19-Mar,Canada,Manufacturing [31-33],Job vacancy rate,3.2,A
19-Mar,Canada,Wholesale trade [41],Job vacancies,20875,B
19-Mar,Canada,Wholesale trade [41],Payroll employees,815000,A
19-Mar,Canada,Wholesale trade [41],Job vacancy rate,2.5,B
19-Mar,Canada,Retail trade [44-45],Job vacancies,55060,B
19-Mar,Canada,Retail trade [44-45],Payroll employees,1963015,A
19-Mar,Canada,Retail trade [44-45],Job vacancy rate,2.7,A
19-Mar,Canada,Transportation and warehousing [48-49],Job vacancies,31010,C
19-Mar,Canada,Transportation and warehousing [48-49],Payroll employees,765925,A
19-Mar,Canada,Transportation and warehousing [48-49],Job vacancy rate,3.9,C
19-Mar,Canada,Information and cultural industries [51],Job vacancies,13935,B
19-Mar,Canada,Information and cultural industries [51],Payroll employees,349580,A
19-Mar,Canada,Information and cultural industries [51],Job vacancy rate,3.8,B
19-Mar,Canada,Finance and insurance [52],Job vacancies,31710,D
19-Mar,Canada,Finance and insurance [52],Payroll employees,734980,A
19-Mar,Canada,Finance and insurance [52],Job vacancy rate,4.1,D
19-Mar,Canada,Real estate and rental and leasing [53],Job vacancies,7120,C
19-Mar,Canada,Real estate and rental and leasing [53],Payroll employees,291220,A
19-Mar,Canada,Real estate and rental and leasing [53],Job vacancy rate,2.4,C
19-Mar,Canada,"Professional, scientific and technical services [54]",Job vacancies,38845,B
19-Mar,Canada,"Professional, scientific and technical services [54]",Payroll employees,948865,A
19-Mar,Canada,"Professional, scientific and technical services [54]",Job vacancy rate,3.9,B
19-Mar,Canada,Management of companies and enterprises [55],Job vacancies,2120,D
19-Mar,Canada,Management of companies and enterprises [55],Payroll employees,105180,A
19-Mar,Canada,Management of companies and enterprises [55],Job vacancy rate,2,D
19-Mar,Canada,"Administrative and support, waste management and remediation services [56]",Job vacancies,39895,B
19-Mar,Canada,"Administrative and support, waste management and remediation services [56]",Payroll employees,805335,A
19-Mar,Canada,"Administrative and support, waste management and remediation services [56]",Job vacancy rate,4.7,B
19-Mar,Canada,Educational services [61],Job vacancies,16255,B
19-Mar,Canada,Educational services [61],Payroll employees,1429115,A
19-Mar,Canada,Educational services [61],Job vacancy rate,1.1,B
19-Mar,Canada,Health care and social assistance [62],Job vacancies,69625,A
19-Mar,Canada,Health care and social assistance [62],Payroll employees,2038515,A
19-Mar,Canada,Health care and social assistance [62],Job vacancy rate,3.3,A
19-Mar,Canada,"Arts, entertainment and recreation [71]",Job vacancies,11255,C
19-Mar,Canada,"Arts, entertainment and recreation [71]",Payroll employees,283135,A
19-Mar,Canada,"Arts, entertainment and recreation [71]",Job vacancy rate,3.8,C
19-Mar,Canada,Accommodation and food services [72],Job vacancies,59665,B
19-Mar,Canada,Accommodation and food services [72],Payroll employees,1287955,A
19-Mar,Canada,Accommodation and food services [72],Job vacancy rate,4.4,A
19-Mar,Canada,Other services (except public administration) [81],Job vacancies,20990,B
19-Mar,Canada,Other services (except public administration) [81],Payroll employees,542730,A
19-Mar,Canada,Other services (except public administration) [81],Job vacancy rate,3.7,B
19-Mar,Canada,Public administration [91],Job vacancies,12110,B
19-Mar,Canada,Public administration [91],Payroll employees,502285,A
19-Mar,Canada,Public administration [91],Job vacancy rate,2.4,B
19-Apr,Canada,"Total, all industries",Job vacancies,594825,A
19-Apr,Canada,"Total, all industries",Payroll employees,15930735,A
19-Apr,Canada,"Total, all industries",Job vacancy rate,3.6,A
19-Apr,Canada,"Agriculture, forestry, fishing and hunting [11]",Job vacancies,19760,C
19-Apr,Canada,"Agriculture, forestry, fishing and hunting [11]",Payroll employees,193045,A
19-Apr,Canada,"Agriculture, forestry, fishing and hunting [11]",Job vacancy rate,9.3,C
19-Apr,Canada,"Mining, quarrying, and oil and gas extraction [21]",Job vacancies,4355,C
19-Apr,Canada,"Mining, quarrying, and oil and gas extraction [21]",Payroll employees,195545,A
19-Apr,Canada,"Mining, quarrying, and oil and gas extraction [21]",Job vacancy rate,2.2,C
19-Apr,Canada,Utilities [22],Job vacancies,2605,C
19-Apr,Canada,Utilities [22],Payroll employees,126720,A
19-Apr,Canada,Utilities [22],Job vacancy rate,2,C
19-Apr,Canada,Construction [23],Job vacancies,42190,B
19-Apr,Canada,Construction [23],Payroll employees,955715,A
19-Apr,Canada,Construction [23],Job vacancy rate,4.2,B
19-Apr,Canada,Manufacturing [31-33],Job vacancies,55780,A
19-Apr,Canada,Manufacturing [31-33],Payroll employees,1550510,A
19-Apr,Canada,Manufacturing [31-33],Job vacancy rate,3.5,A
19-Apr,Canada,Wholesale trade [41],Job vacancies,27350,B
19-Apr,Canada,Wholesale trade [41],Payroll employees,811085,A
19-Apr,Canada,Wholesale trade [41],Job vacancy rate,3.3,B
19-Apr,Canada,Retail trade [44-45],Job vacancies,66645,A
19-Apr,Canada,Retail trade [44-45],Payroll employees,1966980,A
19-Apr,Canada,Retail trade [44-45],Job vacancy rate,3.3,A
19-Apr,Canada,Transportation and warehousing [48-49],Job vacancies,36915,B
19-Apr,Canada,Transportation and warehousing [48-49],Payroll employees,767520,A
19-Apr,Canada,Transportation and warehousing [48-49],Job vacancy rate,4.6,B
19-Apr,Canada,Information and cultural industries [51],Job vacancies,12250,D
19-Apr,Canada,Information and cultural industries [51],Payroll employees,348805,A
19-Apr,Canada,Information and cultural industries [51],Job vacancy rate,3.4,C
19-Apr,Canada,Finance and insurance [52],Job vacancies,17665,B
19-Apr,Canada,Finance and insurance [52],Payroll employees,739825,A
19-Apr,Canada,Finance and insurance [52],Job vacancy rate,2.3,B
19-Apr,Canada,Real estate and rental and leasing [53],Job vacancies,9250,C
19-Apr,Canada,Real estate and rental and leasing [53],Payroll employees,293105,A
19-Apr,Canada,Real estate and rental and leasing [53],Job vacancy rate,3.1,B
19-Apr,Canada,"Professional, scientific and technical services [54]",Job vacancies,38970,B
19-Apr,Canada,"Professional, scientific and technical services [54]",Payroll employees,953980,A
19-Apr,Canada,"Professional, scientific and technical services [54]",Job vacancy rate,3.9,B
19-Apr,Canada,Management of companies and enterprises [55],Job vacancies,2870,D
19-Apr,Canada,Management of companies and enterprises [55],Payroll employees,104910,C
19-Apr,Canada,Management of companies and enterprises [55],Job vacancy rate,2.7,D
19-Apr,Canada,"Administrative and support, waste management and remediation services [56]",Job vacancies,49250,B
19-Apr,Canada,"Administrative and support, waste management and remediation services [56]",Payroll employees,807890,A
19-Apr,Canada,"Administrative and support, waste management and remediation services [56]",Job vacancy rate,5.7,B
19-Apr,Canada,Educational services [61],Job vacancies,14410,B
19-Apr,Canada,Educational services [61],Payroll employees,1443125,A
19-Apr,Canada,Educational services [61],Job vacancy rate,1,B
19-Apr,Canada,Health care and social assistance [62],Job vacancies,67135,A
19-Apr,Canada,Health care and social assistance [62],Payroll employees,2043865,A
19-Apr,Canada,Health care and social assistance [62],Job vacancy rate,3.2,A
19-Apr,Canada,"Arts, entertainment and recreation [71]",Job vacancies,15625,B
19-Apr,Canada,"Arts, entertainment and recreation [71]",Payroll employees,288195,A
19-Apr,Canada,"Arts, entertainment and recreation [71]",Job vacancy rate,5.1,B
19-Apr,Canada,Accommodation and food services [72],Job vacancies,74230,A
19-Apr,Canada,Accommodation and food services [72],Payroll employees,1289700,A
19-Apr,Canada,Accommodation and food services [72],Job vacancy rate,5.4,A
19-Apr,Canada,Other services (except public administration) [81],Job vacancies,27100,B
19-Apr,Canada,Other services (except public administration) [81],Payroll employees,548425,A
19-Apr,Canada,Other services (except public administration) [81],Job vacancy rate,4.7,B
19-Apr,Canada,Public administration [91],Job vacancies,10465,B
19-Apr,Canada,Public administration [91],Payroll employees,501795,A
19-Apr,Canada,Public administration [91],Job vacancy rate,2,B
19-May,Canada,"Total, all industries",Job vacancies,587490,A
19-May,Canada,"Total, all industries",Payroll employees,16019520,A
19-May,Canada,"Total, all industries",Job vacancy rate,3.5,A
19-May,Canada,"Agriculture, forestry, fishing and hunting [11]",Job vacancies,14150,C
19-May,Canada,"Agriculture, forestry, fishing and hunting [11]",Payroll employees,208805,A
19-May,Canada,"Agriculture, forestry, fishing and hunting [11]",Job vacancy rate,6.3,B
19-May,Canada,"Mining, quarrying, and oil and gas extraction [21]",Job vacancies,3875,D
19-May,Canada,"Mining, quarrying, and oil and gas extraction [21]",Payroll employees,195795,A
19-May,Canada,"Mining, quarrying, and oil and gas extraction [21]",Job vacancy rate,1.9,D
19-May,Canada,Utilities [22],Job vacancies,2220,D
19-May,Canada,Utilities [22],Payroll employees,126045,A
19-May,Canada,Utilities [22],Job vacancy rate,1.7,D
19-May,Canada,Construction [23],Job vacancies,43100,B
19-May,Canada,Construction [23],Payroll employees,974860,A
19-May,Canada,Construction [23],Job vacancy rate,4.2,B
19-May,Canada,Manufacturing [31-33],Job vacancies,47695,A
19-May,Canada,Manufacturing [31-33],Payroll employees,1569845,A
19-May,Canada,Manufacturing [31-33],Job vacancy rate,2.9,A
19-May,Canada,Wholesale trade [41],Job vacancies,23520,B
19-May,Canada,Wholesale trade [41],Payroll employees,812350,A
19-May,Canada,Wholesale trade [41],Job vacancy rate,2.8,B
19-May,Canada,Retail trade [44-45],Job vacancies,60685,B
19-May,Canada,Retail trade [44-45],Payroll employees,1969110,A
19-May,Canada,Retail trade [44-45],Job vacancy rate,3,B
19-May,Canada,Transportation and warehousing [48-49],Job vacancies,30770,B
19-May,Canada,Transportation and warehousing [48-49],Payroll employees,766415,A
19-May,Canada,Transportation and warehousing [48-49],Job vacancy rate,3.9,B
19-May,Canada,Information and cultural industries [51],Job vacancies,14040,B
19-May,Canada,Information and cultural industries [51],Payroll employees,351835,A
19-May,Canada,Information and cultural industries [51],Job vacancy rate,3.8,B
19-May,Canada,Finance and insurance [52],Job vacancies,21405,B
19-May,Canada,Finance and insurance [52],Payroll employees,745195,A
19-May,Canada,Finance and insurance [52],Job vacancy rate,2.8,B
19-May,Canada,Real estate and rental and leasing [53],Job vacancies,6480,B
19-May,Canada,Real estate and rental and leasing [53],Payroll employees,291645,A
19-May,Canada,Real estate and rental and leasing [53],Job vacancy rate,2.2,B
19-May,Canada,"Professional, scientific and technical services [54]",Job vacancies,41750,B
19-May,Canada,"Professional, scientific and technical services [54]",Payroll employees,956435,A
19-May,Canada,"Professional, scientific and technical services [54]",Job vacancy rate,4.2,B
19-May,Canada,Management of companies and enterprises [55],Job vacancies,1405,D
19-May,Canada,Management of companies and enterprises [55],Payroll employees,106335,A
19-May,Canada,Management of companies and enterprises [55],Job vacancy rate,1.3,D
19-May,Canada,"Administrative and support, waste management and remediation services [56]",Job vacancies,49950,B
19-May,Canada,"Administrative and support, waste management and remediation services [56]",Payroll employees,810075,A
19-May,Canada,"Administrative and support, waste management and remediation services [56]",Job vacancy rate,5.8,B
19-May,Canada,Educational services [61],Job vacancies,14610,B
19-May,Canada,Educational services [61],Payroll employees,1456650,A
19-May,Canada,Educational services [61],Job vacancy rate,1,B
19-May,Canada,Health care and social assistance [62],Job vacancies,76245,A
19-May,Canada,Health care and social assistance [62],Payroll employees,2039180,A
19-May,Canada,Health care and social assistance [62],Job vacancy rate,3.6,A
19-May,Canada,"Arts, entertainment and recreation [71]",Job vacancies,16945,B
19-May,Canada,"Arts, entertainment and recreation [71]",Payroll employees,291925,A
19-May,Canada,"Arts, entertainment and recreation [71]",Job vacancy rate,5.5,B
19-May,Canada,Accommodation and food services [72],Job vacancies,82765,A
19-May,Canada,Accommodation and food services [72],Payroll employees,1300105,A
19-May,Canada,Accommodation and food services [72],Job vacancy rate,6,A
19-May,Canada,Other services (except public administration) [81],Job vacancies,26050,B
19-May,Canada,Other services (except public administration) [81],Payroll employees,548410,A
19-May,Canada,Other services (except public administration) [81],Job vacancy rate,4.5,B
19-May,Canada,Public administration [91],Job vacancies,9825,B
19-May,Canada,Public administration [91],Payroll employees,498500,A
19-May,Canada,Public administration [91],Job vacancy rate,1.9,B
19-Jun,Canada,"Total, all industries",Job vacancies,558715,A
19-Jun,Canada,"Total, all industries",Payroll employees,16333730,A
19-Jun,Canada,"Total, all industries",Job vacancy rate,3.3,A
19-Jun,Canada,"Agriculture, forestry, fishing and hunting [11]",Job vacancies,12965,C
19-Jun,Canada,"Agriculture, forestry, fishing and hunting [11]",Payroll employees,239615,A
19-Jun,Canada,"Agriculture, forestry, fishing and hunting [11]",Job vacancy rate,5.1,C
19-Jun,Canada,"Mining, quarrying, and oil and gas extraction [21]",Job vacancies,5305,B
19-Jun,Canada,"Mining, quarrying, and oil and gas extraction [21]",Payroll employees,196500,A
19-Jun,Canada,"Mining, quarrying, and oil and gas extraction [21]",Job vacancy rate,2.6,B
19-Jun,Canada,Utilities [22],Job vacancies,1270,D
19-Jun,Canada,Utilities [22],Payroll employees,127540,A
19-Jun,Canada,Utilities [22],Job vacancy rate,1,D
19-Jun,Canada,Construction [23],Job vacancies,42915,B
19-Jun,Canada,Construction [23],Payroll employees,1045175,A
19-Jun,Canada,Construction [23],Job vacancy rate,3.9,B
19-Jun,Canada,Manufacturing [31-33],Job vacancies,49375,A
19-Jun,Canada,Manufacturing [31-33],Payroll employees,1601965,A
19-Jun,Canada,Manufacturing [31-33],Job vacancy rate,3,A
19-Jun,Canada,Wholesale trade [41],Job vacancies,24335,B
19-Jun,Canada,Wholesale trade [41],Payroll employees,826545,A
19-Jun,Canada,Wholesale trade [41],Job vacancy rate,2.9,B
19-Jun,Canada,Retail trade [44-45],Job vacancies,64810,A
19-Jun,Canada,Retail trade [44-45],Payroll employees,1996970,A
19-Jun,Canada,Retail trade [44-45],Job vacancy rate,3.1,A
19-Jun,Canada,Transportation and warehousing [48-49],Job vacancies,30740,C
19-Jun,Canada,Transportation and warehousing [48-49],Payroll employees,774850,A
19-Jun,Canada,Transportation and warehousing [48-49],Job vacancy rate,3.8,C
19-Jun,Canada,Information and cultural industries [51],Job vacancies,13110,B
19-Jun,Canada,Information and cultural industries [51],Payroll employees,355610,A
19-Jun,Canada,Information and cultural industries [51],Job vacancy rate,3.6,B
19-Jun,Canada,Finance and insurance [52],Job vacancies,28635,B
19-Jun,Canada,Finance and insurance [52],Payroll employees,745895,A
19-Jun,Canada,Finance and insurance [52],Job vacancy rate,3.7,B
19-Jun,Canada,Real estate and rental and leasing [53],Job vacancies,8115,C
19-Jun,Canada,Real estate and rental and leasing [53],Payroll employees,298355,A
19-Jun,Canada,Real estate and rental and leasing [53],Job vacancy rate,2.6,B
19-Jun,Canada,"Professional, scientific and technical services [54]",Job vacancies,38930,B
19-Jun,Canada,"Professional, scientific and technical services [54]",Payroll employees,968040,A
19-Jun,Canada,"Professional, scientific and technical services [54]",Job vacancy rate,3.9,B
19-Jun,Canada,Management of companies and enterprises [55],Job vacancies,1350,D
19-Jun,Canada,Management of companies and enterprises [55],Payroll employees,108835,A
19-Jun,Canada,Management of companies and enterprises [55],Job vacancy rate,1.2,D
19-Jun,Canada,"Administrative and support, waste management and remediation services [56]",Job vacancies,33800,B
19-Jun,Canada,"Administrative and support, waste management and remediation services [56]",Payroll employees,833990,A
19-Jun,Canada,"Administrative and support, waste management and remediation services [56]",Job vacancy rate,3.9,B
19-Jun,Canada,Educational services [61],Job vacancies,15805,C
19-Jun,Canada,Educational services [61],Payroll employees,1403575,A
19-Jun,Canada,Educational services [61],Job vacancy rate,1.1,C
19-Jun,Canada,Health care and social assistance [62],Job vacancies,67495,A
19-Jun,Canada,Health care and social assistance [62],Payroll employees,2061460,A
19-Jun,Canada,Health care and social assistance [62],Job vacancy rate,3.2,A
19-Jun,Canada,"Arts, entertainment and recreation [71]",Job vacancies,9020,B
19-Jun,Canada,"Arts, entertainment and recreation [71]",Payroll employees,318970,A
19-Jun,Canada,"Arts, entertainment and recreation [71]",Job vacancy rate,2.8,B
19-Jun,Canada,Accommodation and food services [72],Job vacancies,75825,A
19-Jun,Canada,Accommodation and food services [72],Payroll employees,1351085,A
19-Jun,Canada,Accommodation and food services [72],Job vacancy rate,5.3,A
19-Jun,Canada,Other services (except public administration) [81],Job vacancies,26070,B
19-Jun,Canada,Other services (except public administration) [81],Payroll employees,557555,A
19-Jun,Canada,Other services (except public administration) [81],Job vacancy rate,4.5,B
19-Jun,Canada,Public administration [91],Job vacancies,8850,B
19-Jun,Canada,Public administration [91],Payroll employees,521195,A
19-Jun,Canada,Public administration [91],Job vacancy rate,1.7,B
19-Jul,Canada,"Total, all industries",Job vacancies,544120,A
19-Jul,Canada,"Total, all industries",Payroll employees,16598660,A
19-Jul,Canada,"Total, all industries",Job vacancy rate,3.2,A
19-Jul,Canada,"Agriculture, forestry, fishing and hunting [11]",Job vacancies,17240,E
19-Jul,Canada,"Agriculture, forestry, fishing and hunting [11]",Payroll employees,261145,A
19-Jul,Canada,"Agriculture, forestry, fishing and hunting [11]",Job vacancy rate,6.2,D
19-Jul,Canada,"Mining, quarrying, and oil and gas extraction [21]",Job vacancies,3640,D
19-Jul,Canada,"Mining, quarrying, and oil and gas extraction [21]",Payroll employees,198085,A
19-Jul,Canada,"Mining, quarrying, and oil and gas extraction [21]",Job vacancy rate,1.8,D
19-Jul,Canada,Utilities [22],Job vacancies,1620,C
19-Jul,Canada,Utilities [22],Payroll employees,129395,A
19-Jul,Canada,Utilities [22],Job vacancy rate,1.2,C
19-Jul,Canada,Construction [23],Job vacancies,40860,B
19-Jul,Canada,Construction [23],Payroll employees,1093280,A
19-Jul,Canada,Construction [23],Job vacancy rate,3.6,B
19-Jul,Canada,Manufacturing [31-33],Job vacancies,47620,A
19-Jul,Canada,Manufacturing [31-33],Payroll employees,1612870,A
19-Jul,Canada,Manufacturing [31-33],Job vacancy rate,2.9,A
19-Jul,Canada,Wholesale trade [41],Job vacancies,24370,B
19-Jul,Canada,Wholesale trade [41],Payroll employees,829735,A
19-Jul,Canada,Wholesale trade [41],Job vacancy rate,2.9,B
19-Jul,Canada,Retail trade [44-45],Job vacancies,66605,A
19-Jul,Canada,Retail trade [44-45],Payroll employees,2019120,A
19-Jul,Canada,Retail trade [44-45],Job vacancy rate,3.2,A
19-Jul,Canada,Transportation and warehousing [48-49],Job vacancies,31855,B
19-Jul,Canada,Transportation and warehousing [48-49],Payroll employees,791075,A
19-Jul,Canada,Transportation and warehousing [48-49],Job vacancy rate,3.9,B
19-Jul,Canada,Information and cultural industries [51],Job vacancies,12520,B
19-Jul,Canada,Information and cultural industries [51],Payroll employees,358470,A
19-Jul,Canada,Information and cultural industries [51],Job vacancy rate,3.4,B
19-Jul,Canada,Finance and insurance [52],Job vacancies,18550,B
19-Jul,Canada,Finance and insurance [52],Payroll employees,750700,A
19-Jul,Canada,Finance and insurance [52],Job vacancy rate,2.4,B
19-Jul,Canada,Real estate and rental and leasing [53],Job vacancies,9010,D
19-Jul,Canada,Real estate and rental and leasing [53],Payroll employees,307335,A
19-Jul,Canada,Real estate and rental and leasing [53],Job vacancy rate,2.8,D
19-Jul,Canada,"Professional, scientific and technical services [54]",Job vacancies,36300,B
19-Jul,Canada,"Professional, scientific and technical services [54]",Payroll employees,981585,A
19-Jul,Canada,"Professional, scientific and technical services [54]",Job vacancy rate,3.6,B
19-Jul,Canada,Management of companies and enterprises [55],Job vacancies,2715,D
19-Jul,Canada,Management of companies and enterprises [55],Payroll employees,111850,B
19-Jul,Canada,Management of companies and enterprises [55],Job vacancy rate,2.4,D
19-Jul,Canada,"Administrative and support, waste management and remediation services [56]",Job vacancies,37450,B
19-Jul,Canada,"Administrative and support, waste management and remediation services [56]",Payroll employees,857660,A
19-Jul,Canada,"Administrative and support, waste management and remediation services [56]",Job vacancy rate,4.2,B
19-Jul,Canada,Educational services [61],Job vacancies,13315,B
19-Jul,Canada,Educational services [61],Payroll employees,1387425,A
19-Jul,Canada,Educational services [61],Job vacancy rate,1,B
19-Jul,Canada,Health care and social assistance [62],Job vacancies,64750,B
19-Jul,Canada,Health care and social assistance [62],Payroll employees,2079745,A
19-Jul,Canada,Health care and social assistance [62],Job vacancy rate,3,A
19-Jul,Canada,"Arts, entertainment and recreation [71]",Job vacancies,8385,D
19-Jul,Canada,"Arts, entertainment and recreation [71]",Payroll employees,339860,A
19-Jul,Canada,"Arts, entertainment and recreation [71]",Job vacancy rate,2.4,D
19-Jul,Canada,Accommodation and food services [72],Job vacancies,74285,B
19-Jul,Canada,Accommodation and food services [72],Payroll employees,1382215,A
19-Jul,Canada,Accommodation and food services [72],Job vacancy rate,5.1,A
19-Jul,Canada,Other services (except public administration) [81],Job vacancies,26595,B
19-Jul,Canada,Other services (except public administration) [81],Payroll employees,566590,A
19-Jul,Canada,Other services (except public administration) [81],Job vacancy rate,4.5,B
19-Jul,Canada,Public administration [91],Job vacancies,6450,B
19-Jul,Canada,Public administration [91],Payroll employees,540520,A
19-Jul,Canada,Public administration [91],Job vacancy rate,1.2,B
19-Aug,Canada,"Total, all industries",Job vacancies,560090,A
19-Aug,Canada,"Total, all industries",Payroll employees,16396480,A
19-Aug,Canada,"Total, all industries",Job vacancy rate,3.3,A
19-Aug,Canada,"Agriculture, forestry, fishing and hunting [11]",Job vacancies,12035,C
19-Aug,Canada,"Agriculture, forestry, fishing and hunting [11]",Payroll employees,267560,A
19-Aug,Canada,"Agriculture, forestry, fishing and hunting [11]",Job vacancy rate,4.3,C
19-Aug,Canada,"Mining, quarrying, and oil and gas extraction [21]",Job vacancies,4240,C
19-Aug,Canada,"Mining, quarrying, and oil and gas extraction [21]",Payroll employees,203505,A
19-Aug,Canada,"Mining, quarrying, and oil and gas extraction [21]",Job vacancy rate,2,C
19-Aug,Canada,Utilities [22],Job vacancies,1575,D
19-Aug,Canada,Utilities [22],Payroll employees,130405,A
19-Aug,Canada,Utilities [22],Job vacancy rate,1.2,D
19-Aug,Canada,Construction [23],Job vacancies,40765,B
19-Aug,Canada,Construction [23],Payroll employees,1097645,A
19-Aug,Canada,Construction [23],Job vacancy rate,3.6,B
19-Aug,Canada,Manufacturing [31-33],Job vacancies,47365,B
19-Aug,Canada,Manufacturing [31-33],Payroll employees,1617635,A
19-Aug,Canada,Manufacturing [31-33],Job vacancy rate,2.8,B
19-Aug,Canada,Wholesale trade [41],Job vacancies,26110,B
19-Aug,Canada,Wholesale trade [41],Payroll employees,831700,A
19-Aug,Canada,Wholesale trade [41],Job vacancy rate,3,B
19-Aug,Canada,Retail trade [44-45],Job vacancies,64985,B
19-Aug,Canada,Retail trade [44-45],Payroll employees,2010185,A
19-Aug,Canada,Retail trade [44-45],Job vacancy rate,3.1,B
19-Aug,Canada,Transportation and warehousing [48-49],Job vacancies,30770,C
19-Aug,Canada,Transportation and warehousing [48-49],Payroll employees,776190,A
19-Aug,Canada,Transportation and warehousing [48-49],Job vacancy rate,3.8,C
19-Aug,Canada,Information and cultural industries [51],Job vacancies,15650,C
19-Aug,Canada,Information and cultural industries [51],Payroll employees,360830,A
19-Aug,Canada,Information and cultural industries [51],Job vacancy rate,4.2,B
19-Aug,Canada,Finance and insurance [52],Job vacancies,16805,B
19-Aug,Canada,Finance and insurance [52],Payroll employees,756975,A
19-Aug,Canada,Finance and insurance [52],Job vacancy rate,2.2,B
19-Aug,Canada,Real estate and rental and leasing [53],Job vacancies,8765,C
19-Aug,Canada,Real estate and rental and leasing [53],Payroll employees,302690,A
19-Aug,Canada,Real estate and rental and leasing [53],Job vacancy rate,2.8,C
19-Aug,Canada,"Professional, scientific and technical services [54]",Job vacancies,38685,B
19-Aug,Canada,"Professional, scientific and technical services [54]",Payroll employees,985810,A
19-Aug,Canada,"Professional, scientific and technical services [54]",Job vacancy rate,3.8,B
19-Aug,Canada,Management of companies and enterprises [55],Job vacancies,2200,E
19-Aug,Canada,Management of companies and enterprises [55],Payroll employees,109160,A
19-Aug,Canada,Management of companies and enterprises [55],Job vacancy rate,2,E
19-Aug,Canada,"Administrative and support, waste management and remediation services [56]",Job vacancies,42585,B
19-Aug,Canada,"Administrative and support, waste management and remediation services [56]",Payroll employees,868970,A
19-Aug,Canada,"Administrative and support, waste management and remediation services [56]",Job vacancy rate,4.7,B
19-Aug,Canada,Educational services [61],Job vacancies,16045,B
19-Aug,Canada,Educational services [61],Payroll employees,1099895,A
19-Aug,Canada,Educational services [61],Job vacancy rate,1.4,B
19-Aug,Canada,Health care and social assistance [62],Job vacancies,66785,A
19-Aug,Canada,Health care and social assistance [62],Payroll employees,2092640,A
19-Aug,Canada,Health care and social assistance [62],Job vacancy rate,3.1,A
19-Aug,Canada,"Arts, entertainment and recreation [71]",Job vacancies,11350,B
19-Aug,Canada,"Arts, entertainment and recreation [71]",Payroll employees,357485,A
19-Aug,Canada,"Arts, entertainment and recreation [71]",Job vacancy rate,3.1,B
19-Aug,Canada,Accommodation and food services [72],Job vacancies,78415,A
19-Aug,Canada,Accommodation and food services [72],Payroll employees,1407835,A
19-Aug,Canada,Accommodation and food services [72],Job vacancy rate,5.3,A
19-Aug,Canada,Other services (except public administration) [81],Job vacancies,27320,B
19-Aug,Canada,Other services (except public administration) [81],Payroll employees,569495,A
19-Aug,Canada,Other services (except public administration) [81],Job vacancy rate,4.6,B
19-Aug,Canada,Public administration [91],Job vacancies,7645,B
19-Aug,Canada,Public administration [91],Payroll employees,549870,A
19-Aug,Canada,Public administration [91],Job vacancy rate,1.4,B
19-Sep,Canada,"Total, all industries",Job vacancies,587795,A
19-Sep,Canada,"Total, all industries",Payroll employees,16214090,A
19-Sep,Canada,"Total, all industries",Job vacancy rate,3.5,A
19-Sep,Canada,"Agriculture, forestry, fishing and hunting [11]",Job vacancies,16420,D
19-Sep,Canada,"Agriculture, forestry, fishing and hunting [11]",Payroll employees,267785,A
19-Sep,Canada,"Agriculture, forestry, fishing and hunting [11]",Job vacancy rate,5.8,C
19-Sep,Canada,"Mining, quarrying, and oil and gas extraction [21]",Job vacancies,4745,C
19-Sep,Canada,"Mining, quarrying, and oil and gas extraction [21]",Payroll employees,204130,A
19-Sep,Canada,"Mining, quarrying, and oil and gas extraction [21]",Job vacancy rate,2.3,B
19-Sep,Canada,Utilities [22],Job vacancies,1235,E
19-Sep,Canada,Utilities [22],Payroll employees,128850,A
19-Sep,Canada,Utilities [22],Job vacancy rate,0.9,E
19-Sep,Canada,Construction [23],Job vacancies,40835,B
19-Sep,Canada,Construction [23],Payroll employees,1109985,A
19-Sep,Canada,Construction [23],Job vacancy rate,3.5,B
19-Sep,Canada,Manufacturing [31-33],Job vacancies,53730,B
19-Sep,Canada,Manufacturing [31-33],Payroll employees,1611520,A
19-Sep,Canada,Manufacturing [31-33],Job vacancy rate,3.2,A
19-Sep,Canada,Wholesale trade [41],Job vacancies,24440,B
19-Sep,Canada,Wholesale trade [41],Payroll employees,830535,A
19-Sep,Canada,Wholesale trade [41],Job vacancy rate,2.9,B
19-Sep,Canada,Retail trade [44-45],Job vacancies,85915,B
19-Sep,Canada,Retail trade [44-45],Payroll employees,1999370,A
19-Sep,Canada,Retail trade [44-45],Job vacancy rate,4.1,B
19-Sep,Canada,Transportation and warehousing [48-49],Job vacancies,27450,B
19-Sep,Canada,Transportation and warehousing [48-49],Payroll employees,771700,A
19-Sep,Canada,Transportation and warehousing [48-49],Job vacancy rate,3.4,B
19-Sep,Canada,Information and cultural industries [51],Job vacancies,12510,B
19-Sep,Canada,Information and cultural industries [51],Payroll employees,360820,A
19-Sep,Canada,Information and cultural industries [51],Job vacancy rate,3.4,B
19-Sep,Canada,Finance and insurance [52],Job vacancies,31190,E
19-Sep,Canada,Finance and insurance [52],Payroll employees,754730,A
19-Sep,Canada,Finance and insurance [52],Job vacancy rate,4,E
19-Sep,Canada,Real estate and rental and leasing [53],Job vacancies,8225,C
19-Sep,Canada,Real estate and rental and leasing [53],Payroll employees,300355,A
19-Sep,Canada,Real estate and rental and leasing [53],Job vacancy rate,2.7,C
19-Sep,Canada,"Professional, scientific and technical services [54]",Job vacancies,34675,B
19-Sep,Canada,"Professional, scientific and technical services [54]",Payroll employees,987965,A
19-Sep,Canada,"Professional, scientific and technical services [54]",Job vacancy rate,3.4,B
19-Sep,Canada,Management of companies and enterprises [55],Job vacancies,1850,D
19-Sep,Canada,Management of companies and enterprises [55],Payroll employees,109110,A
19-Sep,Canada,Management of companies and enterprises [55],Job vacancy rate,1.7,D
19-Sep,Canada,"Administrative and support, waste management and remediation services [56]",Job vacancies,35800,B
19-Sep,Canada,"Administrative and support, waste management and remediation services [56]",Payroll employees,868575,A
19-Sep,Canada,"Administrative and support, waste management and remediation services [56]",Job vacancy rate,4,B
19-Sep,Canada,Educational services [61],Job vacancies,12860,B
19-Sep,Canada,Educational services [61],Payroll employees,947895,A
19-Sep,Canada,Educational services [61],Job vacancy rate,1.3,B
19-Sep,Canada,Health care and social assistance [62],Job vacancies,72165,A
19-Sep,Canada,Health care and social assistance [62],Payroll employees,2093210,A
19-Sep,Canada,Health care and social assistance [62],Job vacancy rate,3.3,A
19-Sep,Canada,"Arts, entertainment and recreation [71]",Job vacancies,9750,B
19-Sep,Canada,"Arts, entertainment and recreation [71]",Payroll employees,348905,A
19-Sep,Canada,"Arts, entertainment and recreation [71]",Job vacancy rate,2.7,B
19-Sep,Canada,Accommodation and food services [72],Job vacancies,77600,A
19-Sep,Canada,Accommodation and food services [72],Payroll employees,1404575,A
19-Sep,Canada,Accommodation and food services [72],Job vacancy rate,5.2,A
19-Sep,Canada,Other services (except public administration) [81],Job vacancies,27165,B
19-Sep,Canada,Other services (except public administration) [81],Payroll employees,562480,A
19-Sep,Canada,Other services (except public administration) [81],Job vacancy rate,4.6,B
19-Sep,Canada,Public administration [91],Job vacancies,9230,B
19-Sep,Canada,Public administration [91],Payroll employees,551585,A
19-Sep,Canada,Public administration [91],Job vacancy rate,1.6,B
19-Oct,Canada,"Total, all industries",Job vacancies,568835,A
19-Oct,Canada,"Total, all industries",Payroll employees,16537120,A
19-Oct,Canada,"Total, all industries",Job vacancy rate,3.3,A
19-Oct,Canada,"Agriculture, forestry, fishing and hunting [11]",Job vacancies,15485,C
19-Oct,Canada,"Agriculture, forestry, fishing and hunting [11]",Payroll employees,264860,A
19-Oct,Canada,"Agriculture, forestry, fishing and hunting [11]",Job vacancy rate,5.5,C
19-Oct,Canada,"Mining, quarrying, and oil and gas extraction [21]",Job vacancies,4570,D
19-Oct,Canada,"Mining, quarrying, and oil and gas extraction [21]",Payroll employees,204385,A
19-Oct,Canada,"Mining, quarrying, and oil and gas extraction [21]",Job vacancy rate,2.2,D
19-Oct,Canada,Utilities [22],Job vacancies,1565,D
19-Oct,Canada,Utilities [22],Payroll employees,127350,A
19-Oct,Canada,Utilities [22],Job vacancy rate,1.2,D
19-Oct,Canada,Construction [23],Job vacancies,41455,B
19-Oct,Canada,Construction [23],Payroll employees,1122050,A
19-Oct,Canada,Construction [23],Job vacancy rate,3.6,B
19-Oct,Canada,Manufacturing [31-33],Job vacancies,48900,B
19-Oct,Canada,Manufacturing [31-33],Payroll employees,1595240,A
19-Oct,Canada,Manufacturing [31-33],Job vacancy rate,3,B
19-Oct,Canada,Wholesale trade [41],Job vacancies,22725,B
19-Oct,Canada,Wholesale trade [41],Payroll employees,824195,A
19-Oct,Canada,Wholesale trade [41],Job vacancy rate,2.7,B
19-Oct,Canada,Retail trade [44-45],Job vacancies,82775,A
19-Oct,Canada,Retail trade [44-45],Payroll employees,1999015,A
19-Oct,Canada,Retail trade [44-45],Job vacancy rate,4,A
19-Oct,Canada,Transportation and warehousing [48-49],Job vacancies,32875,B
19-Oct,Canada,Transportation and warehousing [48-49],Payroll employees,796715,A
19-Oct,Canada,Transportation and warehousing [48-49],Job vacancy rate,4,B
19-Oct,Canada,Information and cultural industries [51],Job vacancies,15125,B
19-Oct,Canada,Information and cultural industries [51],Payroll employees,358970,A
19-Oct,Canada,Information and cultural industries [51],Job vacancy rate,4,B
19-Oct,Canada,Finance and insurance [52],Job vacancies,23260,B
19-Oct,Canada,Finance and insurance [52],Payroll employees,752875,A
19-Oct,Canada,Finance and insurance [52],Job vacancy rate,3,B
19-Oct,Canada,Real estate and rental and leasing [53],Job vacancies,8580,C
19-Oct,Canada,Real estate and rental and leasing [53],Payroll employees,299970,A
19-Oct,Canada,Real estate and rental and leasing [53],Job vacancy rate,2.8,C
19-Oct,Canada,"Professional, scientific and technical services [54]",Job vacancies,39470,A
19-Oct,Canada,"Professional, scientific and technical services [54]",Payroll employees,984085,A
19-Oct,Canada,"Professional, scientific and technical services [54]",Job vacancy rate,3.9,A
19-Oct,Canada,Management of companies and enterprises [55],Job vacancies,2390,E
19-Oct,Canada,Management of companies and enterprises [55],Payroll employees,110210,D
19-Oct,Canada,Management of companies and enterprises [55],Job vacancy rate,2.1,E
19-Oct,Canada,"Administrative and support, waste management and remediation services [56]",Job vacancies,43970,B
19-Oct,Canada,"Administrative and support, waste management and remediation services [56]",Payroll employees,872465,A
19-Oct,Canada,"Administrative and support, waste management and remediation services [56]",Job vacancy rate,4.8,B
19-Oct,Canada,Educational services [61],Job vacancies,12520,B
19-Oct,Canada,Educational services [61],Payroll employees,1317300,A
19-Oct,Canada,Educational services [61],Job vacancy rate,0.9,B
19-Oct,Canada,Health care and social assistance [62],Job vacancies,62470,B
19-Oct,Canada,Health care and social assistance [62],Payroll employees,2091385,A
19-Oct,Canada,Health care and social assistance [62],Job vacancy rate,2.9,B
19-Oct,Canada,"Arts, entertainment and recreation [71]",Job vacancies,8850,B
19-Oct,Canada,"Arts, entertainment and recreation [71]",Payroll employees,335970,A
19-Oct,Canada,"Arts, entertainment and recreation [71]",Job vacancy rate,2.6,B
19-Oct,Canada,Accommodation and food services [72],Job vacancies,67265,A
19-Oct,Canada,Accommodation and food services [72],Payroll employees,1392565,A
19-Oct,Canada,Accommodation and food services [72],Job vacancy rate,4.6,A
19-Oct,Canada,Other services (except public administration) [81],Job vacancies,26600,B
19-Oct,Canada,Other services (except public administration) [81],Payroll employees,562995,A
19-Oct,Canada,Other services (except public administration) [81],Job vacancy rate,4.5,B
19-Oct,Canada,Public administration [91],Job vacancies,7995,B
19-Oct,Canada,Public administration [91],Payroll employees,524510,A
19-Oct,Canada,Public administration [91],Job vacancy rate,1.5,B
19-Nov,Canada,"Total, all industries",Job vacancies,510525,A
19-Nov,Canada,"Total, all industries",Payroll employees,16566190,A
19-Nov,Canada,"Total, all industries",Job vacancy rate,3,A
19-Nov,Canada,"Agriculture, forestry, fishing and hunting [11]",Job vacancies,8330,D
19-Nov,Canada,"Agriculture, forestry, fishing and hunting [11]",Payroll employees,250755,A
19-Nov,Canada,"Agriculture, forestry, fishing and hunting [11]",Job vacancy rate,3.2,D
19-Nov,Canada,"Mining, quarrying, and oil and gas extraction [21]",Job vacancies,3330,C
19-Nov,Canada,"Mining, quarrying, and oil and gas extraction [21]",Payroll employees,201425,A
19-Nov,Canada,"Mining, quarrying, and oil and gas extraction [21]",Job vacancy rate,1.6,C
19-Nov,Canada,Utilities [22],Job vacancies,2355,D
19-Nov,Canada,Utilities [22],Payroll employees,128650,A
19-Nov,Canada,Utilities [22],Job vacancy rate,1.8,D
19-Nov,Canada,Construction [23],Job vacancies,31285,B
19-Nov,Canada,Construction [23],Payroll employees,1108895,A
19-Nov,Canada,Construction [23],Job vacancy rate,2.7,B
19-Nov,Canada,Manufacturing [31-33],Job vacancies,39810,A
19-Nov,Canada,Manufacturing [31-33],Payroll employees,1581705,A
19-Nov,Canada,Manufacturing [31-33],Job vacancy rate,2.5,A
19-Nov,Canada,Wholesale trade [41],Job vacancies,23185,B
19-Nov,Canada,Wholesale trade [41],Payroll employees,821755,A
19-Nov,Canada,Wholesale trade [41],Job vacancy rate,2.7,B
19-Nov,Canada,Retail trade [44-45],Job vacancies,65670,B
19-Nov,Canada,Retail trade [44-45],Payroll employees,2004485,A
19-Nov,Canada,Retail trade [44-45],Job vacancy rate,3.2,B
19-Nov,Canada,Transportation and warehousing [48-49],Job vacancies,28285,B
19-Nov,Canada,Transportation and warehousing [48-49],Payroll employees,805360,A
19-Nov,Canada,Transportation and warehousing [48-49],Job vacancy rate,3.4,B
19-Nov,Canada,Information and cultural industries [51],Job vacancies,15145,B
19-Nov,Canada,Information and cultural industries [51],Payroll employees,357150,A
19-Nov,Canada,Information and cultural industries [51],Job vacancy rate,4.1,B
19-Nov,Canada,Finance and insurance [52],Job vacancies,19500,B
19-Nov,Canada,Finance and insurance [52],Payroll employees,750915,A
19-Nov,Canada,Finance and insurance [52],Job vacancy rate,2.5,B
19-Nov,Canada,Real estate and rental and leasing [53],Job vacancies,8120,C
19-Nov,Canada,Real estate and rental and leasing [53],Payroll employees,295165,A
19-Nov,Canada,Real estate and rental and leasing [53],Job vacancy rate,2.7,C
19-Nov,Canada,"Professional, scientific and technical services [54]",Job vacancies,36240,B
19-Nov,Canada,"Professional, scientific and technical services [54]",Payroll employees,986565,A
19-Nov,Canada,"Professional, scientific and technical services [54]",Job vacancy rate,3.5,B
19-Nov,Canada,Management of companies and enterprises [55],Job vacancies,1950,E
19-Nov,Canada,Management of companies and enterprises [55],Payroll employees,109540,C
19-Nov,Canada,Management of companies and enterprises [55],Job vacancy rate,1.8,E
19-Nov,Canada,"Administrative and support, waste management and remediation services [56]",Job vacancies,35730,B
19-Nov,Canada,"Administrative and support, waste management and remediation services [56]",Payroll employees,875015,A
19-Nov,Canada,"Administrative and support, waste management and remediation services [56]",Job vacancy rate,3.9,B
19-Nov,Canada,Educational services [61],Job vacancies,13925,B
19-Nov,Canada,Educational services [61],Payroll employees,1451615,A
19-Nov,Canada,Educational services [61],Job vacancy rate,1,B
19-Nov,Canada,Health care and social assistance [62],Job vacancies,70605,B
19-Nov,Canada,Health care and social assistance [62],Payroll employees,2087715,A
19-Nov,Canada,Health care and social assistance [62],Job vacancy rate,3.3,A
19-Nov,Canada,"Arts, entertainment and recreation [71]",Job vacancies,12120,C
19-Nov,Canada,"Arts, entertainment and recreation [71]",Payroll employees,316385,A
19-Nov,Canada,"Arts, entertainment and recreation [71]",Job vacancy rate,3.7,C
19-Nov,Canada,Accommodation and food services [72],Job vacancies,64140,A
19-Nov,Canada,Accommodation and food services [72],Payroll employees,1359825,A
19-Nov,Canada,Accommodation and food services [72],Job vacancy rate,4.5,A
19-Nov,Canada,Other services (except public administration) [81],Job vacancies,21440,B
19-Nov,Canada,Other services (except public administration) [81],Payroll employees,560790,A
19-Nov,Canada,Other services (except public administration) [81],Job vacancy rate,3.7,B
19-Nov,Canada,Public administration [91],Job vacancies,9355,B
19-Nov,Canada,Public administration [91],Payroll employees,512475,A
19-Nov,Canada,Public administration [91],Job vacancy rate,1.8,B
19-Dec,Canada,"Total, all industries",Job vacancies,434340,A
19-Dec,Canada,"Total, all industries",Payroll employees,16526020,A
19-Dec,Canada,"Total, all industries",Job vacancy rate,2.6,A
19-Dec,Canada,"Agriculture, forestry, fishing and hunting [11]",Job vacancies,11700,D
19-Dec,Canada,"Agriculture, forestry, fishing and hunting [11]",Payroll employees,225740,A
19-Dec,Canada,"Agriculture, forestry, fishing and hunting [11]",Job vacancy rate,4.9,D
19-Dec,Canada,"Mining, quarrying, and oil and gas extraction [21]",Job vacancies,2815,C
19-Dec,Canada,"Mining, quarrying, and oil and gas extraction [21]",Payroll employees,202780,A
19-Dec,Canada,"Mining, quarrying, and oil and gas extraction [21]",Job vacancy rate,1.4,C
19-Dec,Canada,Utilities [22],Job vacancies,1140,E
19-Dec,Canada,Utilities [22],Payroll employees,127185,B
19-Dec,Canada,Utilities [22],Job vacancy rate,0.9,E
19-Dec,Canada,Construction [23],Job vacancies,25520,B
19-Dec,Canada,Construction [23],Payroll employees,1086275,A
19-Dec,Canada,Construction [23],Job vacancy rate,2.3,B
19-Dec,Canada,Manufacturing [31-33],Job vacancies,37980,B
19-Dec,Canada,Manufacturing [31-33],Payroll employees,1575440,A
19-Dec,Canada,Manufacturing [31-33],Job vacancy rate,2.4,B
19-Dec,Canada,Wholesale trade [41],Job vacancies,19390,B
19-Dec,Canada,Wholesale trade [41],Payroll employees,826345,A
19-Dec,Canada,Wholesale trade [41],Job vacancy rate,2.3,B
19-Dec,Canada,Retail trade [44-45],Job vacancies,49970,B
19-Dec,Canada,Retail trade [44-45],Payroll employees,2025440,A
19-Dec,Canada,Retail trade [44-45],Job vacancy rate,2.4,B
19-Dec,Canada,Transportation and warehousing [48-49],Job vacancies,22240,C
19-Dec,Canada,Transportation and warehousing [48-49],Payroll employees,800215,A
19-Dec,Canada,Transportation and warehousing [48-49],Job vacancy rate,2.7,B
19-Dec,Canada,Information and cultural industries [51],Job vacancies,11365,C
19-Dec,Canada,Information and cultural industries [51],Payroll employees,356205,A
19-Dec,Canada,Information and cultural industries [51],Job vacancy rate,3.1,C
19-Dec,Canada,Finance and insurance [52],Job vacancies,20970,B
19-Dec,Canada,Finance and insurance [52],Payroll employees,753665,A
19-Dec,Canada,Finance and insurance [52],Job vacancy rate,2.7,B
19-Dec,Canada,Real estate and rental and leasing [53],Job vacancies,6780,C
19-Dec,Canada,Real estate and rental and leasing [53],Payroll employees,295485,A
19-Dec,Canada,Real estate and rental and leasing [53],Job vacancy rate,2.2,C
19-Dec,Canada,"Professional, scientific and technical services [54]",Job vacancies,30430,B
19-Dec,Canada,"Professional, scientific and technical services [54]",Payroll employees,989465,A
19-Dec,Canada,"Professional, scientific and technical services [54]",Job vacancy rate,3,B
19-Dec,Canada,Management of companies and enterprises [55],Job vacancies,2095,D
19-Dec,Canada,Management of companies and enterprises [55],Payroll employees,110835,A
19-Dec,Canada,Management of companies and enterprises [55],Job vacancy rate,1.9,C
19-Dec,Canada,"Administrative and support, waste management and remediation services [56]",Job vacancies,25780,B
19-Dec,Canada,"Administrative and support, waste management and remediation services [56]",Payroll employees,870860,A
19-Dec,Canada,"Administrative and support, waste management and remediation services [56]",Job vacancy rate,2.9,B
19-Dec,Canada,Educational services [61],Job vacancies,13275,B
19-Dec,Canada,Educational services [61],Payroll employees,1466920,A
19-Dec,Canada,Educational services [61],Job vacancy rate,0.9,B
19-Dec,Canada,Health care and social assistance [62],Job vacancies,62085,A
19-Dec,Canada,Health care and social assistance [62],Payroll employees,2098175,A
19-Dec,Canada,Health care and social assistance [62],Job vacancy rate,2.9,A
19-Dec,Canada,"Arts, entertainment and recreation [71]",Job vacancies,8040,C
19-Dec,Canada,"Arts, entertainment and recreation [71]",Payroll employees,293630,A
19-Dec,Canada,"Arts, entertainment and recreation [71]",Job vacancy rate,2.7,C
19-Dec,Canada,Accommodation and food services [72],Job vacancies,52965,B
19-Dec,Canada,Accommodation and food services [72],Payroll employees,1343910,A
19-Dec,Canada,Accommodation and food services [72],Job vacancy rate,3.8,A
19-Dec,Canada,Other services (except public administration) [81],Job vacancies,21590,B
19-Dec,Canada,Other services (except public administration) [81],Payroll employees,560580,A
19-Dec,Canada,Other services (except public administration) [81],Job vacancy rate,3.7,B
19-Dec,Canada,Public administration [91],Job vacancies,8210,B
19-Dec,Canada,Public administration [91],Payroll employees,516865,A
19-Dec,Canada,Public administration [91],Job vacancy rate,1.6,B
20-Jan,Canada,"Total, all industries",Job vacancies,518485,A
20-Jan,Canada,"Total, all industries",Payroll employees,16548330,A
20-Jan,Canada,"Total, all industries",Job vacancy rate,3,A
20-Jan,Canada,"Agriculture, forestry, fishing and hunting [11]",Job vacancies,14840,C
20-Jan,Canada,"Agriculture, forestry, fishing and hunting [11]",Payroll employees,221630,A
20-Jan,Canada,"Agriculture, forestry, fishing and hunting [11]",Job vacancy rate,6.3,C
20-Jan,Canada,"Mining, quarrying, and oil and gas extraction [21]",Job vacancies,5020,C
20-Jan,Canada,"Mining, quarrying, and oil and gas extraction [21]",Payroll employees,199240,A
20-Jan,Canada,"Mining, quarrying, and oil and gas extraction [21]",Job vacancy rate,2.5,C
20-Jan,Canada,Utilities [22],Job vacancies,1125,E
20-Jan,Canada,Utilities [22],Payroll employees,128480,A
20-Jan,Canada,Utilities [22],Job vacancy rate,0.9,E
20-Jan,Canada,Construction [23],Job vacancies,34585,B
20-Jan,Canada,Construction [23],Payroll employees,1042460,A
20-Jan,Canada,Construction [23],Job vacancy rate,3.2,B
20-Jan,Canada,Manufacturing [31-33],Job vacancies,42330,B
20-Jan,Canada,Manufacturing [31-33],Payroll employees,1565870,A
20-Jan,Canada,Manufacturing [31-33],Job vacancy rate,2.6,B
20-Jan,Canada,Wholesale trade [41],Job vacancies,21635,B
20-Jan,Canada,Wholesale trade [41],Payroll employees,831675,A
20-Jan,Canada,Wholesale trade [41],Job vacancy rate,2.5,B
20-Jan,Canada,Retail trade [44-45],Job vacancies,49750,B
20-Jan,Canada,Retail trade [44-45],Payroll employees,2063345,A
20-Jan,Canada,Retail trade [44-45],Job vacancy rate,2.4,B
20-Jan,Canada,Transportation and warehousing [48-49],Job vacancies,32880,B
20-Jan,Canada,Transportation and warehousing [48-49],Payroll employees,814280,A
20-Jan,Canada,Transportation and warehousing [48-49],Job vacancy rate,3.9,B
20-Jan,Canada,Information and cultural industries [51],Job vacancies,11520,B
20-Jan,Canada,Information and cultural industries [51],Payroll employees,359010,A
20-Jan,Canada,Information and cultural industries [51],Job vacancy rate,3.1,B
20-Jan,Canada,Finance and insurance [52],Job vacancies,23945,B
20-Jan,Canada,Finance and insurance [52],Payroll employees,764480,A
20-Jan,Canada,Finance and insurance [52],Job vacancy rate,3,B
20-Jan,Canada,Real estate and rental and leasing [53],Job vacancies,6555,C
20-Jan,Canada,Real estate and rental and leasing [53],Payroll employees,300540,A
20-Jan,Canada,Real estate and rental and leasing [53],Job vacancy rate,2.1,C
20-Jan,Canada,"Professional, scientific and technical services [54]",Job vacancies,45745,D
20-Jan,Canada,"Professional, scientific and technical services [54]",Payroll employees,998930,A
20-Jan,Canada,"Professional, scientific and technical services [54]",Job vacancy rate,4.4,D
20-Jan,Canada,Management of companies and enterprises [55],Job vacancies,2200,D
20-Jan,Canada,Management of companies and enterprises [55],Payroll employees,112970,C
20-Jan,Canada,Management of companies and enterprises [55],Job vacancy rate,1.9,D
20-Jan,Canada,"Administrative and support, waste management and remediation services [56]",Job vacancies,36220,B
20-Jan,Canada,"Administrative and support, waste management and remediation services [56]",Payroll employees,854430,A
20-Jan,Canada,"Administrative and support, waste management and remediation services [56]",Job vacancy rate,4.1,B
20-Jan,Canada,Educational services [61],Job vacancies,16480,B
20-Jan,Canada,Educational services [61],Payroll employees,1469180,A
20-Jan,Canada,Educational services [61],Job vacancy rate,1.1,B
20-Jan,Canada,Health care and social assistance [62],Job vacancies,71495,A
20-Jan,Canada,Health care and social assistance [62],Payroll employees,2110690,A
20-Jan,Canada,Health care and social assistance [62],Job vacancy rate,3.3,A
20-Jan,Canada,"Arts, entertainment and recreation [71]",Job vacancies,8670,C
20-Jan,Canada,"Arts, entertainment and recreation [71]",Payroll employees,291880,A
20-Jan,Canada,"Arts, entertainment and recreation [71]",Job vacancy rate,2.9,C
20-Jan,Canada,Accommodation and food services [72],Job vacancies,57300,B
20-Jan,Canada,Accommodation and food services [72],Payroll employees,1336585,A
20-Jan,Canada,Accommodation and food services [72],Job vacancy rate,4.1,B
20-Jan,Canada,Other services (except public administration) [81],Job vacancies,28005,D
20-Jan,Canada,Other services (except public administration) [81],Payroll employees,561775,A
20-Jan,Canada,Other services (except public administration) [81],Job vacancy rate,4.7,D
20-Jan,Canada,Public administration [91],Job vacancies,8170,B
20-Jan,Canada,Public administration [91],Payroll employees,520880,A
20-Jan,Canada,Public administration [91],Job vacancy rate,1.5,B
20-Feb,Canada,"Total, all industries",Job vacancies,505665,A
20-Feb,Canada,"Total, all industries",Payroll employees,16073950,A
20-Feb,Canada,"Total, all industries",Job vacancy rate,3,A
20-Feb,Canada,"Agriculture, forestry, fishing and hunting [11]",Job vacancies,7495,D
20-Feb,Canada,"Agriculture, forestry, fishing and hunting [11]",Payroll employees,192165,A
20-Feb,Canada,"Agriculture, forestry, fishing and hunting [11]",Job vacancy rate,3.8,D
20-Feb,Canada,"Mining, quarrying, and oil and gas extraction [21]",Job vacancies,4915,C
20-Feb,Canada,"Mining, quarrying, and oil and gas extraction [21]",Payroll employees,193825,B
20-Feb,Canada,"Mining, quarrying, and oil and gas extraction [21]",Job vacancy rate,2.5,C
20-Feb,Canada,Utilities [22],Job vacancies,3065,E
20-Feb,Canada,Utilities [22],Payroll employees,127790,A
20-Feb,Canada,Utilities [22],Job vacancy rate,2.3,E
20-Feb,Canada,Construction [23],Job vacancies,34305,B
20-Feb,Canada,Construction [23],Payroll employees,946290,A
20-Feb,Canada,Construction [23],Job vacancy rate,3.5,B
20-Feb,Canada,Manufacturing [31-33],Job vacancies,42375,B
20-Feb,Canada,Manufacturing [31-33],Payroll employees,1537020,A
20-Feb,Canada,Manufacturing [31-33],Job vacancy rate,2.7,A
20-Feb,Canada,Wholesale trade [41],Job vacancies,23555,B
20-Feb,Canada,Wholesale trade [41],Payroll employees,816140,A
20-Feb,Canada,Wholesale trade [41],Job vacancy rate,2.8,B
20-Feb,Canada,Retail trade [44-45],Job vacancies,49290,B
20-Feb,Canada,Retail trade [44-45],Payroll employees,2001635,A
20-Feb,Canada,Retail trade [44-45],Job vacancy rate,2.4,B
20-Feb,Canada,Transportation and warehousing [48-49],Job vacancies,25725,B
20-Feb,Canada,Transportation and warehousing [48-49],Payroll employees,800245,A
20-Feb,Canada,Transportation and warehousing [48-49],Job vacancy rate,3.1,B
20-Feb,Canada,Information and cultural industries [51],Job vacancies,13865,B
20-Feb,Canada,Information and cultural industries [51],Payroll employees,355730,A
20-Feb,Canada,Information and cultural industries [51],Job vacancy rate,3.8,B
20-Feb,Canada,Finance and insurance [52],Job vacancies,20055,B
20-Feb,Canada,Finance and insurance [52],Payroll employees,753045,A
20-Feb,Canada,Finance and insurance [52],Job vacancy rate,2.6,B
20-Feb,Canada,Real estate and rental and leasing [53],Job vacancies,8475,C
20-Feb,Canada,Real estate and rental and leasing [53],Payroll employees,288295,A
20-Feb,Canada,Real estate and rental and leasing [53],Job vacancy rate,2.9,C
20-Feb,Canada,"Professional, scientific and technical services [54]",Job vacancies,41660,B
20-Feb,Canada,"Professional, scientific and technical services [54]",Payroll employees,985400,A
20-Feb,Canada,"Professional, scientific and technical services [54]",Job vacancy rate,4.1,B
20-Feb,Canada,Management of companies and enterprises [55],Job vacancies,2150,B
20-Feb,Canada,Management of companies and enterprises [55],Payroll employees,111495,A
20-Feb,Canada,Management of companies and enterprises [55],Job vacancy rate,1.9,B
20-Feb,Canada,"Administrative and support, waste management and remediation services [56]",Job vacancies,38605,B
20-Feb,Canada,"Administrative and support, waste management and remediation services [56]",Payroll employees,814870,A
20-Feb,Canada,"Administrative and support, waste management and remediation services [56]",Job vacancy rate,4.5,B
20-Feb,Canada,Educational services [61],Job vacancies,14355,B
20-Feb,Canada,Educational services [61],Payroll employees,1410065,A
20-Feb,Canada,Educational services [61],Job vacancy rate,1,B
20-Feb,Canada,Health care and social assistance [62],Job vacancies,74955,B
20-Feb,Canada,Health care and social assistance [62],Payroll employees,2098000,A
20-Feb,Canada,Health care and social assistance [62],Job vacancy rate,3.4,B
20-Feb,Canada,"Arts, entertainment and recreation [71]",Job vacancies,7725,B
20-Feb,Canada,"Arts, entertainment and recreation [71]",Payroll employees,286305,A
20-Feb,Canada,"Arts, entertainment and recreation [71]",Job vacancy rate,2.6,B
20-Feb,Canada,Accommodation and food services [72],Job vacancies,60565,B
20-Feb,Canada,Accommodation and food services [72],Payroll employees,1303240,A
20-Feb,Canada,Accommodation and food services [72],Job vacancy rate,4.4,B
20-Feb,Canada,Other services (except public administration) [81],Job vacancies,21605,B
20-Feb,Canada,Other services (except public administration) [81],Payroll employees,544695,A
20-Feb,Canada,Other services (except public administration) [81],Job vacancy rate,3.8,B
20-Feb,Canada,Public administration [91],Job vacancies,10915,B
20-Feb,Canada,Public administration [91],Payroll employees,507700,A
20-Feb,Canada,Public administration [91],Job vacancy rate,2.1,B
20-Mar,Canada,"Total, all industries",Job vacancies,522630,A
20-Mar,Canada,"Total, all industries",Payroll employees,16045335,A
20-Mar,Canada,"Total, all industries",Job vacancy rate,3.2,A
20-Mar,Canada,"Agriculture, forestry, fishing and hunting [11]",Job vacancies,14035,C
20-Mar,Canada,"Agriculture, forestry, fishing and hunting [11]",Payroll employees,190905,A
20-Mar,Canada,"Agriculture, forestry, fishing and hunting [11]",Job vacancy rate,6.8,C
20-Mar,Canada,"Mining, quarrying, and oil and gas extraction [21]",Job vacancies,2915,C
20-Mar,Canada,"Mining, quarrying, and oil and gas extraction [21]",Payroll employees,199105,A
20-Mar,Canada,"Mining, quarrying, and oil and gas extraction [21]",Job vacancy rate,1.4,C
20-Mar,Canada,Utilities [22],Job vacancies,,F
20-Mar,Canada,Utilities [22],Payroll employees,125635,A
20-Mar,Canada,Utilities [22],Job vacancy rate,,F
20-Mar,Canada,Construction [23],Job vacancies,36055,B
20-Mar,Canada,Construction [23],Payroll employees,962720,A
20-Mar,Canada,Construction [23],Job vacancy rate,3.6,B
20-Mar,Canada,Manufacturing [31-33],Job vacancies,40170,B
20-Mar,Canada,Manufacturing [31-33],Payroll employees,1539680,A
20-Mar,Canada,Manufacturing [31-33],Job vacancy rate,2.5,B
20-Mar,Canada,Wholesale trade [41],Job vacancies,19950,B
20-Mar,Canada,Wholesale trade [41],Payroll employees,813800,A
20-Mar,Canada,Wholesale trade [41],Job vacancy rate,2.4,B
20-Mar,Canada,Retail trade [44-45],Job vacancies,54045,B
20-Mar,Canada,Retail trade [44-45],Payroll employees,1952015,A
20-Mar,Canada,Retail trade [44-45],Job vacancy rate,2.7,B
20-Mar,Canada,Transportation and warehousing [48-49],Job vacancies,19960,C
20-Mar,Canada,Transportation and warehousing [48-49],Payroll employees,780485,B
20-Mar,Canada,Transportation and warehousing [48-49],Job vacancy rate,2.5,C
20-Mar,Canada,Information and cultural industries [51],Job vacancies,14190,C
20-Mar,Canada,Information and cultural industries [51],Payroll employees,354465,A
20-Mar,Canada,Information and cultural industries [51],Job vacancy rate,3.8,C
20-Mar,Canada,Finance and insurance [52],Job vacancies,22635,E
20-Mar,Canada,Finance and insurance [52],Payroll employees,747485,E
20-Mar,Canada,Finance and insurance [52],Job vacancy rate,2.9,E
20-Mar,Canada,Real estate and rental and leasing [53],Job vacancies,7400,C
20-Mar,Canada,Real estate and rental and leasing [53],Payroll employees,282825,A
20-Mar,Canada,Real estate and rental and leasing [53],Job vacancy rate,2.5,C
20-Mar,Canada,"Professional, scientific and technical services [54]",Job vacancies,39380,B
20-Mar,Canada,"Professional, scientific and technical services [54]",Payroll employees,983145,A
20-Mar,Canada,"Professional, scientific and technical services [54]",Job vacancy rate,3.9,B
20-Mar,Canada,Management of companies and enterprises [55],Job vacancies,2415,D
20-Mar,Canada,Management of companies and enterprises [55],Payroll employees,113650,B
20-Mar,Canada,Management of companies and enterprises [55],Job vacancy rate,2.1,D
20-Mar,Canada,"Administrative and support, waste management and remediation services [56]",Job vacancies,42770,C
20-Mar,Canada,"Administrative and support, waste management and remediation services [56]",Payroll employees,807480,A
20-Mar,Canada,"Administrative and support, waste management and remediation services [56]",Job vacancy rate,5,C
20-Mar,Canada,Educational services [61],Job vacancies,14350,B
20-Mar,Canada,Educational services [61],Payroll employees,1464910,A
20-Mar,Canada,Educational services [61],Job vacancy rate,1,B
20-Mar,Canada,Health care and social assistance [62],Job vacancies,72945,A
20-Mar,Canada,Health care and social assistance [62],Payroll employees,2094085,A
20-Mar,Canada,Health care and social assistance [62],Job vacancy rate,3.4,A
20-Mar,Canada,"Arts, entertainment and recreation [71]",Job vacancies,14785,C
20-Mar,Canada,"Arts, entertainment and recreation [71]",Payroll employees,287700,A
20-Mar,Canada,"Arts, entertainment and recreation [71]",Job vacancy rate,4.9,C
20-Mar,Canada,Accommodation and food services [72],Job vacancies,66815,B
20-Mar,Canada,Accommodation and food services [72],Payroll employees,1288915,A
20-Mar,Canada,Accommodation and food services [72],Job vacancy rate,4.9,B
20-Mar,Canada,Other services (except public administration) [81],Job vacancies,22535,B
20-Mar,Canada,Other services (except public administration) [81],Payroll employees,542610,A
20-Mar,Canada,Other services (except public administration) [81],Job vacancy rate,4,B
20-Mar,Canada,Public administration [91],Job vacancies,13675,B
20-Mar,Canada,Public administration [91],Payroll employees,513720,A
20-Mar,Canada,Public administration [91],Job vacancy rate,2.6,B
20-Oct,Canada,"Total, all industries",Job vacancies,619265,A
20-Oct,Canada,"Total, all industries",Payroll employees,15298240,A
20-Oct,Canada,"Total, all industries",Job vacancy rate,3.9,A
20-Oct,Canada,"Agriculture, forestry, fishing and hunting [11]",Job vacancies,17975,C
20-Oct,Canada,"Agriculture, forestry, fishing and hunting [11]",Payroll employees,264315,A
20-Oct,Canada,"Agriculture, forestry, fishing and hunting [11]",Job vacancy rate,6.4,C
20-Oct,Canada,"Mining, quarrying, and oil and gas extraction [21]",Job vacancies,4310,C
20-Oct,Canada,"Mining, quarrying, and oil and gas extraction [21]",Payroll employees,187045,A
20-Oct,Canada,"Mining, quarrying, and oil and gas extraction [21]",Job vacancy rate,2.3,C
20-Oct,Canada,Utilities [22],Job vacancies,,F
20-Oct,Canada,Utilities [22],Payroll employees,122580,A
20-Oct,Canada,Utilities [22],Job vacancy rate,,F
20-Oct,Canada,Construction [23],Job vacancies,46985,B
20-Oct,Canada,Construction [23],Payroll employees,1067280,A
20-Oct,Canada,Construction [23],Job vacancy rate,4.2,B
20-Oct,Canada,Manufacturing [31-33],Job vacancies,51495,B
20-Oct,Canada,Manufacturing [31-33],Payroll employees,1486950,A
20-Oct,Canada,Manufacturing [31-33],Job vacancy rate,3.3,B
20-Oct,Canada,Wholesale trade [41],Job vacancies,19850,B
20-Oct,Canada,Wholesale trade [41],Payroll employees,775730,A
20-Oct,Canada,Wholesale trade [41],Job vacancy rate,2.5,B
20-Oct,Canada,Retail trade [44-45],Job vacancies,115350,B
20-Oct,Canada,Retail trade [44-45],Payroll employees,1890965,A
20-Oct,Canada,Retail trade [44-45],Job vacancy rate,5.7,B
20-Oct,Canada,Transportation and warehousing [48-49],Job vacancies,31155,C
20-Oct,Canada,Transportation and warehousing [48-49],Payroll employees,750345,A
20-Oct,Canada,Transportation and warehousing [48-49],Job vacancy rate,4,C
20-Oct,Canada,Information and cultural industries [51],Job vacancies,9010,D
20-Oct,Canada,Information and cultural industries [51],Payroll employees,341290,A
20-Oct,Canada,Information and cultural industries [51],Job vacancy rate,2.6,D
20-Oct,Canada,Finance and insurance [52],Job vacancies,24275,B
20-Oct,Canada,Finance and insurance [52],Payroll employees,730955,A
20-Oct,Canada,Finance and insurance [52],Job vacancy rate,3.2,B
20-Oct,Canada,Real estate and rental and leasing [53],Job vacancies,5765,C
20-Oct,Canada,Real estate and rental and leasing [53],Payroll employees,252950,A
20-Oct,Canada,Real estate and rental and leasing [53],Job vacancy rate,2.2,C
20-Oct,Canada,"Professional, scientific and technical services [54]",Job vacancies,39540,B
20-Oct,Canada,"Professional, scientific and technical services [54]",Payroll employees,958455,A
20-Oct,Canada,"Professional, scientific and technical services [54]",Job vacancy rate,4,B
20-Oct,Canada,Management of companies and enterprises [55],Job vacancies,4080,E
20-Oct,Canada,Management of companies and enterprises [55],Payroll employees,112250,D
20-Oct,Canada,Management of companies and enterprises [55],Job vacancy rate,3.5,E
20-Oct,Canada,"Administrative and support, waste management and remediation services [56]",Job vacancies,51040,D
20-Oct,Canada,"Administrative and support, waste management and remediation services [56]",Payroll employees,781675,A
20-Oct,Canada,"Administrative and support, waste management and remediation services [56]",Job vacancy rate,6.1,D
20-Oct,Canada,Educational services [61],Job vacancies,17515,C
20-Oct,Canada,Educational services [61],Payroll employees,1242405,A
20-Oct,Canada,Educational services [61],Job vacancy rate,1.4,C
20-Oct,Canada,Health care and social assistance [62],Job vacancies,95525,A
20-Oct,Canada,Health care and social assistance [62],Payroll employees,2058695,A
20-Oct,Canada,Health care and social assistance [62],Job vacancy rate,4.4,A
20-Oct,Canada,"Arts, entertainment and recreation [71]",Job vacancies,3635,C
20-Oct,Canada,"Arts, entertainment and recreation [71]",Payroll employees,239705,A
20-Oct,Canada,"Arts, entertainment and recreation [71]",Job vacancy rate,1.5,C
20-Oct,Canada,Accommodation and food services [72],Job vacancies,52275,B
20-Oct,Canada,Accommodation and food services [72],Payroll employees,1050330,A
20-Oct,Canada,Accommodation and food services [72],Job vacancy rate,4.7,B
20-Oct,Canada,Other services (except public administration) [81],Job vacancies,20405,B
20-Oct,Canada,Other services (except public administration) [81],Payroll employees,489835,A
20-Oct,Canada,Other services (except public administration) [81],Job vacancy rate,4,B
20-Oct,Canada,Public administration [91],Job vacancies,7415,B
20-Oct,Canada,Public administration [91],Payroll employees,494480,A
20-Oct,Canada,Public administration [91],Job vacancy rate,1.5,B
20-Nov,Canada,"Total, all industries",Job vacancies,556570,A
20-Nov,Canada,"Total, all industries",Payroll employees,15496080,A
20-Nov,Canada,"Total, all industries",Job vacancy rate,3.5,A
20-Nov,Canada,"Agriculture, forestry, fishing and hunting [11]",Job vacancies,7655,C
20-Nov,Canada,"Agriculture, forestry, fishing and hunting [11]",Payroll employees,251690,A
20-Nov,Canada,"Agriculture, forestry, fishing and hunting [11]",Job vacancy rate,3,C
20-Nov,Canada,"Mining, quarrying, and oil and gas extraction [21]",Job vacancies,4445,D
20-Nov,Canada,"Mining, quarrying, and oil and gas extraction [21]",Payroll employees,182485,A
20-Nov,Canada,"Mining, quarrying, and oil and gas extraction [21]",Job vacancy rate,2.4,D
20-Nov,Canada,Utilities [22],Job vacancies,1535,D
20-Nov,Canada,Utilities [22],Payroll employees,122550,A
20-Nov,Canada,Utilities [22],Job vacancy rate,1.2,D
20-Nov,Canada,Construction [23],Job vacancies,42100,B
20-Nov,Canada,Construction [23],Payroll employees,1070565,A
20-Nov,Canada,Construction [23],Job vacancy rate,3.8,B
20-Nov,Canada,Manufacturing [31-33],Job vacancies,46955,B
20-Nov,Canada,Manufacturing [31-33],Payroll employees,1491165,A
20-Nov,Canada,Manufacturing [31-33],Job vacancy rate,3.1,A
20-Nov,Canada,Wholesale trade [41],Job vacancies,21030,B
20-Nov,Canada,Wholesale trade [41],Payroll employees,779050,A
20-Nov,Canada,Wholesale trade [41],Job vacancy rate,2.6,B
20-Nov,Canada,Retail trade [44-45],Job vacancies,78960,C
20-Nov,Canada,Retail trade [44-45],Payroll employees,1930475,A
20-Nov,Canada,Retail trade [44-45],Job vacancy rate,3.9,C
20-Nov,Canada,Transportation and warehousing [48-49],Job vacancies,35635,C
20-Nov,Canada,Transportation and warehousing [48-49],Payroll employees,772465,A
20-Nov,Canada,Transportation and warehousing [48-49],Job vacancy rate,4.4,C
20-Nov,Canada,Information and cultural industries [51],Job vacancies,10950,C
20-Nov,Canada,Information and cultural industries [51],Payroll employees,347315,A
20-Nov,Canada,Information and cultural industries [51],Job vacancy rate,3.1,C
20-Nov,Canada,Finance and insurance [52],Job vacancies,17785,D
20-Nov,Canada,Finance and insurance [52],Payroll employees,733240,C
20-Nov,Canada,Finance and insurance [52],Job vacancy rate,2.4,D
20-Nov,Canada,Real estate and rental and leasing [53],Job vacancies,4780,C
20-Nov,Canada,Real estate and rental and leasing [53],Payroll employees,253065,A
20-Nov,Canada,Real estate and rental and leasing [53],Job vacancy rate,1.9,C
20-Nov,Canada,"Professional, scientific and technical services [54]",Job vacancies,37055,B
20-Nov,Canada,"Professional, scientific and technical services [54]",Payroll employees,970055,A
20-Nov,Canada,"Professional, scientific and technical services [54]",Job vacancy rate,3.7,B
20-Nov,Canada,Management of companies and enterprises [55],Job vacancies,1360,D
20-Nov,Canada,Management of companies and enterprises [55],Payroll employees,117825,A
20-Nov,Canada,Management of companies and enterprises [55],Job vacancy rate,1.1,D
20-Nov,Canada,"Administrative and support, waste management and remediation services [56]",Job vacancies,39575,B
20-Nov,Canada,"Administrative and support, waste management and remediation services [56]",Payroll employees,792715,A
20-Nov,Canada,"Administrative and support, waste management and remediation services [56]",Job vacancy rate,4.8,B
20-Nov,Canada,Educational services [61],Job vacancies,13225,B
20-Nov,Canada,Educational services [61],Payroll employees,1375295,A
20-Nov,Canada,Educational services [61],Job vacancy rate,1,B
20-Nov,Canada,Health care and social assistance [62],Job vacancies,111270,A
20-Nov,Canada,Health care and social assistance [62],Payroll employees,2063915,A
20-Nov,Canada,Health care and social assistance [62],Job vacancy rate,5.1,A
20-Nov,Canada,"Arts, entertainment and recreation [71]",Job vacancies,8165,C
20-Nov,Canada,"Arts, entertainment and recreation [71]",Payroll employees,227860,A
20-Nov,Canada,"Arts, entertainment and recreation [71]",Job vacancy rate,3.5,C
20-Nov,Canada,Accommodation and food services [72],Job vacancies,43370,B
20-Nov,Canada,Accommodation and food services [72],Payroll employees,1032685,A
20-Nov,Canada,Accommodation and food services [72],Job vacancy rate,4,B
20-Nov,Canada,Other services (except public administration) [81],Job vacancies,21245,B
20-Nov,Canada,Other services (except public administration) [81],Payroll employees,496030,A
20-Nov,Canada,Other services (except public administration) [81],Job vacancy rate,4.1,B
20-Nov,Canada,Public administration [91],Job vacancies,9485,D
20-Nov,Canada,Public administration [91],Payroll employees,485630,A
20-Nov,Canada,Public administration [91],Job vacancy rate,1.9,D
20-Dec,Canada,"Total, all industries",Job vacancies,479335,A
20-Dec,Canada,"Total, all industries",Payroll employees,15397405,A
20-Dec,Canada,"Total, all industries",Job vacancy rate,3,A
20-Dec,Canada,"Agriculture, forestry, fishing and hunting [11]",Job vacancies,8705,C
20-Dec,Canada,"Agriculture, forestry, fishing and hunting [11]",Payroll employees,225510,A
20-Dec,Canada,"Agriculture, forestry, fishing and hunting [11]",Job vacancy rate,3.7,C
20-Dec,Canada,"Mining, quarrying, and oil and gas extraction [21]",Job vacancies,2895,D
20-Dec,Canada,"Mining, quarrying, and oil and gas extraction [21]",Payroll employees,191595,A
20-Dec,Canada,"Mining, quarrying, and oil and gas extraction [21]",Job vacancy rate,1.5,D
20-Dec,Canada,Utilities [22],Job vacancies,915,E
20-Dec,Canada,Utilities [22],Payroll employees,121760,A
20-Dec,Canada,Utilities [22],Job vacancy rate,0.7,E
20-Dec,Canada,Construction [23],Job vacancies,29565,B
20-Dec,Canada,Construction [23],Payroll employees,1048320,A
20-Dec,Canada,Construction [23],Job vacancy rate,2.7,B
20-Dec,Canada,Manufacturing [31-33],Job vacancies,41115,B
20-Dec,Canada,Manufacturing [31-33],Payroll employees,1478165,A
20-Dec,Canada,Manufacturing [31-33],Job vacancy rate,2.7,B
20-Dec,Canada,Wholesale trade [41],Job vacancies,19960,B
20-Dec,Canada,Wholesale trade [41],Payroll employees,779820,A
20-Dec,Canada,Wholesale trade [41],Job vacancy rate,2.5,B
20-Dec,Canada,Retail trade [44-45],Job vacancies,52075,C
20-Dec,Canada,Retail trade [44-45],Payroll employees,1960880,A
20-Dec,Canada,Retail trade [44-45],Job vacancy rate,2.6,C
20-Dec,Canada,Transportation and warehousing [48-49],Job vacancies,19975,D
20-Dec,Canada,Transportation and warehousing [48-49],Payroll employees,764645,A
20-Dec,Canada,Transportation and warehousing [48-49],Job vacancy rate,2.5,D
20-Dec,Canada,Information and cultural industries [51],Job vacancies,10575,D
20-Dec,Canada,Information and cultural industries [51],Payroll employees,343770,B
20-Dec,Canada,Information and cultural industries [51],Job vacancy rate,3,D
20-Dec,Canada,Finance and insurance [52],Job vacancies,24370,B
20-Dec,Canada,Finance and insurance [52],Payroll employees,736745,A
20-Dec,Canada,Finance and insurance [52],Job vacancy rate,3.2,B
20-Dec,Canada,Real estate and rental and leasing [53],Job vacancies,7130,C
20-Dec,Canada,Real estate and rental and leasing [53],Payroll employees,251925,A
20-Dec,Canada,Real estate and rental and leasing [53],Job vacancy rate,2.8,C
20-Dec,Canada,"Professional, scientific and technical services [54]",Job vacancies,36465,B
20-Dec,Canada,"Professional, scientific and technical services [54]",Payroll employees,979375,A
20-Dec,Canada,"Professional, scientific and technical services [54]",Job vacancy rate,3.6,B
20-Dec,Canada,Management of companies and enterprises [55],Job vacancies,1850,D
20-Dec,Canada,Management of companies and enterprises [55],Payroll employees,114810,A
20-Dec,Canada,Management of companies and enterprises [55],Job vacancy rate,1.6,D
20-Dec,Canada,"Administrative and support, waste management and remediation services [56]",Job vacancies,35490,B
20-Dec,Canada,"Administrative and support, waste management and remediation services [56]",Payroll employees,788410,A
20-Dec,Canada,"Administrative and support, waste management and remediation services [56]",Job vacancy rate,4.3,B
20-Dec,Canada,Educational services [61],Job vacancies,14595,B
20-Dec,Canada,Educational services [61],Payroll employees,1394315,A
20-Dec,Canada,Educational services [61],Job vacancy rate,1,B
20-Dec,Canada,Health care and social assistance [62],Job vacancies,100475,B
20-Dec,Canada,Health care and social assistance [62],Payroll employees,2087735,A
20-Dec,Canada,Health care and social assistance [62],Job vacancy rate,4.6,B
20-Dec,Canada,"Arts, entertainment and recreation [71]",Job vacancies,7695,E
20-Dec,Canada,"Arts, entertainment and recreation [71]",Payroll employees,196305,A
20-Dec,Canada,"Arts, entertainment and recreation [71]",Job vacancy rate,3.8,E
20-Dec,Canada,Accommodation and food services [72],Job vacancies,45040,C
20-Dec,Canada,Accommodation and food services [72],Payroll employees,957130,A
20-Dec,Canada,Accommodation and food services [72],Job vacancy rate,4.5,B
20-Dec,Canada,Other services (except public administration) [81],Job vacancies,14750,C
20-Dec,Canada,Other services (except public administration) [81],Payroll employees,493975,A
20-Dec,Canada,Other services (except public administration) [81],Job vacancy rate,2.9,C
20-Dec,Canada,Public administration [91],Job vacancies,5700,B
20-Dec,Canada,Public administration [91],Payroll employees,482215,A
20-Dec,Canada,Public administration [91],Job vacancy rate,1.2,B
21-Jan,Canada,"Total, all industries",Job vacancies,495540,A
21-Jan,Canada,"Total, all industries",Payroll employees,15465290,A
21-Jan,Canada,"Total, all industries",Job vacancy rate,3.1,A
21-Jan,Canada,"Agriculture, forestry, fishing and hunting [11]",Job vacancies,12140,C
21-Jan,Canada,"Agriculture, forestry, fishing and hunting [11]",Payroll employees,220465,A
21-Jan,Canada,"Agriculture, forestry, fishing and hunting [11]",Job vacancy rate,5.2,C
21-Jan,Canada,"Mining, quarrying, and oil and gas extraction [21]",Job vacancies,5720,D
21-Jan,Canada,"Mining, quarrying, and oil and gas extraction [21]",Payroll employees,186880,A
21-Jan,Canada,"Mining, quarrying, and oil and gas extraction [21]",Job vacancy rate,3,D
21-Jan,Canada,Utilities [22],Job vacancies,1135,D
21-Jan,Canada,Utilities [22],Payroll employees,123435,A
21-Jan,Canada,Utilities [22],Job vacancy rate,0.9,D
21-Jan,Canada,Construction [23],Job vacancies,40500,B
21-Jan,Canada,Construction [23],Payroll employees,1009130,A
21-Jan,Canada,Construction [23],Job vacancy rate,3.9,B
21-Jan,Canada,Manufacturing [31-33],Job vacancies,52780,B
21-Jan,Canada,Manufacturing [31-33],Payroll employees,1488660,A
21-Jan,Canada,Manufacturing [31-33],Job vacancy rate,3.4,A
21-Jan,Canada,Wholesale trade [41],Job vacancies,21525,B
21-Jan,Canada,Wholesale trade [41],Payroll employees,789790,A
21-Jan,Canada,Wholesale trade [41],Job vacancy rate,2.7,B
21-Jan,Canada,Retail trade [44-45],Job vacancies,44160,C
21-Jan,Canada,Retail trade [44-45],Payroll employees,1993050,A
21-Jan,Canada,Retail trade [44-45],Job vacancy rate,2.2,C
21-Jan,Canada,Transportation and warehousing [48-49],Job vacancies,28560,C
21-Jan,Canada,Transportation and warehousing [48-49],Payroll employees,784970,A
21-Jan,Canada,Transportation and warehousing [48-49],Job vacancy rate,3.5,C
21-Jan,Canada,Information and cultural industries [51],Job vacancies,8905,D
21-Jan,Canada,Information and cultural industries [51],Payroll employees,343990,A
21-Jan,Canada,Information and cultural industries [51],Job vacancy rate,2.5,C
21-Jan,Canada,Finance and insurance [52],Job vacancies,26770,B
21-Jan,Canada,Finance and insurance [52],Payroll employees,748345,A
21-Jan,Canada,Finance and insurance [52],Job vacancy rate,3.5,B
21-Jan,Canada,Real estate and rental and leasing [53],Job vacancies,5615,C
21-Jan,Canada,Real estate and rental and leasing [53],Payroll employees,260230,A
21-Jan,Canada,Real estate and rental and leasing [53],Job vacancy rate,2.1,C
21-Jan,Canada,"Professional, scientific and technical services [54]",Job vacancies,46290,B
21-Jan,Canada,"Professional, scientific and technical services [54]",Payroll employees,991190,A
21-Jan,Canada,"Professional, scientific and technical services [54]",Job vacancy rate,4.5,B
21-Jan,Canada,Management of companies and enterprises [55],Job vacancies,3060,B
21-Jan,Canada,Management of companies and enterprises [55],Payroll employees,115885,A
21-Jan,Canada,Management of companies and enterprises [55],Job vacancy rate,2.6,B
21-Jan,Canada,"Administrative and support, waste management and remediation services [56]",Job vacancies,31615,B
21-Jan,Canada,"Administrative and support, waste management and remediation services [56]",Payroll employees,788575,A
21-Jan,Canada,"Administrative and support, waste management and remediation services [56]",Job vacancy rate,3.9,B
21-Jan,Canada,Educational services [61],Job vacancies,15980,B
21-Jan,Canada,Educational services [61],Payroll employees,1405605,A
21-Jan,Canada,Educational services [61],Job vacancy rate,1.1,B
21-Jan,Canada,Health care and social assistance [62],Job vacancies,88710,A
21-Jan,Canada,Health care and social assistance [62],Payroll employees,2105670,A
21-Jan,Canada,Health care and social assistance [62],Job vacancy rate,4,A
21-Jan,Canada,"Arts, entertainment and recreation [71]",Job vacancies,4065,D
21-Jan,Canada,"Arts, entertainment and recreation [71]",Payroll employees,194325,A
21-Jan,Canada,"Arts, entertainment and recreation [71]",Job vacancy rate,2,D
21-Jan,Canada,Accommodation and food services [72],Job vacancies,33015,B
21-Jan,Canada,Accommodation and food services [72],Payroll employees,924830,A
21-Jan,Canada,Accommodation and food services [72],Job vacancy rate,3.4,B
21-Jan,Canada,Other services (except public administration) [81],Job vacancies,17170,C
21-Jan,Canada,Other services (except public administration) [81],Payroll employees,496440,A
21-Jan,Canada,Other services (except public administration) [81],Job vacancy rate,3.3,B
21-Jan,Canada,Public administration [91],Job vacancies,7820,B
21-Jan,Canada,Public administration [91],Payroll employees,493825,A
21-Jan,Canada,Public administration [91],Job vacancy rate,1.6,B
21-Feb,Canada,"Total, all industries",Job vacancies,537390,A
21-Feb,Canada,"Total, all industries",Payroll employees,14820290,A
21-Feb,Canada,"Total, all industries",Job vacancy rate,3.5,A
21-Feb,Canada,"Agriculture, forestry, fishing and hunting [11]",Job vacancies,8770,C
21-Feb,Canada,"Agriculture, forestry, fishing and hunting [11]",Payroll employees,194690,A
21-Feb,Canada,"Agriculture, forestry, fishing and hunting [11]",Job vacancy rate,4.3,C
21-Feb,Canada,"Mining, quarrying, and oil and gas extraction [21]",Job vacancies,5875,D
21-Feb,Canada,"Mining, quarrying, and oil and gas extraction [21]",Payroll employees,177935,A
21-Feb,Canada,"Mining, quarrying, and oil and gas extraction [21]",Job vacancy rate,3.2,D
21-Feb,Canada,Utilities [22],Job vacancies,1380,D
21-Feb,Canada,Utilities [22],Payroll employees,121290,A
21-Feb,Canada,Utilities [22],Job vacancy rate,1.1,D
21-Feb,Canada,Construction [23],Job vacancies,39315,B
21-Feb,Canada,Construction [23],Payroll employees,938570,A
21-Feb,Canada,Construction [23],Job vacancy rate,4,B
21-Feb,Canada,Manufacturing [31-33],Job vacancies,49460,A
21-Feb,Canada,Manufacturing [31-33],Payroll employees,1454720,A
21-Feb,Canada,Manufacturing [31-33],Job vacancy rate,3.3,A
21-Feb,Canada,Wholesale trade [41],Job vacancies,22915,B
21-Feb,Canada,Wholesale trade [41],Payroll employees,772720,A
21-Feb,Canada,Wholesale trade [41],Job vacancy rate,2.9,B
21-Feb,Canada,Retail trade [44-45],Job vacancies,48880,C
21-Feb,Canada,Retail trade [44-45],Payroll employees,1849030,A
21-Feb,Canada,Retail trade [44-45],Job vacancy rate,2.6,C
21-Feb,Canada,Transportation and warehousing [48-49],Job vacancies,27470,C
21-Feb,Canada,Transportation and warehousing [48-49],Payroll employees,763330,A
21-Feb,Canada,Transportation and warehousing [48-49],Job vacancy rate,3.5,C
21-Feb,Canada,Information and cultural industries [51],Job vacancies,11250,C
21-Feb,Canada,Information and cultural industries [51],Payroll employees,341040,A
21-Feb,Canada,Information and cultural industries [51],Job vacancy rate,3.2,C
21-Feb,Canada,Finance and insurance [52],Job vacancies,19405,E
21-Feb,Canada,Finance and insurance [52],Payroll employees,737330,D
21-Feb,Canada,Finance and insurance [52],Job vacancy rate,2.6,E
21-Feb,Canada,Real estate and rental and leasing [53],Job vacancies,6910,D
21-Feb,Canada,Real estate and rental and leasing [53],Payroll employees,247035,A
21-Feb,Canada,Real estate and rental and leasing [53],Job vacancy rate,2.7,D
21-Feb,Canada,"Professional, scientific and technical services [54]",Job vacancies,50000,B
21-Feb,Canada,"Professional, scientific and technical services [54]",Payroll employees,993260,A
21-Feb,Canada,"Professional, scientific and technical services [54]",Job vacancy rate,4.8,B
21-Feb,Canada,Management of companies and enterprises [55],Job vacancies,1510,D
21-Feb,Canada,Management of companies and enterprises [55],Payroll employees,115755,A
21-Feb,Canada,Management of companies and enterprises [55],Job vacancy rate,1.3,D
21-Feb,Canada,"Administrative and support, waste management and remediation services [56]",Job vacancies,34665,B
21-Feb,Canada,"Administrative and support, waste management and remediation services [56]",Payroll employees,759995,A
21-Feb,Canada,"Administrative and support, waste management and remediation services [56]",Job vacancy rate,4.4,B
21-Feb,Canada,Educational services [61],Job vacancies,14200,B
21-Feb,Canada,Educational services [61],Payroll employees,1333225,A
21-Feb,Canada,Educational services [61],Job vacancy rate,1.1,B
21-Feb,Canada,Health care and social assistance [62],Job vacancies,117285,A
21-Feb,Canada,Health care and social assistance [62],Payroll employees,2088660,A
21-Feb,Canada,Health care and social assistance [62],Job vacancy rate,5.3,A
21-Feb,Canada,"Arts, entertainment and recreation [71]",Job vacancies,4885,C
21-Feb,Canada,"Arts, entertainment and recreation [71]",Payroll employees,161460,A
21-Feb,Canada,"Arts, entertainment and recreation [71]",Job vacancy rate,2.9,C
21-Feb,Canada,Accommodation and food services [72],Job vacancies,40275,B
21-Feb,Canada,Accommodation and food services [72],Payroll employees,844870,A
21-Feb,Canada,Accommodation and food services [72],Job vacancy rate,4.6,B
21-Feb,Canada,Other services (except public administration) [81],Job vacancies,22205,C
21-Feb,Canada,Other services (except public administration) [81],Payroll employees,459150,A
21-Feb,Canada,Other services (except public administration) [81],Job vacancy rate,4.6,C
21-Feb,Canada,Public administration [91],Job vacancies,10735,B
21-Feb,Canada,Public administration [91],Payroll employees,466220,A
21-Feb,Canada,Public administration [91],Job vacancy rate,2.3,B
21-Mar,Canada,"Total, all industries",Job vacancies,632075,A
21-Mar,Canada,"Total, all industries",Payroll employees,14887490,A
21-Mar,Canada,"Total, all industries",Job vacancy rate,4.1,A
21-Mar,Canada,"Agriculture, forestry, fishing and hunting [11]",Job vacancies,14080,C
21-Mar,Canada,"Agriculture, forestry, fishing and hunting [11]",Payroll employees,196340,A
21-Mar,Canada,"Agriculture, forestry, fishing and hunting [11]",Job vacancy rate,6.7,B
21-Mar,Canada,"Mining, quarrying, and oil and gas extraction [21]",Job vacancies,3545,D
21-Mar,Canada,"Mining, quarrying, and oil and gas extraction [21]",Payroll employees,182180,C
21-Mar,Canada,"Mining, quarrying, and oil and gas extraction [21]",Job vacancy rate,1.9,D
21-Mar,Canada,Utilities [22],Job vacancies,1515,D
21-Mar,Canada,Utilities [22],Payroll employees,121225,A
21-Mar,Canada,Utilities [22],Job vacancy rate,1.2,D
21-Mar,Canada,Construction [23],Job vacancies,59220,C
21-Mar,Canada,Construction [23],Payroll employees,945025,A
21-Mar,Canada,Construction [23],Job vacancy rate,5.9,C
21-Mar,Canada,Manufacturing [31-33],Job vacancies,54975,A
21-Mar,Canada,Manufacturing [31-33],Payroll employees,1463220,A
21-Mar,Canada,Manufacturing [31-33],Job vacancy rate,3.6,A
21-Mar,Canada,Wholesale trade [41],Job vacancies,25005,B
21-Mar,Canada,Wholesale trade [41],Payroll employees,774840,A
21-Mar,Canada,Wholesale trade [41],Job vacancy rate,3.1,B
21-Mar,Canada,Retail trade [44-45],Job vacancies,77805,C
21-Mar,Canada,Retail trade [44-45],Payroll employees,1820840,A
21-Mar,Canada,Retail trade [44-45],Job vacancy rate,4.1,C
21-Mar,Canada,Transportation and warehousing [48-49],Job vacancies,25270,D
21-Mar,Canada,Transportation and warehousing [48-49],Payroll employees,757195,A
21-Mar,Canada,Transportation and warehousing [48-49],Job vacancy rate,3.2,D
21-Mar,Canada,Information and cultural industries [51],Job vacancies,12335,D
21-Mar,Canada,Information and cultural industries [51],Payroll employees,341310,B
21-Mar,Canada,Information and cultural industries [51],Job vacancy rate,3.5,C
21-Mar,Canada,Finance and insurance [52],Job vacancies,25650,B
21-Mar,Canada,Finance and insurance [52],Payroll employees,742510,A
21-Mar,Canada,Finance and insurance [52],Job vacancy rate,3.3,B
21-Mar,Canada,Real estate and rental and leasing [53],Job vacancies,7565,C
21-Mar,Canada,Real estate and rental and leasing [53],Payroll employees,249515,A
21-Mar,Canada,Real estate and rental and leasing [53],Job vacancy rate,2.9,C
21-Mar,Canada,"Professional, scientific and technical services [54]",Job vacancies,47075,B
21-Mar,Canada,"Professional, scientific and technical services [54]",Payroll employees,997635,A
21-Mar,Canada,"Professional, scientific and technical services [54]",Job vacancy rate,4.5,A
21-Mar,Canada,Management of companies and enterprises [55],Job vacancies,2425,B
21-Mar,Canada,Management of companies and enterprises [55],Payroll employees,115695,A
21-Mar,Canada,Management of companies and enterprises [55],Job vacancy rate,2.1,B
21-Mar,Canada,"Administrative and support, waste management and remediation services [56]",Job vacancies,42325,B
21-Mar,Canada,"Administrative and support, waste management and remediation services [56]",Payroll employees,749135,A
21-Mar,Canada,"Administrative and support, waste management and remediation services [56]",Job vacancy rate,5.3,B
21-Mar,Canada,Educational services [61],Job vacancies,16140,B
21-Mar,Canada,Educational services [61],Payroll employees,1383115,A
21-Mar,Canada,Educational services [61],Job vacancy rate,1.2,B
21-Mar,Canada,Health care and social assistance [62],Job vacancies,97545,A
21-Mar,Canada,Health care and social assistance [62],Payroll employees,2100060,A
21-Mar,Canada,Health care and social assistance [62],Job vacancy rate,4.4,A
21-Mar,Canada,"Arts, entertainment and recreation [71]",Job vacancies,9565,C
21-Mar,Canada,"Arts, entertainment and recreation [71]",Payroll employees,159105,A
21-Mar,Canada,"Arts, entertainment and recreation [71]",Job vacancy rate,5.7,C
21-Mar,Canada,Accommodation and food services [72],Job vacancies,71570,B
21-Mar,Canada,Accommodation and food services [72],Payroll employees,856190,A
21-Mar,Canada,Accommodation and food services [72],Job vacancy rate,7.7,B
21-Mar,Canada,Other services (except public administration) [81],Job vacancies,25795,B
21-Mar,Canada,Other services (except public administration) [81],Payroll employees,465235,A
21-Mar,Canada,Other services (except public administration) [81],Job vacancy rate,5.3,B
21-Mar,Canada,Public administration [91],Job vacancies,12665,B
21-Mar,Canada,Public administration [91],Payroll employees,467120,A
21-Mar,Canada,Public administration [91],Job vacancy rate,2.6,B
21-Apr,Canada,"Total, all industries",Job vacancies,693955,A
21-Apr,Canada,"Total, all industries",Payroll employees,15166650,A
21-Apr,Canada,"Total, all industries",Job vacancy rate,4.4,A
21-Apr,Canada,"Agriculture, forestry, fishing and hunting [11]",Job vacancies,15185,C
21-Apr,Canada,"Agriculture, forestry, fishing and hunting [11]",Payroll employees,202130,A
21-Apr,Canada,"Agriculture, forestry, fishing and hunting [11]",Job vacancy rate,7,C
21-Apr,Canada,"Mining, quarrying, and oil and gas extraction [21]",Job vacancies,8220,C
21-Apr,Canada,"Mining, quarrying, and oil and gas extraction [21]",Payroll employees,186040,A
21-Apr,Canada,"Mining, quarrying, and oil and gas extraction [21]",Job vacancy rate,4.2,C
21-Apr,Canada,Utilities [22],Job vacancies,3280,E
21-Apr,Canada,Utilities [22],Payroll employees,120590,A
21-Apr,Canada,Utilities [22],Job vacancy rate,2.6,E
21-Apr,Canada,Construction [23],Job vacancies,62745,B
21-Apr,Canada,Construction [23],Payroll employees,970530,A
21-Apr,Canada,Construction [23],Job vacancy rate,6.1,B
21-Apr,Canada,Manufacturing [31-33],Job vacancies,69160,A
21-Apr,Canada,Manufacturing [31-33],Payroll employees,1473090,A
21-Apr,Canada,Manufacturing [31-33],Job vacancy rate,4.5,A
21-Apr,Canada,Wholesale trade [41],Job vacancies,29460,B
21-Apr,Canada,Wholesale trade [41],Payroll employees,776225,A
21-Apr,Canada,Wholesale trade [41],Job vacancy rate,3.7,B
21-Apr,Canada,Retail trade [44-45],Job vacancies,76425,B
21-Apr,Canada,Retail trade [44-45],Payroll employees,1906290,A
21-Apr,Canada,Retail trade [44-45],Job vacancy rate,3.9,B
21-Apr,Canada,Transportation and warehousing [48-49],Job vacancies,33390,D
21-Apr,Canada,Transportation and warehousing [48-49],Payroll employees,755435,A
21-Apr,Canada,Transportation and warehousing [48-49],Job vacancy rate,4.2,C
21-Apr,Canada,Information and cultural industries [51],Job vacancies,11870,C
21-Apr,Canada,Information and cultural industries [51],Payroll employees,343050,A
21-Apr,Canada,Information and cultural industries [51],Job vacancy rate,3.3,C
21-Apr,Canada,Finance and insurance [52],Job vacancies,27460,B
21-Apr,Canada,Finance and insurance [52],Payroll employees,750805,A
21-Apr,Canada,Finance and insurance [52],Job vacancy rate,3.5,B
21-Apr,Canada,Real estate and rental and leasing [53],Job vacancies,8215,C
21-Apr,Canada,Real estate and rental and leasing [53],Payroll employees,250790,A
21-Apr,Canada,Real estate and rental and leasing [53],Job vacancy rate,3.2,C
21-Apr,Canada,"Professional, scientific and technical services [54]",Job vacancies,53785,B
21-Apr,Canada,"Professional, scientific and technical services [54]",Payroll employees,1008605,A
21-Apr,Canada,"Professional, scientific and technical services [54]",Job vacancy rate,5.1,B
21-Apr,Canada,Management of companies and enterprises [55],Job vacancies,3890,D
21-Apr,Canada,Management of companies and enterprises [55],Payroll employees,114985,A
21-Apr,Canada,Management of companies and enterprises [55],Job vacancy rate,3.3,D
21-Apr,Canada,"Administrative and support, waste management and remediation services [56]",Job vacancies,48245,B
21-Apr,Canada,"Administrative and support, waste management and remediation services [56]",Payroll employees,752470,A
21-Apr,Canada,"Administrative and support, waste management and remediation services [56]",Job vacancy rate,6,B
21-Apr,Canada,Educational services [61],Job vacancies,16445,B
21-Apr,Canada,Educational services [61],Payroll employees,1415640,A
21-Apr,Canada,Educational services [61],Job vacancy rate,1.1,B
21-Apr,Canada,Health care and social assistance [62],Job vacancies,103735,B
21-Apr,Canada,Health care and social assistance [62],Payroll employees,2111655,A
21-Apr,Canada,Health care and social assistance [62],Job vacancy rate,4.7,B
21-Apr,Canada,"Arts, entertainment and recreation [71]",Job vacancies,17060,C
21-Apr,Canada,"Arts, entertainment and recreation [71]",Payroll employees,175785,A
21-Apr,Canada,"Arts, entertainment and recreation [71]",Job vacancy rate,8.8,B
21-Apr,Canada,Accommodation and food services [72],Job vacancies,64510,B
21-Apr,Canada,Accommodation and food services [72],Payroll employees,900375,A
21-Apr,Canada,Accommodation and food services [72],Job vacancy rate,6.7,B
21-Apr,Canada,Other services (except public administration) [81],Job vacancies,28085,B
21-Apr,Canada,Other services (except public administration) [81],Payroll employees,479225,A
21-Apr,Canada,Other services (except public administration) [81],Job vacancy rate,5.5,B
21-Apr,Canada,Public administration [91],Job vacancies,12790,B
21-Apr,Canada,Public administration [91],Payroll employees,472940,A
21-Apr,Canada,Public administration [91],Job vacancy rate,2.6,B
21-May,Canada,"Total, all industries",Job vacancies,706345,A
21-May,Canada,"Total, all industries",Payroll employees,15404180,A
21-May,Canada,"Total, all industries",Job vacancy rate,4.4,A
21-May,Canada,"Agriculture, forestry, fishing and hunting [11]",Job vacancies,15805,C
21-May,Canada,"Agriculture, forestry, fishing and hunting [11]",Payroll employees,225105,A
21-May,Canada,"Agriculture, forestry, fishing and hunting [11]",Job vacancy rate,6.6,C
21-May,Canada,"Mining, quarrying, and oil and gas extraction [21]",Job vacancies,7665,D
21-May,Canada,"Mining, quarrying, and oil and gas extraction [21]",Payroll employees,184045,A
21-May,Canada,"Mining, quarrying, and oil and gas extraction [21]",Job vacancy rate,4,D
21-May,Canada,Utilities [22],Job vacancies,2205,C
21-May,Canada,Utilities [22],Payroll employees,122115,A
21-May,Canada,Utilities [22],Job vacancy rate,1.8,C
21-May,Canada,Construction [23],Job vacancies,58615,B
21-May,Canada,Construction [23],Payroll employees,1014855,A
21-May,Canada,Construction [23],Job vacancy rate,5.5,B
21-May,Canada,Manufacturing [31-33],Job vacancies,62380,A
21-May,Canada,Manufacturing [31-33],Payroll employees,1493010,A
21-May,Canada,Manufacturing [31-33],Job vacancy rate,4,A
21-May,Canada,Wholesale trade [41],Job vacancies,29630,B
21-May,Canada,Wholesale trade [41],Payroll employees,784115,A
21-May,Canada,Wholesale trade [41],Job vacancy rate,3.6,B
21-May,Canada,Retail trade [44-45],Job vacancies,89050,C
21-May,Canada,Retail trade [44-45],Payroll employees,1937140,A
21-May,Canada,Retail trade [44-45],Job vacancy rate,4.4,C
21-May,Canada,Transportation and warehousing [48-49],Job vacancies,33110,C
21-May,Canada,Transportation and warehousing [48-49],Payroll employees,759185,A
21-May,Canada,Transportation and warehousing [48-49],Job vacancy rate,4.2,C
21-May,Canada,Information and cultural industries [51],Job vacancies,14140,C
21-May,Canada,Information and cultural industries [51],Payroll employees,347130,A
21-May,Canada,Information and cultural industries [51],Job vacancy rate,3.9,C
21-May,Canada,Finance and insurance [52],Job vacancies,19125,D
21-May,Canada,Finance and insurance [52],Payroll employees,753700,A
21-May,Canada,Finance and insurance [52],Job vacancy rate,2.5,D
21-May,Canada,Real estate and rental and leasing [53],Job vacancies,6570,C
21-May,Canada,Real estate and rental and leasing [53],Payroll employees,251015,A
21-May,Canada,Real estate and rental and leasing [53],Job vacancy rate,2.6,C
21-May,Canada,"Professional, scientific and technical services [54]",Job vacancies,48660,B
21-May,Canada,"Professional, scientific and technical services [54]",Payroll employees,1018090,A
21-May,Canada,"Professional, scientific and technical services [54]",Job vacancy rate,4.6,B
21-May,Canada,Management of companies and enterprises [55],Job vacancies,2590,C
21-May,Canada,Management of companies and enterprises [55],Payroll employees,115360,A
21-May,Canada,Management of companies and enterprises [55],Job vacancy rate,2.2,C
21-May,Canada,"Administrative and support, waste management and remediation services [56]",Job vacancies,46020,B
21-May,Canada,"Administrative and support, waste management and remediation services [56]",Payroll employees,778655,A
21-May,Canada,"Administrative and support, waste management and remediation services [56]",Job vacancy rate,5.6,B
21-May,Canada,Educational services [61],Job vacancies,16655,B
21-May,Canada,Educational services [61],Payroll employees,1417175,A
21-May,Canada,Educational services [61],Job vacancy rate,1.2,B
21-May,Canada,Health care and social assistance [62],Job vacancies,120265,A
21-May,Canada,Health care and social assistance [62],Payroll employees,2138935,A
21-May,Canada,Health care and social assistance [62],Job vacancy rate,5.3,A
21-May,Canada,"Arts, entertainment and recreation [71]",Job vacancies,13615,C
21-May,Canada,"Arts, entertainment and recreation [71]",Payroll employees,189515,A
21-May,Canada,"Arts, entertainment and recreation [71]",Job vacancy rate,6.7,C
21-May,Canada,Accommodation and food services [72],Job vacancies,78365,B
21-May,Canada,Accommodation and food services [72],Payroll employees,921860,A
21-May,Canada,Accommodation and food services [72],Job vacancy rate,7.8,B
21-May,Canada,Other services (except public administration) [81],Job vacancies,26855,B
21-May,Canada,Other services (except public administration) [81],Payroll employees,481015,A
21-May,Canada,Other services (except public administration) [81],Job vacancy rate,5.3,B
21-May,Canada,Public administration [91],Job vacancies,15020,B
21-May,Canada,Public administration [91],Payroll employees,472160,A
21-May,Canada,Public administration [91],Job vacancy rate,3.1,B
21-Jun,Canada,"Total, all industries",Job vacancies,797800,A
21-Jun,Canada,"Total, all industries",Payroll employees,15388890,A
21-Jun,Canada,"Total, all industries",Job vacancy rate,4.9,A
21-Jun,Canada,"Agriculture, forestry, fishing and hunting [11]",Job vacancies,16440,C
21-Jun,Canada,"Agriculture, forestry, fishing and hunting [11]",Payroll employees,249890,A
21-Jun,Canada,"Agriculture, forestry, fishing and hunting [11]",Job vacancy rate,6.2,C
21-Jun,Canada,"Mining, quarrying, and oil and gas extraction [21]",Job vacancies,5920,D
21-Jun,Canada,"Mining, quarrying, and oil and gas extraction [21]",Payroll employees,183125,A
21-Jun,Canada,"Mining, quarrying, and oil and gas extraction [21]",Job vacancy rate,3.1,D
21-Jun,Canada,Utilities [22],Job vacancies,,F
21-Jun,Canada,Utilities [22],Payroll employees,124255,D
21-Jun,Canada,Utilities [22],Job vacancy rate,,F
21-Jun,Canada,Construction [23],Job vacancies,67325,B
21-Jun,Canada,Construction [23],Payroll employees,1064670,A
21-Jun,Canada,Construction [23],Job vacancy rate,5.9,B
21-Jun,Canada,Manufacturing [31-33],Job vacancies,65995,A
21-Jun,Canada,Manufacturing [31-33],Payroll employees,1508455,A
21-Jun,Canada,Manufacturing [31-33],Job vacancy rate,4.2,A
21-Jun,Canada,Wholesale trade [41],Job vacancies,34990,B
21-Jun,Canada,Wholesale trade [41],Payroll employees,789215,A
21-Jun,Canada,Wholesale trade [41],Job vacancy rate,4.2,B
21-Jun,Canada,Retail trade [44-45],Job vacancies,94500,C
21-Jun,Canada,Retail trade [44-45],Payroll employees,1896890,A
21-Jun,Canada,Retail trade [44-45],Job vacancy rate,4.7,C
21-Jun,Canada,Transportation and warehousing [48-49],Job vacancies,33045,D
21-Jun,Canada,Transportation and warehousing [48-49],Payroll employees,754120,A
21-Jun,Canada,Transportation and warehousing [48-49],Job vacancy rate,4.2,D
21-Jun,Canada,Information and cultural industries [51],Job vacancies,15305,C
21-Jun,Canada,Information and cultural industries [51],Payroll employees,348855,A
21-Jun,Canada,Information and cultural industries [51],Job vacancy rate,4.2,C
21-Jun,Canada,Finance and insurance [52],Job vacancies,32045,B
21-Jun,Canada,Finance and insurance [52],Payroll employees,754375,A
21-Jun,Canada,Finance and insurance [52],Job vacancy rate,4.1,B
21-Jun,Canada,Real estate and rental and leasing [53],Job vacancies,11170,C
21-Jun,Canada,Real estate and rental and leasing [53],Payroll employees,252525,A
21-Jun,Canada,Real estate and rental and leasing [53],Job vacancy rate,4.2,C
21-Jun,Canada,"Professional, scientific and technical services [54]",Job vacancies,52720,B
21-Jun,Canada,"Professional, scientific and technical services [54]",Payroll employees,1033150,A
21-Jun,Canada,"Professional, scientific and technical services [54]",Job vacancy rate,4.9,A
21-Jun,Canada,Management of companies and enterprises [55],Job vacancies,2935,C
21-Jun,Canada,Management of companies and enterprises [55],Payroll employees,114890,A
21-Jun,Canada,Management of companies and enterprises [55],Job vacancy rate,2.5,C
21-Jun,Canada,"Administrative and support, waste management and remediation services [56]",Job vacancies,54175,B
21-Jun,Canada,"Administrative and support, waste management and remediation services [56]",Payroll employees,792385,A
21-Jun,Canada,"Administrative and support, waste management and remediation services [56]",Job vacancy rate,6.4,B
21-Jun,Canada,Educational services [61],Job vacancies,18830,B
21-Jun,Canada,Educational services [61],Payroll employees,1341345,A
21-Jun,Canada,Educational services [61],Job vacancy rate,1.4,B
21-Jun,Canada,Health care and social assistance [62],Job vacancies,107000,A
21-Jun,Canada,Health care and social assistance [62],Payroll employees,2145555,A
21-Jun,Canada,Health care and social assistance [62],Job vacancy rate,4.8,A
21-Jun,Canada,"Arts, entertainment and recreation [71]",Job vacancies,16900,E
21-Jun,Canada,"Arts, entertainment and recreation [71]",Payroll employees,183160,A
21-Jun,Canada,"Arts, entertainment and recreation [71]",Job vacancy rate,8.4,E
21-Jun,Canada,Accommodation and food services [72],Job vacancies,123695,B
21-Jun,Canada,Accommodation and food services [72],Payroll employees,891185,A
21-Jun,Canada,Accommodation and food services [72],Job vacancy rate,12.2,B
21-Jun,Canada,Other services (except public administration) [81],Job vacancies,30035,B
21-Jun,Canada,Other services (except public administration) [81],Payroll employees,469870,A
21-Jun,Canada,Other services (except public administration) [81],Job vacancy rate,6,B
21-Jun,Canada,Public administration [91],Job vacancies,12625,B
21-Jun,Canada,Public administration [91],Payroll employees,490970,A
21-Jun,Canada,Public administration [91],Job vacancy rate,2.5,B
21-Jul,Canada,"Total, all industries",Job vacancies,830450,A
21-Jul,Canada,"Total, all industries",Payroll employees,15863305,A
21-Jul,Canada,"Total, all industries",Job vacancy rate,5,A
21-Jul,Canada,"Agriculture, forestry, fishing and hunting [11]",Job vacancies,14880,B
21-Jul,Canada,"Agriculture, forestry, fishing and hunting [11]",Payroll employees,270235,A
21-Jul,Canada,"Agriculture, forestry, fishing and hunting [11]",Job vacancy rate,5.2,B
21-Jul,Canada,"Mining, quarrying, and oil and gas extraction [21]",Job vacancies,7430,C
21-Jul,Canada,"Mining, quarrying, and oil and gas extraction [21]",Payroll employees,191255,A
21-Jul,Canada,"Mining, quarrying, and oil and gas extraction [21]",Job vacancy rate,3.7,C
21-Jul,Canada,Utilities [22],Job vacancies,1525,D
21-Jul,Canada,Utilities [22],Payroll employees,125245,A
21-Jul,Canada,Utilities [22],Job vacancy rate,1.2,D
21-Jul,Canada,Construction [23],Job vacancies,69590,B
21-Jul,Canada,Construction [23],Payroll employees,1107600,A
21-Jul,Canada,Construction [23],Job vacancy rate,5.9,B
21-Jul,Canada,Manufacturing [31-33],Job vacancies,79975,A
21-Jul,Canada,Manufacturing [31-33],Payroll employees,1534670,A
21-Jul,Canada,Manufacturing [31-33],Job vacancy rate,5,A
21-Jul,Canada,Wholesale trade [41],Job vacancies,27735,B
21-Jul,Canada,Wholesale trade [41],Payroll employees,793690,A
21-Jul,Canada,Wholesale trade [41],Job vacancy rate,3.4,B
21-Jul,Canada,Retail trade [44-45],Job vacancies,92640,B
21-Jul,Canada,Retail trade [44-45],Payroll employees,1948210,A
21-Jul,Canada,Retail trade [44-45],Job vacancy rate,4.5,B
21-Jul,Canada,Transportation and warehousing [48-49],Job vacancies,38230,C
21-Jul,Canada,Transportation and warehousing [48-49],Payroll employees,773835,A
21-Jul,Canada,Transportation and warehousing [48-49],Job vacancy rate,4.7,C
21-Jul,Canada,Information and cultural industries [51],Job vacancies,15180,C
21-Jul,Canada,Information and cultural industries [51],Payroll employees,350990,A
21-Jul,Canada,Information and cultural industries [51],Job vacancy rate,4.1,C
21-Jul,Canada,Finance and insurance [52],Job vacancies,44710,B
21-Jul,Canada,Finance and insurance [52],Payroll employees,768445,A
21-Jul,Canada,Finance and insurance [52],Job vacancy rate,5.5,B
21-Jul,Canada,Real estate and rental and leasing [53],Job vacancies,8625,D
21-Jul,Canada,Real estate and rental and leasing [53],Payroll employees,264455,A
21-Jul,Canada,Real estate and rental and leasing [53],Job vacancy rate,3.2,D
21-Jul,Canada,"Professional, scientific and technical services [54]",Job vacancies,56625,B
21-Jul,Canada,"Professional, scientific and technical services [54]",Payroll employees,1056405,A
21-Jul,Canada,"Professional, scientific and technical services [54]",Job vacancy rate,5.1,A
21-Jul,Canada,Management of companies and enterprises [55],Job vacancies,5260,B
21-Jul,Canada,Management of companies and enterprises [55],Payroll employees,119110,A
21-Jul,Canada,Management of companies and enterprises [55],Job vacancy rate,4.2,B
21-Jul,Canada,"Administrative and support, waste management and remediation services [56]",Job vacancies,56955,B
21-Jul,Canada,"Administrative and support, waste management and remediation services [56]",Payroll employees,813290,A
21-Jul,Canada,"Administrative and support, waste management and remediation services [56]",Job vacancy rate,6.5,B
21-Jul,Canada,Educational services [61],Job vacancies,18325,B
21-Jul,Canada,Educational services [61],Payroll employees,1349175,A
21-Jul,Canada,Educational services [61],Job vacancy rate,1.3,B
21-Jul,Canada,Health care and social assistance [62],Job vacancies,101745,A
21-Jul,Canada,Health care and social assistance [62],Payroll employees,2167855,A
21-Jul,Canada,Health care and social assistance [62],Job vacancy rate,4.5,A
21-Jul,Canada,"Arts, entertainment and recreation [71]",Job vacancies,11985,D
21-Jul,Canada,"Arts, entertainment and recreation [71]",Payroll employees,219295,A
21-Jul,Canada,"Arts, entertainment and recreation [71]",Job vacancy rate,5.2,D
21-Jul,Canada,Accommodation and food services [72],Job vacancies,137920,A
21-Jul,Canada,Accommodation and food services [72],Payroll employees,1012285,A
21-Jul,Canada,Accommodation and food services [72],Job vacancy rate,12,A
21-Jul,Canada,Other services (except public administration) [81],Job vacancies,31145,B
21-Jul,Canada,Other services (except public administration) [81],Payroll employees,481665,A
21-Jul,Canada,Other services (except public administration) [81],Job vacancy rate,6.1,B
21-Jul,Canada,Public administration [91],Job vacancies,9965,B
21-Jul,Canada,Public administration [91],Payroll employees,515590,A
21-Jul,Canada,Public administration [91],Job vacancy rate,1.9,B
21-Aug,Canada,"Total, all industries",Job vacancies,919835,A
21-Aug,Canada,"Total, all industries",Payroll employees,15932550,A
21-Aug,Canada,"Total, all industries",Job vacancy rate,5.5,A
21-Aug,Canada,"Agriculture, forestry, fishing and hunting [11]",Job vacancies,15230,B
21-Aug,Canada,"Agriculture, forestry, fishing and hunting [11]",Payroll employees,283845,A
21-Aug,Canada,"Agriculture, forestry, fishing and hunting [11]",Job vacancy rate,5.1,B
21-Aug,Canada,"Mining, quarrying, and oil and gas extraction [21]",Job vacancies,9875,C
21-Aug,Canada,"Mining, quarrying, and oil and gas extraction [21]",Payroll employees,186325,A
21-Aug,Canada,"Mining, quarrying, and oil and gas extraction [21]",Job vacancy rate,5,C
21-Aug,Canada,Utilities [22],Job vacancies,2410,D
21-Aug,Canada,Utilities [22],Payroll employees,126430,A
21-Aug,Canada,Utilities [22],Job vacancy rate,1.9,D
21-Aug,Canada,Construction [23],Job vacancies,73845,B
21-Aug,Canada,Construction [23],Payroll employees,1104260,A
21-Aug,Canada,Construction [23],Job vacancy rate,6.3,B
21-Aug,Canada,Manufacturing [31-33],Job vacancies,81900,A
21-Aug,Canada,Manufacturing [31-33],Payroll employees,1561710,A
21-Aug,Canada,Manufacturing [31-33],Job vacancy rate,5,A
21-Aug,Canada,Wholesale trade [41],Job vacancies,30205,B
21-Aug,Canada,Wholesale trade [41],Payroll employees,797715,A
21-Aug,Canada,Wholesale trade [41],Job vacancy rate,3.6,B
21-Aug,Canada,Retail trade [44-45],Job vacancies,106200,B
21-Aug,Canada,Retail trade [44-45],Payroll employees,1994090,A
21-Aug,Canada,Retail trade [44-45],Job vacancy rate,5.1,B
21-Aug,Canada,Transportation and warehousing [48-49],Job vacancies,46195,C
21-Aug,Canada,Transportation and warehousing [48-49],Payroll employees,763790,A
21-Aug,Canada,Transportation and warehousing [48-49],Job vacancy rate,5.7,C
21-Aug,Canada,Information and cultural industries [51],Job vacancies,23095,D
21-Aug,Canada,Information and cultural industries [51],Payroll employees,360805,A
21-Aug,Canada,Information and cultural industries [51],Job vacancy rate,6,D
21-Aug,Canada,Finance and insurance [52],Job vacancies,29075,D
21-Aug,Canada,Finance and insurance [52],Payroll employees,772930,C
21-Aug,Canada,Finance and insurance [52],Job vacancy rate,3.6,D
21-Aug,Canada,Real estate and rental and leasing [53],Job vacancies,9355,B
21-Aug,Canada,Real estate and rental and leasing [53],Payroll employees,265825,A
21-Aug,Canada,Real estate and rental and leasing [53],Job vacancy rate,3.4,B
21-Aug,Canada,"Professional, scientific and technical services [54]",Job vacancies,61925,B
21-Aug,Canada,"Professional, scientific and technical services [54]",Payroll employees,1064845,A
21-Aug,Canada,"Professional, scientific and technical services [54]",Job vacancy rate,5.5,A
21-Aug,Canada,Management of companies and enterprises [55],Job vacancies,3535,B
21-Aug,Canada,Management of companies and enterprises [55],Payroll employees,120370,A
21-Aug,Canada,Management of companies and enterprises [55],Job vacancy rate,2.9,B
21-Aug,Canada,"Administrative and support, waste management and remediation services [56]",Job vacancies,50860,B
21-Aug,Canada,"Administrative and support, waste management and remediation services [56]",Payroll employees,824690,A
21-Aug,Canada,"Administrative and support, waste management and remediation services [56]",Job vacancy rate,5.8,B
21-Aug,Canada,Educational services [61],Job vacancies,17210,B
21-Aug,Canada,Educational services [61],Payroll employees,1088270,A
21-Aug,Canada,Educational services [61],Job vacancy rate,1.6,B
21-Aug,Canada,Health care and social assistance [62],Job vacancies,127895,C
21-Aug,Canada,Health care and social assistance [62],Payroll employees,2186795,A
21-Aug,Canada,Health care and social assistance [62],Job vacancy rate,5.5,A
21-Aug,Canada,"Arts, entertainment and recreation [71]",Job vacancies,17105,B
21-Aug,Canada,"Arts, entertainment and recreation [71]",Payroll employees,268680,A
21-Aug,Canada,"Arts, entertainment and recreation [71]",Job vacancy rate,6,B
21-Aug,Canada,Accommodation and food services [72],Job vacancies,166000,A
21-Aug,Canada,Accommodation and food services [72],Payroll employees,1122660,A
21-Aug,Canada,Accommodation and food services [72],Job vacancy rate,12.9,A
21-Aug,Canada,Other services (except public administration) [81],Job vacancies,35270,B
21-Aug,Canada,Other services (except public administration) [81],Payroll employees,512860,A
21-Aug,Canada,Other services (except public administration) [81],Job vacancy rate,6.4,B
21-Aug,Canada,Public administration [91],Job vacancies,12645,C
21-Aug,Canada,Public administration [91],Payroll employees,525665,A
21-Aug,Canada,Public administration [91],Job vacancy rate,2.3,C
21-Sep,Canada,"Total, all industries",Job vacancies,988655,A
21-Sep,Canada,"Total, all industries",Payroll employees,15794110,A
21-Sep,Canada,"Total, all industries",Job vacancy rate,5.9,A
21-Sep,Canada,"Agriculture, forestry, fishing and hunting [11]",Job vacancies,17605,B
21-Sep,Canada,"Agriculture, forestry, fishing and hunting [11]",Payroll employees,274380,A
21-Sep,Canada,"Agriculture, forestry, fishing and hunting [11]",Job vacancy rate,6,B
21-Sep,Canada,"Mining, quarrying, and oil and gas extraction [21]",Job vacancies,6865,D
21-Sep,Canada,"Mining, quarrying, and oil and gas extraction [21]",Payroll employees,188745,B
21-Sep,Canada,"Mining, quarrying, and oil and gas extraction [21]",Job vacancy rate,3.5,D
21-Sep,Canada,Utilities [22],Job vacancies,1160,E
21-Sep,Canada,Utilities [22],Payroll employees,126640,C
21-Sep,Canada,Utilities [22],Job vacancy rate,0.9,E
21-Sep,Canada,Construction [23],Job vacancies,81725,B
21-Sep,Canada,Construction [23],Payroll employees,1127370,A
21-Sep,Canada,Construction [23],Job vacancy rate,6.8,B
21-Sep,Canada,Manufacturing [31-33],Job vacancies,81675,A
21-Sep,Canada,Manufacturing [31-33],Payroll employees,1541145,A
21-Sep,Canada,Manufacturing [31-33],Job vacancy rate,5,A
21-Sep,Canada,Wholesale trade [41],Job vacancies,38755,B
21-Sep,Canada,Wholesale trade [41],Payroll employees,796590,A
21-Sep,Canada,Wholesale trade [41],Job vacancy rate,4.6,B
21-Sep,Canada,Retail trade [44-45],Job vacancies,120380,B
21-Sep,Canada,Retail trade [44-45],Payroll employees,1979350,A
21-Sep,Canada,Retail trade [44-45],Job vacancy rate,5.7,B
21-Sep,Canada,Transportation and warehousing [48-49],Job vacancies,38890,C
21-Sep,Canada,Transportation and warehousing [48-49],Payroll employees,750085,A
21-Sep,Canada,Transportation and warehousing [48-49],Job vacancy rate,4.9,C
21-Sep,Canada,Information and cultural industries [51],Job vacancies,19890,C
21-Sep,Canada,Information and cultural industries [51],Payroll employees,361745,A
21-Sep,Canada,Information and cultural industries [51],Job vacancy rate,5.2,C
21-Sep,Canada,Finance and insurance [52],Job vacancies,37945,B
21-Sep,Canada,Finance and insurance [52],Payroll employees,761365,A
21-Sep,Canada,Finance and insurance [52],Job vacancy rate,4.7,B
21-Sep,Canada,Real estate and rental and leasing [53],Job vacancies,9890,B
21-Sep,Canada,Real estate and rental and leasing [53],Payroll employees,265110,A
21-Sep,Canada,Real estate and rental and leasing [53],Job vacancy rate,3.6,B
21-Sep,Canada,"Professional, scientific and technical services [54]",Job vacancies,64250,B
21-Sep,Canada,"Professional, scientific and technical services [54]",Payroll employees,1064835,A
21-Sep,Canada,"Professional, scientific and technical services [54]",Job vacancy rate,5.7,A
21-Sep,Canada,Management of companies and enterprises [55],Job vacancies,4120,C
21-Sep,Canada,Management of companies and enterprises [55],Payroll employees,121955,A
21-Sep,Canada,Management of companies and enterprises [55],Job vacancy rate,3.3,C
21-Sep,Canada,"Administrative and support, waste management and remediation services [56]",Job vacancies,57690,B
21-Sep,Canada,"Administrative and support, waste management and remediation services [56]",Payroll employees,817145,A
21-Sep,Canada,"Administrative and support, waste management and remediation services [56]",Job vacancy rate,6.6,B
21-Sep,Canada,Educational services [61],Job vacancies,21725,B
21-Sep,Canada,Educational services [61],Payroll employees,932635,A
21-Sep,Canada,Educational services [61],Job vacancy rate,2.3,B
21-Sep,Canada,Health care and social assistance [62],Job vacancies,127150,A
21-Sep,Canada,Health care and social assistance [62],Payroll employees,2188045,A
21-Sep,Canada,Health care and social assistance [62],Job vacancy rate,5.5,A
21-Sep,Canada,"Arts, entertainment and recreation [71]",Job vacancies,16470,B
21-Sep,Canada,"Arts, entertainment and recreation [71]",Payroll employees,283310,A
21-Sep,Canada,"Arts, entertainment and recreation [71]",Job vacancy rate,5.5,B
21-Sep,Canada,Accommodation and food services [72],Job vacancies,189480,A
21-Sep,Canada,Accommodation and food services [72],Payroll employees,1167030,A
21-Sep,Canada,Accommodation and food services [72],Job vacancy rate,14,A
21-Sep,Canada,Other services (except public administration) [81],Job vacancies,39905,B
21-Sep,Canada,Other services (except public administration) [81],Payroll employees,515000,A
21-Sep,Canada,Other services (except public administration) [81],Job vacancy rate,7.2,B
21-Sep,Canada,Public administration [91],Job vacancies,13075,B
21-Sep,Canada,Public administration [91],Payroll employees,531635,A
21-Sep,Canada,Public administration [91],Job vacancy rate,2.4,B
21-Oct,Canada,"Total, all industries",Job vacancies,964130,A
21-Oct,Canada,"Total, all industries",Payroll employees,16229995,A
21-Oct,Canada,"Total, all industries",Job vacancy rate,5.6,A
21-Oct,Canada,"Agriculture, forestry, fishing and hunting [11]",Job vacancies,15860,B
21-Oct,Canada,"Agriculture, forestry, fishing and hunting [11]",Payroll employees,269610,A
21-Oct,Canada,"Agriculture, forestry, fishing and hunting [11]",Job vacancy rate,5.6,B
21-Oct,Canada,"Mining, quarrying, and oil and gas extraction [21]",Job vacancies,8910,C
21-Oct,Canada,"Mining, quarrying, and oil and gas extraction [21]",Payroll employees,193345,A
21-Oct,Canada,"Mining, quarrying, and oil and gas extraction [21]",Job vacancy rate,4.4,B
21-Oct,Canada,Utilities [22],Job vacancies,1810,C
21-Oct,Canada,Utilities [22],Payroll employees,125945,A
21-Oct,Canada,Utilities [22],Job vacancy rate,1.4,C
21-Oct,Canada,Construction [23],Job vacancies,76535,B
21-Oct,Canada,Construction [23],Payroll employees,1143845,A
21-Oct,Canada,Construction [23],Job vacancy rate,6.3,A
21-Oct,Canada,Manufacturing [31-33],Job vacancies,91930,A
21-Oct,Canada,Manufacturing [31-33],Payroll employees,1538655,A
21-Oct,Canada,Manufacturing [31-33],Job vacancy rate,5.6,A
21-Oct,Canada,Wholesale trade [41],Job vacancies,34685,A
21-Oct,Canada,Wholesale trade [41],Payroll employees,795250,A
21-Oct,Canada,Wholesale trade [41],Job vacancy rate,4.2,A
21-Oct,Canada,Retail trade [44-45],Job vacancies,123860,B
21-Oct,Canada,Retail trade [44-45],Payroll employees,1983530,A
21-Oct,Canada,Retail trade [44-45],Job vacancy rate,5.9,B
21-Oct,Canada,Transportation and warehousing [48-49],Job vacancies,46730,C
21-Oct,Canada,Transportation and warehousing [48-49],Payroll employees,770545,A
21-Oct,Canada,Transportation and warehousing [48-49],Job vacancy rate,5.7,C
21-Oct,Canada,Information and cultural industries [51],Job vacancies,15830,C
21-Oct,Canada,Information and cultural industries [51],Payroll employees,362405,A
21-Oct,Canada,Information and cultural industries [51],Job vacancy rate,4.2,C
21-Oct,Canada,Finance and insurance [52],Job vacancies,36295,A
21-Oct,Canada,Finance and insurance [52],Payroll employees,773330,A
21-Oct,Canada,Finance and insurance [52],Job vacancy rate,4.5,A
21-Oct,Canada,Real estate and rental and leasing [53],Job vacancies,11485,B
21-Oct,Canada,Real estate and rental and leasing [53],Payroll employees,271910,A
21-Oct,Canada,Real estate and rental and leasing [53],Job vacancy rate,4.1,B
21-Oct,Canada,"Professional, scientific and technical services [54]",Job vacancies,67210,B
21-Oct,Canada,"Professional, scientific and technical services [54]",Payroll employees,1080125,A
21-Oct,Canada,"Professional, scientific and technical services [54]",Job vacancy rate,5.9,A
21-Oct,Canada,Management of companies and enterprises [55],Job vacancies,4810,B
21-Oct,Canada,Management of companies and enterprises [55],Payroll employees,120860,A
21-Oct,Canada,Management of companies and enterprises [55],Job vacancy rate,3.8,B
21-Oct,Canada,"Administrative and support, waste management and remediation services [56]",Job vacancies,64985,B
21-Oct,Canada,"Administrative and support, waste management and remediation services [56]",Payroll employees,817545,A
21-Oct,Canada,"Administrative and support, waste management and remediation services [56]",Job vacancy rate,7.4,B
21-Oct,Canada,Educational services [61],Job vacancies,20775,B
21-Oct,Canada,Educational services [61],Payroll employees,1290130,A
21-Oct,Canada,Educational services [61],Job vacancy rate,1.6,B
21-Oct,Canada,Health care and social assistance [62],Job vacancies,120630,A
21-Oct,Canada,Health care and social assistance [62],Payroll employees,2176375,A
21-Oct,Canada,Health care and social assistance [62],Job vacancy rate,5.3,A
21-Oct,Canada,"Arts, entertainment and recreation [71]",Job vacancies,13665,B
21-Oct,Canada,"Arts, entertainment and recreation [71]",Payroll employees,280160,A
21-Oct,Canada,"Arts, entertainment and recreation [71]",Job vacancy rate,4.7,B
21-Oct,Canada,Accommodation and food services [72],Job vacancies,155430,A
21-Oct,Canada,Accommodation and food services [72],Payroll employees,1191115,A
21-Oct,Canada,Accommodation and food services [72],Job vacancy rate,11.5,A
21-Oct,Canada,Other services (except public administration) [81],Job vacancies,42280,B
21-Oct,Canada,Other services (except public administration) [81],Payroll employees,523135,A
21-Oct,Canada,Other services (except public administration) [81],Job vacancy rate,7.5,B
21-Oct,Canada,Public administration [91],Job vacancies,10415,B
21-Oct,Canada,Public administration [91],Payroll employees,522185,A
21-Oct,Canada,Public administration [91],Job vacancy rate,2,B
21-Nov,Canada,"Total, all industries",Job vacancies,894550,A
21-Nov,Canada,"Total, all industries",Payroll employees,16352815,A
21-Nov,Canada,"Total, all industries",Job vacancy rate,5.2,A
21-Nov,Canada,"Agriculture, forestry, fishing and hunting [11]",Job vacancies,12815,C
21-Nov,Canada,"Agriculture, forestry, fishing and hunting [11]",Payroll employees,255670,A
21-Nov,Canada,"Agriculture, forestry, fishing and hunting [11]",Job vacancy rate,4.8,C
21-Nov,Canada,"Mining, quarrying, and oil and gas extraction [21]",Job vacancies,9130,C
21-Nov,Canada,"Mining, quarrying, and oil and gas extraction [21]",Payroll employees,191140,A
21-Nov,Canada,"Mining, quarrying, and oil and gas extraction [21]",Job vacancy rate,4.6,C
21-Nov,Canada,Utilities [22],Job vacancies,2430,D
21-Nov,Canada,Utilities [22],Payroll employees,126455,A
21-Nov,Canada,Utilities [22],Job vacancy rate,1.9,D
21-Nov,Canada,Construction [23],Job vacancies,70760,B
21-Nov,Canada,Construction [23],Payroll employees,1138335,A
21-Nov,Canada,Construction [23],Job vacancy rate,5.9,B
21-Nov,Canada,Manufacturing [31-33],Job vacancies,81625,A
21-Nov,Canada,Manufacturing [31-33],Payroll employees,1538850,A
21-Nov,Canada,Manufacturing [31-33],Job vacancy rate,5,A
21-Nov,Canada,Wholesale trade [41],Job vacancies,32885,B
21-Nov,Canada,Wholesale trade [41],Payroll employees,799305,A
21-Nov,Canada,Wholesale trade [41],Job vacancy rate,4,A
21-Nov,Canada,Retail trade [44-45],Job vacancies,112580,C
21-Nov,Canada,Retail trade [44-45],Payroll employees,1996980,A
21-Nov,Canada,Retail trade [44-45],Job vacancy rate,5.3,C
21-Nov,Canada,Transportation and warehousing [48-49],Job vacancies,48810,C
21-Nov,Canada,Transportation and warehousing [48-49],Payroll employees,780655,A
21-Nov,Canada,Transportation and warehousing [48-49],Job vacancy rate,5.9,B
21-Nov,Canada,Information and cultural industries [51],Job vacancies,19915,C
21-Nov,Canada,Information and cultural industries [51],Payroll employees,369530,A
21-Nov,Canada,Information and cultural industries [51],Job vacancy rate,5.1,C
21-Nov,Canada,Finance and insurance [52],Job vacancies,21470,D
21-Nov,Canada,Finance and insurance [52],Payroll employees,773575,A
21-Nov,Canada,Finance and insurance [52],Job vacancy rate,2.7,D
21-Nov,Canada,Real estate and rental and leasing [53],Job vacancies,8690,C
21-Nov,Canada,Real estate and rental and leasing [53],Payroll employees,270425,A
21-Nov,Canada,Real estate and rental and leasing [53],Job vacancy rate,3.1,C
21-Nov,Canada,"Professional, scientific and technical services [54]",Job vacancies,65300,A
21-Nov,Canada,"Professional, scientific and technical services [54]",Payroll employees,1087285,A
21-Nov,Canada,"Professional, scientific and technical services [54]",Job vacancy rate,5.7,A
21-Nov,Canada,Management of companies and enterprises [55],Job vacancies,4100,B
21-Nov,Canada,Management of companies and enterprises [55],Payroll employees,122690,A
21-Nov,Canada,Management of companies and enterprises [55],Job vacancy rate,3.2,B
21-Nov,Canada,"Administrative and support, waste management and remediation services [56]",Job vacancies,61705,B
21-Nov,Canada,"Administrative and support, waste management and remediation services [56]",Payroll employees,818560,A
21-Nov,Canada,"Administrative and support, waste management and remediation services [56]",Job vacancy rate,7,B
21-Nov,Canada,Educational services [61],Job vacancies,17390,C
21-Nov,Canada,Educational services [61],Payroll employees,1437570,A
21-Nov,Canada,Educational services [61],Job vacancy rate,1.2,C
21-Nov,Canada,Health care and social assistance [62],Job vacancies,121325,A
21-Nov,Canada,Health care and social assistance [62],Payroll employees,2169745,A
21-Nov,Canada,Health care and social assistance [62],Job vacancy rate,5.3,A
21-Nov,Canada,"Arts, entertainment and recreation [71]",Job vacancies,20310,B
21-Nov,Canada,"Arts, entertainment and recreation [71]",Payroll employees,266365,A
21-Nov,Canada,"Arts, entertainment and recreation [71]",Job vacancy rate,7.1,B
21-Nov,Canada,Accommodation and food services [72],Job vacancies,133600,A
21-Nov,Canada,Accommodation and food services [72],Payroll employees,1179645,A
21-Nov,Canada,Accommodation and food services [72],Job vacancy rate,10.2,A
21-Nov,Canada,Other services (except public administration) [81],Job vacancies,36375,B
21-Nov,Canada,Other services (except public administration) [81],Payroll employees,524435,A
21-Nov,Canada,Other services (except public administration) [81],Job vacancy rate,6.5,B
21-Nov,Canada,Public administration [91],Job vacancies,13340,B
21-Nov,Canada,Public administration [91],Payroll employees,505595,A
21-Nov,Canada,Public administration [91],Job vacancy rate,2.6,B
21-Dec,Canada,"Total, all industries",Job vacancies,878040,A
21-Dec,Canada,"Total, all industries",Payroll employees,16346360,A
21-Dec,Canada,"Total, all industries",Job vacancy rate,5.1,A
21-Dec,Canada,"Agriculture, forestry, fishing and hunting [11]",Job vacancies,11105,D
21-Dec,Canada,"Agriculture, forestry, fishing and hunting [11]",Payroll employees,230000,A
21-Dec,Canada,"Agriculture, forestry, fishing and hunting [11]",Job vacancy rate,4.6,D
21-Dec,Canada,"Mining, quarrying, and oil and gas extraction [21]",Job vacancies,6520,C
21-Dec,Canada,"Mining, quarrying, and oil and gas extraction [21]",Payroll employees,193870,A
21-Dec,Canada,"Mining, quarrying, and oil and gas extraction [21]",Job vacancy rate,3.3,C
21-Dec,Canada,Utilities [22],Job vacancies,2135,E
21-Dec,Canada,Utilities [22],Payroll employees,127530,C
21-Dec,Canada,Utilities [22],Job vacancy rate,1.6,E
21-Dec,Canada,Construction [23],Job vacancies,59305,B
21-Dec,Canada,Construction [23],Payroll employees,1120335,A
21-Dec,Canada,Construction [23],Job vacancy rate,5,B
21-Dec,Canada,Manufacturing [31-33],Job vacancies,72475,A
21-Dec,Canada,Manufacturing [31-33],Payroll employees,1530455,A
21-Dec,Canada,Manufacturing [31-33],Job vacancy rate,4.5,A
21-Dec,Canada,Wholesale trade [41],Job vacancies,30370,B
21-Dec,Canada,Wholesale trade [41],Payroll employees,798895,A
21-Dec,Canada,Wholesale trade [41],Job vacancy rate,3.7,B
21-Dec,Canada,Retail trade [44-45],Job vacancies,101415,C
21-Dec,Canada,Retail trade [44-45],Payroll employees,2022140,A
21-Dec,Canada,Retail trade [44-45],Job vacancy rate,4.8,B
21-Dec,Canada,Transportation and warehousing [48-49],Job vacancies,37560,C
21-Dec,Canada,Transportation and warehousing [48-49],Payroll employees,779500,A
21-Dec,Canada,Transportation and warehousing [48-49],Job vacancy rate,4.6,C
21-Dec,Canada,Information and cultural industries [51],Job vacancies,18645,C
21-Dec,Canada,Information and cultural industries [51],Payroll employees,370425,A
21-Dec,Canada,Information and cultural industries [51],Job vacancy rate,4.8,C
21-Dec,Canada,Finance and insurance [52],Job vacancies,38440,B
21-Dec,Canada,Finance and insurance [52],Payroll employees,770730,A
21-Dec,Canada,Finance and insurance [52],Job vacancy rate,4.8,B
21-Dec,Canada,Real estate and rental and leasing [53],Job vacancies,11335,B
21-Dec,Canada,Real estate and rental and leasing [53],Payroll employees,272125,A
21-Dec,Canada,Real estate and rental and leasing [53],Job vacancy rate,4,B
21-Dec,Canada,"Professional, scientific and technical services [54]",Job vacancies,63720,B
21-Dec,Canada,"Professional, scientific and technical services [54]",Payroll employees,1091110,A
21-Dec,Canada,"Professional, scientific and technical services [54]",Job vacancy rate,5.5,B
21-Dec,Canada,Management of companies and enterprises [55],Job vacancies,3885,E
21-Dec,Canada,Management of companies and enterprises [55],Payroll employees,120910,D
21-Dec,Canada,Management of companies and enterprises [55],Job vacancy rate,3.1,E
21-Dec,Canada,"Administrative and support, waste management and remediation services [56]",Job vacancies,63270,B
21-Dec,Canada,"Administrative and support, waste management and remediation services [56]",Payroll employees,818475,A
21-Dec,Canada,"Administrative and support, waste management and remediation services [56]",Job vacancy rate,7.2,B
21-Dec,Canada,Educational services [61],Job vacancies,22375,B
21-Dec,Canada,Educational services [61],Payroll employees,1461725,A
21-Dec,Canada,Educational services [61],Job vacancy rate,1.5,B
21-Dec,Canada,Health care and social assistance [62],Job vacancies,134135,A
21-Dec,Canada,Health care and social assistance [62],Payroll employees,2185970,A
21-Dec,Canada,Health care and social assistance [62],Job vacancy rate,5.8,A
21-Dec,Canada,"Arts, entertainment and recreation [71]",Job vacancies,14455,C
21-Dec,Canada,"Arts, entertainment and recreation [71]",Payroll employees,251145,A
21-Dec,Canada,"Arts, entertainment and recreation [71]",Job vacancy rate,5.4,B
21-Dec,Canada,Accommodation and food services [72],Job vacancies,140230,B
21-Dec,Canada,Accommodation and food services [72],Payroll employees,1162020,A
21-Dec,Canada,Accommodation and food services [72],Job vacancy rate,10.8,A
21-Dec,Canada,Other services (except public administration) [81],Job vacancies,34980,B
21-Dec,Canada,Other services (except public administration) [81],Payroll employees,523620,A
21-Dec,Canada,Other services (except public administration) [81],Job vacancy rate,6.3,B
21-Dec,Canada,Public administration [91],Job vacancies,11680,B
21-Dec,Canada,Public administration [91],Payroll employees,515390,A
21-Dec,Canada,Public administration [91],Job vacancy rate,2.2,B
22-Jan,Canada,"Total, all industries",Job vacancies,853450,A
22-Jan,Canada,"Total, all industries",Payroll employees,16490985,A
22-Jan,Canada,"Total, all industries",Job vacancy rate,4.9,A
22-Jan,Canada,"Agriculture, forestry, fishing and hunting [11]",Job vacancies,15095,C
22-Jan,Canada,"Agriculture, forestry, fishing and hunting [11]",Payroll employees,226260,A
22-Jan,Canada,"Agriculture, forestry, fishing and hunting [11]",Job vacancy rate,6.3,C
22-Jan,Canada,"Mining, quarrying, and oil and gas extraction [21]",Job vacancies,9185,B
22-Jan,Canada,"Mining, quarrying, and oil and gas extraction [21]",Payroll employees,199265,A
22-Jan,Canada,"Mining, quarrying, and oil and gas extraction [21]",Job vacancy rate,4.4,B
22-Jan,Canada,Utilities [22],Job vacancies,,F
22-Jan,Canada,Utilities [22],Payroll employees,129155,A
22-Jan,Canada,Utilities [22],Job vacancy rate,,F
22-Jan,Canada,Construction [23],Job vacancies,70330,B
22-Jan,Canada,Construction [23],Payroll employees,1082740,A
22-Jan,Canada,Construction [23],Job vacancy rate,6.1,B
22-Jan,Canada,Manufacturing [31-33],Job vacancies,84690,A
22-Jan,Canada,Manufacturing [31-33],Payroll employees,1540890,A
22-Jan,Canada,Manufacturing [31-33],Job vacancy rate,5.2,A
22-Jan,Canada,Wholesale trade [41],Job vacancies,32695,B
22-Jan,Canada,Wholesale trade [41],Payroll employees,810180,A
22-Jan,Canada,Wholesale trade [41],Job vacancy rate,3.9,B
22-Jan,Canada,Retail trade [44-45],Job vacancies,80275,B
22-Jan,Canada,Retail trade [44-45],Payroll employees,2051940,A
22-Jan,Canada,Retail trade [44-45],Job vacancy rate,3.8,B
22-Jan,Canada,Transportation and warehousing [48-49],Job vacancies,48455,C
22-Jan,Canada,Transportation and warehousing [48-49],Payroll employees,801235,A
22-Jan,Canada,Transportation and warehousing [48-49],Job vacancy rate,5.7,C
22-Jan,Canada,Information and cultural industries [51],Job vacancies,14635,D
22-Jan,Canada,Information and cultural industries [51],Payroll employees,372770,A
22-Jan,Canada,Information and cultural industries [51],Job vacancy rate,3.8,D
22-Jan,Canada,Finance and insurance [52],Job vacancies,39420,D
22-Jan,Canada,Finance and insurance [52],Payroll employees,786155,A
22-Jan,Canada,Finance and insurance [52],Job vacancy rate,4.8,D
22-Jan,Canada,Real estate and rental and leasing [53],Job vacancies,11655,C
22-Jan,Canada,Real estate and rental and leasing [53],Payroll employees,286155,A
22-Jan,Canada,Real estate and rental and leasing [53],Job vacancy rate,3.9,C
22-Jan,Canada,"Professional, scientific and technical services [54]",Job vacancies,71960,A
22-Jan,Canada,"Professional, scientific and technical services [54]",Payroll employees,1109315,A
22-Jan,Canada,"Professional, scientific and technical services [54]",Job vacancy rate,6.1,A
22-Jan,Canada,Management of companies and enterprises [55],Job vacancies,4865,B
22-Jan,Canada,Management of companies and enterprises [55],Payroll employees,122640,A
22-Jan,Canada,Management of companies and enterprises [55],Job vacancy rate,3.8,B
22-Jan,Canada,"Administrative and support, waste management and remediation services [56]",Job vacancies,57585,B
22-Jan,Canada,"Administrative and support, waste management and remediation services [56]",Payroll employees,817670,A
22-Jan,Canada,"Administrative and support, waste management and remediation services [56]",Job vacancy rate,6.6,B
22-Jan,Canada,Educational services [61],Job vacancies,24690,B
22-Jan,Canada,Educational services [61],Payroll employees,1483455,A
22-Jan,Canada,Educational services [61],Job vacancy rate,1.6,B
22-Jan,Canada,Health care and social assistance [62],Job vacancies,133995,B
22-Jan,Canada,Health care and social assistance [62],Payroll employees,2200115,A
22-Jan,Canada,Health care and social assistance [62],Job vacancy rate,5.7,B
22-Jan,Canada,"Arts, entertainment and recreation [71]",Job vacancies,9935,B
22-Jan,Canada,"Arts, entertainment and recreation [71]",Payroll employees,250830,A
22-Jan,Canada,"Arts, entertainment and recreation [71]",Job vacancy rate,3.8,B
22-Jan,Canada,Accommodation and food services [72],Job vacancies,96130,B
22-Jan,Canada,Accommodation and food services [72],Payroll employees,1165570,A
22-Jan,Canada,Accommodation and food services [72],Job vacancy rate,7.6,A
22-Jan,Canada,Other services (except public administration) [81],Job vacancies,34480,B
22-Jan,Canada,Other services (except public administration) [81],Payroll employees,531525,A
22-Jan,Canada,Other services (except public administration) [81],Job vacancy rate,6.1,B
22-Jan,Canada,Public administration [91],Job vacancies,11300,B
22-Jan,Canada,Public administration [91],Payroll employees,523125,A
22-Jan,Canada,Public administration [91],Job vacancy rate,2.1,B
22-Feb,Canada,"Total, all industries",Job vacancies,833725,A
22-Feb,Canada,"Total, all industries",Payroll employees,15950840,A
22-Feb,Canada,"Total, all industries",Job vacancy rate,5,A
22-Feb,Canada,"Agriculture, forestry, fishing and hunting [11]",Job vacancies,10350,C
22-Feb,Canada,"Agriculture, forestry, fishing and hunting [11]",Payroll employees,200275,A
22-Feb,Canada,"Agriculture, forestry, fishing and hunting [11]",Job vacancy rate,4.9,C
22-Feb,Canada,"Mining, quarrying, and oil and gas extraction [21]",Job vacancies,11855,C
22-Feb,Canada,"Mining, quarrying, and oil and gas extraction [21]",Payroll employees,191115,A
22-Feb,Canada,"Mining, quarrying, and oil and gas extraction [21]",Job vacancy rate,5.8,C
22-Feb,Canada,Utilities [22],Job vacancies,2715,C
22-Feb,Canada,Utilities [22],Payroll employees,127175,A
22-Feb,Canada,Utilities [22],Job vacancy rate,2.1,C
22-Feb,Canada,Construction [23],Job vacancies,65625,B
22-Feb,Canada,Construction [23],Payroll employees,1005490,A
22-Feb,Canada,Construction [23],Job vacancy rate,6.1,B
22-Feb,Canada,Manufacturing [31-33],Job vacancies,79915,A
22-Feb,Canada,Manufacturing [31-33],Payroll employees,1504800,A
22-Feb,Canada,Manufacturing [31-33],Job vacancy rate,5,A
22-Feb,Canada,Wholesale trade [41],Job vacancies,39285,B
22-Feb,Canada,Wholesale trade [41],Payroll employees,799100,A
22-Feb,Canada,Wholesale trade [41],Job vacancy rate,4.7,B
22-Feb,Canada,Retail trade [44-45],Job vacancies,79295,B
22-Feb,Canada,Retail trade [44-45],Payroll employees,1999125,A
22-Feb,Canada,Retail trade [44-45],Job vacancy rate,3.8,B
22-Feb,Canada,Transportation and warehousing [48-49],Job vacancies,43375,C
22-Feb,Canada,Transportation and warehousing [48-49],Payroll employees,786675,A
22-Feb,Canada,Transportation and warehousing [48-49],Job vacancy rate,5.2,B
22-Feb,Canada,Information and cultural industries [51],Job vacancies,19810,C
22-Feb,Canada,Information and cultural industries [51],Payroll employees,365220,A
22-Feb,Canada,Information and cultural industries [51],Job vacancy rate,5.1,C
22-Feb,Canada,Finance and insurance [52],Job vacancies,,F
22-Feb,Canada,Finance and insurance [52],Payroll employees,783330,A
22-Feb,Canada,Finance and insurance [52],Job vacancy rate,,F
22-Feb,Canada,Real estate and rental and leasing [53],Job vacancies,9075,B
22-Feb,Canada,Real estate and rental and leasing [53],Payroll employees,272590,A
22-Feb,Canada,Real estate and rental and leasing [53],Job vacancy rate,3.2,B
22-Feb,Canada,"Professional, scientific and technical services [54]",Job vacancies,67060,A
22-Feb,Canada,"Professional, scientific and technical services [54]",Payroll employees,1115840,A
22-Feb,Canada,"Professional, scientific and technical services [54]",Job vacancy rate,5.7,A
22-Feb,Canada,Management of companies and enterprises [55],Job vacancies,4810,B
22-Feb,Canada,Management of companies and enterprises [55],Payroll employees,122000,A
22-Feb,Canada,Management of companies and enterprises [55],Job vacancy rate,3.8,B
22-Feb,Canada,"Administrative and support, waste management and remediation services [56]",Job vacancies,53410,B
22-Feb,Canada,"Administrative and support, waste management and remediation services [56]",Payroll employees,786105,A
22-Feb,Canada,"Administrative and support, waste management and remediation services [56]",Job vacancy rate,6.4,B
22-Feb,Canada,Educational services [61],Job vacancies,18145,C
22-Feb,Canada,Educational services [61],Payroll employees,1407815,A
22-Feb,Canada,Educational services [61],Job vacancy rate,1.3,C
22-Feb,Canada,Health care and social assistance [62],Job vacancies,121460,B
22-Feb,Canada,Health care and social assistance [62],Payroll employees,2179275,A
22-Feb,Canada,Health care and social assistance [62],Job vacancy rate,5.3,B
22-Feb,Canada,"Arts, entertainment and recreation [71]",Job vacancies,14765,B
22-Feb,Canada,"Arts, entertainment and recreation [71]",Payroll employees,227690,A
22-Feb,Canada,"Arts, entertainment and recreation [71]",Job vacancy rate,6.1,B
22-Feb,Canada,Accommodation and food services [72],Job vacancies,116595,A
22-Feb,Canada,Accommodation and food services [72],Payroll employees,1063435,A
22-Feb,Canada,Accommodation and food services [72],Job vacancy rate,9.9,A
22-Feb,Canada,Other services (except public administration) [81],Job vacancies,34455,B
22-Feb,Canada,Other services (except public administration) [81],Payroll employees,514000,A
22-Feb,Canada,Other services (except public administration) [81],Job vacancy rate,6.3,B
22-Feb,Canada,Public administration [91],Job vacancies,16430,B
22-Feb,Canada,Public administration [91],Payroll employees,499790,A
22-Feb,Canada,Public administration [91],Job vacancy rate,3.2,B
22-Mar,Canada,"Total, all industries",Job vacancies,977565,A
22-Mar,Canada,"Total, all industries",Payroll employees,16073245,A
22-Mar,Canada,"Total, all industries",Job vacancy rate,5.7,A
22-Mar,Canada,"Agriculture, forestry, fishing and hunting [11]",Job vacancies,16300,D
22-Mar,Canada,"Agriculture, forestry, fishing and hunting [11]",Payroll employees,198925,A
22-Mar,Canada,"Agriculture, forestry, fishing and hunting [11]",Job vacancy rate,7.6,D
22-Mar,Canada,"Mining, quarrying, and oil and gas extraction [21]",Job vacancies,8055,C
22-Mar,Canada,"Mining, quarrying, and oil and gas extraction [21]",Payroll employees,196040,A
22-Mar,Canada,"Mining, quarrying, and oil and gas extraction [21]",Job vacancy rate,3.9,C
22-Mar,Canada,Utilities [22],Job vacancies,2770,E
22-Mar,Canada,Utilities [22],Payroll employees,126680,C
22-Mar,Canada,Utilities [22],Job vacancy rate,2.1,E
22-Mar,Canada,Construction [23],Job vacancies,77905,B
22-Mar,Canada,Construction [23],Payroll employees,1031575,A
22-Mar,Canada,Construction [23],Job vacancy rate,7,B
22-Mar,Canada,Manufacturing [31-33],Job vacancies,84395,A
22-Mar,Canada,Manufacturing [31-33],Payroll employees,1522410,A
22-Mar,Canada,Manufacturing [31-33],Job vacancy rate,5.3,A
22-Mar,Canada,Wholesale trade [41],Job vacancies,35470,B
22-Mar,Canada,Wholesale trade [41],Payroll employees,799555,A
22-Mar,Canada,Wholesale trade [41],Job vacancy rate,4.2,A
22-Mar,Canada,Retail trade [44-45],Job vacancies,105410,B
22-Mar,Canada,Retail trade [44-45],Payroll employees,1952205,A
22-Mar,Canada,Retail trade [44-45],Job vacancy rate,5.1,B
22-Mar,Canada,Transportation and warehousing [48-49],Job vacancies,41940,C
22-Mar,Canada,Transportation and warehousing [48-49],Payroll employees,784535,A
22-Mar,Canada,Transportation and warehousing [48-49],Job vacancy rate,5.1,C
22-Mar,Canada,Information and cultural industries [51],Job vacancies,19445,D
22-Mar,Canada,Information and cultural industries [51],Payroll employees,367485,A
22-Mar,Canada,Information and cultural industries [51],Job vacancy rate,5,D
22-Mar,Canada,Finance and insurance [52],Job vacancies,39470,D
22-Mar,Canada,Finance and insurance [52],Payroll employees,778450,A
22-Mar,Canada,Finance and insurance [52],Job vacancy rate,4.8,D
22-Mar,Canada,Real estate and rental and leasing [53],Job vacancies,13085,B
22-Mar,Canada,Real estate and rental and leasing [53],Payroll employees,271015,A
22-Mar,Canada,Real estate and rental and leasing [53],Job vacancy rate,4.6,B
22-Mar,Canada,"Professional, scientific and technical services [54]",Job vacancies,69050,A
22-Mar,Canada,"Professional, scientific and technical services [54]",Payroll employees,1120690,A
22-Mar,Canada,"Professional, scientific and technical services [54]",Job vacancy rate,5.8,A
22-Mar,Canada,Management of companies and enterprises [55],Job vacancies,3925,D
22-Mar,Canada,Management of companies and enterprises [55],Payroll employees,123830,B
22-Mar,Canada,Management of companies and enterprises [55],Job vacancy rate,3.1,D
22-Mar,Canada,"Administrative and support, waste management and remediation services [56]",Job vacancies,61150,B
22-Mar,Canada,"Administrative and support, waste management and remediation services [56]",Payroll employees,790435,A
22-Mar,Canada,"Administrative and support, waste management and remediation services [56]",Job vacancy rate,7.2,B
22-Mar,Canada,Educational services [61],Job vacancies,26425,B
22-Mar,Canada,Educational services [61],Payroll employees,1461950,A
22-Mar,Canada,Educational services [61],Job vacancy rate,1.8,B
22-Mar,Canada,Health care and social assistance [62],Job vacancies,147175,B
22-Mar,Canada,Health care and social assistance [62],Payroll employees,2209360,A
22-Mar,Canada,Health care and social assistance [62],Job vacancy rate,6.2,B
22-Mar,Canada,"Arts, entertainment and recreation [71]",Job vacancies,16515,B
22-Mar,Canada,"Arts, entertainment and recreation [71]",Payroll employees,233140,A
22-Mar,Canada,"Arts, entertainment and recreation [71]",Job vacancy rate,6.6,B
22-Mar,Canada,Accommodation and food services [72],Job vacancies,151555,B
22-Mar,Canada,Accommodation and food services [72],Payroll employees,1080470,A
22-Mar,Canada,Accommodation and food services [72],Job vacancy rate,12.3,A
22-Mar,Canada,Other services (except public administration) [81],Job vacancies,38710,B
22-Mar,Canada,Other services (except public administration) [81],Payroll employees,514065,A
22-Mar,Canada,Other services (except public administration) [81],Job vacancy rate,7,B
22-Mar,Canada,Public administration [91],Job vacancies,18815,B
22-Mar,Canada,Public administration [91],Payroll employees,510435,A
22-Mar,Canada,Public administration [91],Job vacancy rate,3.6,B
22-Apr,Canada,"Total, all industries",Job vacancies,1034280,A
22-Apr,Canada,"Total, all industries",Payroll employees,16242675,A
22-Apr,Canada,"Total, all industries",Job vacancy rate,6,A
22-Apr,Canada,"Agriculture, forestry, fishing and hunting [11]",Job vacancies,17760,D
22-Apr,Canada,"Agriculture, forestry, fishing and hunting [11]",Payroll employees,207510,A
22-Apr,Canada,"Agriculture, forestry, fishing and hunting [11]",Job vacancy rate,7.9,D
22-Apr,Canada,"Mining, quarrying, and oil and gas extraction [21]",Job vacancies,9490,B
22-Apr,Canada,"Mining, quarrying, and oil and gas extraction [21]",Payroll employees,198470,A
22-Apr,Canada,"Mining, quarrying, and oil and gas extraction [21]",Job vacancy rate,4.6,B
22-Apr,Canada,Utilities [22],Job vacancies,2005,E
22-Apr,Canada,Utilities [22],Payroll employees,126135,A
22-Apr,Canada,Utilities [22],Job vacancy rate,1.6,E
22-Apr,Canada,Construction [23],Job vacancies,94535,A
22-Apr,Canada,Construction [23],Payroll employees,1045050,A
22-Apr,Canada,Construction [23],Job vacancy rate,8.3,A
22-Apr,Canada,Manufacturing [31-33],Job vacancies,92275,A
22-Apr,Canada,Manufacturing [31-33],Payroll employees,1522880,A
22-Apr,Canada,Manufacturing [31-33],Job vacancy rate,5.7,A
22-Apr,Canada,Wholesale trade [41],Job vacancies,39605,A
22-Apr,Canada,Wholesale trade [41],Payroll employees,796995,A
22-Apr,Canada,Wholesale trade [41],Job vacancy rate,4.7,A
22-Apr,Canada,Retail trade [44-45],Job vacancies,108755,D
22-Apr,Canada,Retail trade [44-45],Payroll employees,1973580,A
22-Apr,Canada,Retail trade [44-45],Job vacancy rate,5.2,D
22-Apr,Canada,Transportation and warehousing [48-49],Job vacancies,55655,C
22-Apr,Canada,Transportation and warehousing [48-49],Payroll employees,783965,A
22-Apr,Canada,Transportation and warehousing [48-49],Job vacancy rate,6.6,C
22-Apr,Canada,Information and cultural industries [51],Job vacancies,18740,C
22-Apr,Canada,Information and cultural industries [51],Payroll employees,366700,A
22-Apr,Canada,Information and cultural industries [51],Job vacancy rate,4.9,C
22-Apr,Canada,Finance and insurance [52],Job vacancies,47215,C
22-Apr,Canada,Finance and insurance [52],Payroll employees,790010,A
22-Apr,Canada,Finance and insurance [52],Job vacancy rate,5.6,C
22-Apr,Canada,Real estate and rental and leasing [53],Job vacancies,15275,B
22-Apr,Canada,Real estate and rental and leasing [53],Payroll employees,272890,A
22-Apr,Canada,Real estate and rental and leasing [53],Job vacancy rate,5.3,B
22-Apr,Canada,"Professional, scientific and technical services [54]",Job vacancies,77115,A
22-Apr,Canada,"Professional, scientific and technical services [54]",Payroll employees,1132475,A
22-Apr,Canada,"Professional, scientific and technical services [54]",Job vacancy rate,6.4,A
22-Apr,Canada,Management of companies and enterprises [55],Job vacancies,5080,B
22-Apr,Canada,Management of companies and enterprises [55],Payroll employees,125060,A
22-Apr,Canada,Management of companies and enterprises [55],Job vacancy rate,3.9,B
22-Apr,Canada,"Administrative and support, waste management and remediation services [56]",Job vacancies,67745,B
22-Apr,Canada,"Administrative and support, waste management and remediation services [56]",Payroll employees,792805,A
22-Apr,Canada,"Administrative and support, waste management and remediation services [56]",Job vacancy rate,7.9,B
22-Apr,Canada,Educational services [61],Job vacancies,22995,B
22-Apr,Canada,Educational services [61],Payroll employees,1476840,A
22-Apr,Canada,Educational services [61],Job vacancy rate,1.5,B
22-Apr,Canada,Health care and social assistance [62],Job vacancies,126565,A
22-Apr,Canada,Health care and social assistance [62],Payroll employees,2202825,A
22-Apr,Canada,Health care and social assistance [62],Job vacancy rate,5.4,A
22-Apr,Canada,"Arts, entertainment and recreation [71]",Job vacancies,21960,B
22-Apr,Canada,"Arts, entertainment and recreation [71]",Payroll employees,247625,A
22-Apr,Canada,"Arts, entertainment and recreation [71]",Job vacancy rate,8.1,B
22-Apr,Canada,Accommodation and food services [72],Job vacancies,152050,A
22-Apr,Canada,Accommodation and food services [72],Payroll employees,1141250,A
22-Apr,Canada,Accommodation and food services [72],Job vacancy rate,11.8,A
22-Apr,Canada,Other services (except public administration) [81],Job vacancies,43320,B
22-Apr,Canada,Other services (except public administration) [81],Payroll employees,523450,A
22-Apr,Canada,Other services (except public administration) [81],Job vacancy rate,7.6,B
22-Apr,Canada,Public administration [91],Job vacancies,16135,B
22-Apr,Canada,Public administration [91],Payroll employees,516170,A
22-Apr,Canada,Public administration [91],Job vacancy rate,3,B
22-May,Canada,"Total, all industries",Job vacancies,1037195,A
22-May,Canada,"Total, all industries",Payroll employees,16479550,A
22-May,Canada,"Total, all industries",Job vacancy rate,5.9,A
22-May,Canada,"Agriculture, forestry, fishing and hunting [11]",Job vacancies,18925,C
22-May,Canada,"Agriculture, forestry, fishing and hunting [11]",Payroll employees,232035,A
22-May,Canada,"Agriculture, forestry, fishing and hunting [11]",Job vacancy rate,7.5,C
22-May,Canada,"Mining, quarrying, and oil and gas extraction [21]",Job vacancies,10455,C
22-May,Canada,"Mining, quarrying, and oil and gas extraction [21]",Payroll employees,195160,A
22-May,Canada,"Mining, quarrying, and oil and gas extraction [21]",Job vacancy rate,5.1,C
22-May,Canada,Utilities [22],Job vacancies,2895,D
22-May,Canada,Utilities [22],Payroll employees,127240,A
22-May,Canada,Utilities [22],Job vacancy rate,2.2,D
22-May,Canada,Construction [23],Job vacancies,87505,B
22-May,Canada,Construction [23],Payroll employees,1078415,A
22-May,Canada,Construction [23],Job vacancy rate,7.5,B
22-May,Canada,Manufacturing [31-33],Job vacancies,86875,A
22-May,Canada,Manufacturing [31-33],Payroll employees,1547940,A
22-May,Canada,Manufacturing [31-33],Job vacancy rate,5.3,A
22-May,Canada,Wholesale trade [41],Job vacancies,38980,A
22-May,Canada,Wholesale trade [41],Payroll employees,803975,A
22-May,Canada,Wholesale trade [41],Job vacancy rate,4.6,A
22-May,Canada,Retail trade [44-45],Job vacancies,112975,B
22-May,Canada,Retail trade [44-45],Payroll employees,1992375,A
22-May,Canada,Retail trade [44-45],Job vacancy rate,5.4,B
22-May,Canada,Transportation and warehousing [48-49],Job vacancies,52995,C
22-May,Canada,Transportation and warehousing [48-49],Payroll employees,799850,A
22-May,Canada,Transportation and warehousing [48-49],Job vacancy rate,6.2,C
22-May,Canada,Information and cultural industries [51],Job vacancies,18900,D
22-May,Canada,Information and cultural industries [51],Payroll employees,379460,A
22-May,Canada,Information and cultural industries [51],Job vacancy rate,4.7,D
22-May,Canada,Finance and insurance [52],Job vacancies,37320,E
22-May,Canada,Finance and insurance [52],Payroll employees,798565,D
22-May,Canada,Finance and insurance [52],Job vacancy rate,4.5,E
22-May,Canada,Real estate and rental and leasing [53],Job vacancies,12570,C
22-May,Canada,Real estate and rental and leasing [53],Payroll employees,272660,A
22-May,Canada,Real estate and rental and leasing [53],Job vacancy rate,4.4,C
22-May,Canada,"Professional, scientific and technical services [54]",Job vacancies,71445,B
22-May,Canada,"Professional, scientific and technical services [54]",Payroll employees,1139230,A
22-May,Canada,"Professional, scientific and technical services [54]",Job vacancy rate,5.9,B
22-May,Canada,Management of companies and enterprises [55],Job vacancies,5585,B
22-May,Canada,Management of companies and enterprises [55],Payroll employees,123070,A
22-May,Canada,Management of companies and enterprises [55],Job vacancy rate,4.3,B
22-May,Canada,"Administrative and support, waste management and remediation services [56]",Job vacancies,67550,B
22-May,Canada,"Administrative and support, waste management and remediation services [56]",Payroll employees,808235,A
22-May,Canada,"Administrative and support, waste management and remediation services [56]",Job vacancy rate,7.7,B
22-May,Canada,Educational services [61],Job vacancies,21430,D
22-May,Canada,Educational services [61],Payroll employees,1495310,A
22-May,Canada,Educational services [61],Job vacancy rate,1.4,D
22-May,Canada,Health care and social assistance [62],Job vacancies,141020,A
22-May,Canada,Health care and social assistance [62],Payroll employees,2205355,A
22-May,Canada,Health care and social assistance [62],Job vacancy rate,6,A
22-May,Canada,"Arts, entertainment and recreation [71]",Job vacancies,21450,B
22-May,Canada,"Arts, entertainment and recreation [71]",Payroll employees,260690,A
22-May,Canada,"Arts, entertainment and recreation [71]",Job vacancy rate,7.6,B
22-May,Canada,Accommodation and food services [72],Job vacancies,166065,A
22-May,Canada,Accommodation and food services [72],Payroll employees,1191595,A
22-May,Canada,Accommodation and food services [72],Job vacancy rate,12.2,A
22-May,Canada,Other services (except public administration) [81],Job vacancies,43280,B
22-May,Canada,Other services (except public administration) [81],Payroll employees,524380,A
22-May,Canada,Other services (except public administration) [81],Job vacancy rate,7.6,B
22-May,Canada,Public administration [91],Job vacancies,18985,B
22-May,Canada,Public administration [91],Payroll employees,504005,A
22-May,Canada,Public administration [91],Job vacancy rate,3.6,B
22-Jun,Canada,"Total, all industries",Job vacancies,1020615,A
22-Jun,Canada,"Total, all industries",Payroll employees,16679225,A
22-Jun,Canada,"Total, all industries",Job vacancy rate,5.8,A
22-Jun,Canada,"Agriculture, forestry, fishing and hunting [11]",Job vacancies,17305,C
22-Jun,Canada,"Agriculture, forestry, fishing and hunting [11]",Payroll employees,253380,A
22-Jun,Canada,"Agriculture, forestry, fishing and hunting [11]",Job vacancy rate,6.4,C
22-Jun,Canada,"Mining, quarrying, and oil and gas extraction [21]",Job vacancies,7590,C
22-Jun,Canada,"Mining, quarrying, and oil and gas extraction [21]",Payroll employees,199955,A
22-Jun,Canada,"Mining, quarrying, and oil and gas extraction [21]",Job vacancy rate,3.7,C
22-Jun,Canada,Utilities [22],Job vacancies,,F
22-Jun,Canada,Utilities [22],Payroll employees,129745,E
22-Jun,Canada,Utilities [22],Job vacancy rate,,F
22-Jun,Canada,Construction [23],Job vacancies,87565,B
22-Jun,Canada,Construction [23],Payroll employees,1129595,A
22-Jun,Canada,Construction [23],Job vacancy rate,7.2,B
22-Jun,Canada,Manufacturing [31-33],Job vacancies,82780,A
22-Jun,Canada,Manufacturing [31-33],Payroll employees,1560850,A
22-Jun,Canada,Manufacturing [31-33],Job vacancy rate,5,A
22-Jun,Canada,Wholesale trade [41],Job vacancies,37350,B
22-Jun,Canada,Wholesale trade [41],Payroll employees,813655,A
22-Jun,Canada,Wholesale trade [41],Job vacancy rate,4.4,B
22-Jun,Canada,Retail trade [44-45],Job vacancies,112495,C
22-Jun,Canada,Retail trade [44-45],Payroll employees,2004540,A
22-Jun,Canada,Retail trade [44-45],Job vacancy rate,5.3,C
22-Jun,Canada,Transportation and warehousing [48-49],Job vacancies,43030,E
22-Jun,Canada,Transportation and warehousing [48-49],Payroll employees,793605,A
22-Jun,Canada,Transportation and warehousing [48-49],Job vacancy rate,5.1,E
22-Jun,Canada,Information and cultural industries [51],Job vacancies,20005,D
22-Jun,Canada,Information and cultural industries [51],Payroll employees,378865,A
22-Jun,Canada,Information and cultural industries [51],Job vacancy rate,5,D
22-Jun,Canada,Finance and insurance [52],Job vacancies,41560,B
22-Jun,Canada,Finance and insurance [52],Payroll employees,796410,A
22-Jun,Canada,Finance and insurance [52],Job vacancy rate,5,B
22-Jun,Canada,Real estate and rental and leasing [53],Job vacancies,13290,B
22-Jun,Canada,Real estate and rental and leasing [53],Payroll employees,279525,A
22-Jun,Canada,Real estate and rental and leasing [53],Job vacancy rate,4.5,B
22-Jun,Canada,"Professional, scientific and technical services [54]",Job vacancies,72450,B
22-Jun,Canada,"Professional, scientific and technical services [54]",Payroll employees,1156085,A
22-Jun,Canada,"Professional, scientific and technical services [54]",Job vacancy rate,5.9,B
22-Jun,Canada,Management of companies and enterprises [55],Job vacancies,3805,D
22-Jun,Canada,Management of companies and enterprises [55],Payroll employees,121000,A
22-Jun,Canada,Management of companies and enterprises [55],Job vacancy rate,3,C
22-Jun,Canada,"Administrative and support, waste management and remediation services [56]",Job vacancies,53970,D
22-Jun,Canada,"Administrative and support, waste management and remediation services [56]",Payroll employees,824390,A
22-Jun,Canada,"Administrative and support, waste management and remediation services [56]",Job vacancy rate,6.1,D
22-Jun,Canada,Educational services [61],Job vacancies,25325,B
22-Jun,Canada,Educational services [61],Payroll employees,1429140,A
22-Jun,Canada,Educational services [61],Job vacancy rate,1.7,B
22-Jun,Canada,Health care and social assistance [62],Job vacancies,147285,A
22-Jun,Canada,Health care and social assistance [62],Payroll employees,2223315,A
22-Jun,Canada,Health care and social assistance [62],Job vacancy rate,6.2,A
22-Jun,Canada,"Arts, entertainment and recreation [71]",Job vacancies,19710,B
22-Jun,Canada,"Arts, entertainment and recreation [71]",Payroll employees,285275,A
22-Jun,Canada,"Arts, entertainment and recreation [71]",Job vacancy rate,6.5,C
22-Jun,Canada,Accommodation and food services [72],Job vacancies,169770,B
22-Jun,Canada,Accommodation and food services [72],Payroll employees,1237220,A
22-Jun,Canada,Accommodation and food services [72],Job vacancy rate,12.1,B
22-Jun,Canada,Other services (except public administration) [81],Job vacancies,47190,B
22-Jun,Canada,Other services (except public administration) [81],Payroll employees,532500,A
22-Jun,Canada,Other services (except public administration) [81],Job vacancy rate,8.1,B
22-Jun,Canada,Public administration [91],Job vacancies,15705,B
22-Jun,Canada,Public administration [91],Payroll employees,530175,A
22-Jun,Canada,Public administration [91],Job vacancy rate,2.9,B
22-Jul,Canada,"Total, all industries",Job vacancies,999995,A
22-Jul,Canada,"Total, all industries",Payroll employees,17064035,A
22-Jul,Canada,"Total, all industries",Job vacancy rate,5.5,A
22-Jul,Canada,"Agriculture, forestry, fishing and hunting [11]",Job vacancies,17765,C
22-Jul,Canada,"Agriculture, forestry, fishing and hunting [11]",Payroll employees,270005,A
22-Jul,Canada,"Agriculture, forestry, fishing and hunting [11]",Job vacancy rate,6.2,C
22-Jul,Canada,"Mining, quarrying, and oil and gas extraction [21]",Job vacancies,8990,B
22-Jul,Canada,"Mining, quarrying, and oil and gas extraction [21]",Payroll employees,212580,A
22-Jul,Canada,"Mining, quarrying, and oil and gas extraction [21]",Job vacancy rate,4.1,B
22-Jul,Canada,Utilities [22],Job vacancies,2640,D
22-Jul,Canada,Utilities [22],Payroll employees,130385,A
22-Jul,Canada,Utilities [22],Job vacancy rate,2,D
22-Jul,Canada,Construction [23],Job vacancies,84825,B
22-Jul,Canada,Construction [23],Payroll employees,1178960,A
22-Jul,Canada,Construction [23],Job vacancy rate,6.7,B
22-Jul,Canada,Manufacturing [31-33],Job vacancies,83530,A
22-Jul,Canada,Manufacturing [31-33],Payroll employees,1584965,A
22-Jul,Canada,Manufacturing [31-33],Job vacancy rate,5,A
22-Jul,Canada,Wholesale trade [41],Job vacancies,35805,A
22-Jul,Canada,Wholesale trade [41],Payroll employees,821845,A
22-Jul,Canada,Wholesale trade [41],Job vacancy rate,4.2,A
22-Jul,Canada,Retail trade [44-45],Job vacancies,109340,B
22-Jul,Canada,Retail trade [44-45],Payroll employees,2040155,A
22-Jul,Canada,Retail trade [44-45],Job vacancy rate,5.1,B
22-Jul,Canada,Transportation and warehousing [48-49],Job vacancies,58420,C
22-Jul,Canada,Transportation and warehousing [48-49],Payroll employees,817685,A
22-Jul,Canada,Transportation and warehousing [48-49],Job vacancy rate,6.7,C
22-Jul,Canada,Information and cultural industries [51],Job vacancies,19480,C
22-Jul,Canada,Information and cultural industries [51],Payroll employees,384115,A
22-Jul,Canada,Information and cultural industries [51],Job vacancy rate,4.8,C
22-Jul,Canada,Finance and insurance [52],Job vacancies,43460,C
22-Jul,Canada,Finance and insurance [52],Payroll employees,810015,A
22-Jul,Canada,Finance and insurance [52],Job vacancy rate,5.1,C
22-Jul,Canada,Real estate and rental and leasing [53],Job vacancies,12395,B
22-Jul,Canada,Real estate and rental and leasing [53],Payroll employees,291255,A
22-Jul,Canada,Real estate and rental and leasing [53],Job vacancy rate,4.1,B
22-Jul,Canada,"Professional, scientific and technical services [54]",Job vacancies,67105,A
22-Jul,Canada,"Professional, scientific and technical services [54]",Payroll employees,1171465,A
22-Jul,Canada,"Professional, scientific and technical services [54]",Job vacancy rate,5.4,A
22-Jul,Canada,Management of companies and enterprises [55],Job vacancies,4925,B
22-Jul,Canada,Management of companies and enterprises [55],Payroll employees,123210,A
22-Jul,Canada,Management of companies and enterprises [55],Job vacancy rate,3.8,B
22-Jul,Canada,"Administrative and support, waste management and remediation services [56]",Job vacancies,61190,B
22-Jul,Canada,"Administrative and support, waste management and remediation services [56]",Payroll employees,848125,A
22-Jul,Canada,"Administrative and support, waste management and remediation services [56]",Job vacancy rate,6.7,B
22-Jul,Canada,Educational services [61],Job vacancies,23510,B
22-Jul,Canada,Educational services [61],Payroll employees,1435955,A
22-Jul,Canada,Educational services [61],Job vacancy rate,1.6,C
22-Jul,Canada,Health care and social assistance [62],Job vacancies,150165,A
22-Jul,Canada,Health care and social assistance [62],Payroll employees,2233675,A
22-Jul,Canada,Health care and social assistance [62],Job vacancy rate,6.3,A
22-Jul,Canada,"Arts, entertainment and recreation [71]",Job vacancies,13700,B
22-Jul,Canada,"Arts, entertainment and recreation [71]",Payroll employees,314345,A
22-Jul,Canada,"Arts, entertainment and recreation [71]",Job vacancy rate,4.2,B
22-Jul,Canada,Accommodation and food services [72],Job vacancies,149250,A
22-Jul,Canada,Accommodation and food services [72],Payroll employees,1302510,A
22-Jul,Canada,Accommodation and food services [72],Job vacancy rate,10.3,A
22-Jul,Canada,Other services (except public administration) [81],Job vacancies,42510,B
22-Jul,Canada,Other services (except public administration) [81],Payroll employees,547845,A
22-Jul,Canada,Other services (except public administration) [81],Job vacancy rate,7.2,B
22-Jul,Canada,Public administration [91],Job vacancies,10990,B
22-Jul,Canada,Public administration [91],Payroll employees,544940,A
22-Jul,Canada,Public administration [91],Job vacancy rate,2,B
22-Aug,Canada,"Total, all industries",Job vacancies,974450,A
22-Aug,Canada,"Total, all industries",Payroll employees,16846600,A
22-Aug,Canada,"Total, all industries",Job vacancy rate,5.5,A
22-Aug,Canada,"Agriculture, forestry, fishing and hunting [11]",Job vacancies,17285,C
22-Aug,Canada,"Agriculture, forestry, fishing and hunting [11]",Payroll employees,279555,A
22-Aug,Canada,"Agriculture, forestry, fishing and hunting [11]",Job vacancy rate,5.8,C
22-Aug,Canada,"Mining, quarrying, and oil and gas extraction [21]",Job vacancies,9155,C
22-Aug,Canada,"Mining, quarrying, and oil and gas extraction [21]",Payroll employees,205575,A
22-Aug,Canada,"Mining, quarrying, and oil and gas extraction [21]",Job vacancy rate,4.3,C
22-Aug,Canada,Utilities [22],Job vacancies,3260,D
22-Aug,Canada,Utilities [22],Payroll employees,130635,A
22-Aug,Canada,Utilities [22],Job vacancy rate,2.4,D
22-Aug,Canada,Construction [23],Job vacancies,86085,B
22-Aug,Canada,Construction [23],Payroll employees,1190090,A
22-Aug,Canada,Construction [23],Job vacancy rate,6.7,B
22-Aug,Canada,Manufacturing [31-33],Job vacancies,87260,A
22-Aug,Canada,Manufacturing [31-33],Payroll employees,1593245,A
22-Aug,Canada,Manufacturing [31-33],Job vacancy rate,5.2,A
22-Aug,Canada,Wholesale trade [41],Job vacancies,33630,B
22-Aug,Canada,Wholesale trade [41],Payroll employees,824420,A
22-Aug,Canada,Wholesale trade [41],Job vacancy rate,3.9,B
22-Aug,Canada,Retail trade [44-45],Job vacancies,119560,B
22-Aug,Canada,Retail trade [44-45],Payroll employees,2040235,A
22-Aug,Canada,Retail trade [44-45],Job vacancy rate,5.5,B
22-Aug,Canada,Transportation and warehousing [48-49],Job vacancies,51320,C
22-Aug,Canada,Transportation and warehousing [48-49],Payroll employees,802595,A
22-Aug,Canada,Transportation and warehousing [48-49],Job vacancy rate,6,C
22-Aug,Canada,Information and cultural industries [51],Job vacancies,20080,D
22-Aug,Canada,Information and cultural industries [51],Payroll employees,389755,A
22-Aug,Canada,Information and cultural industries [51],Job vacancy rate,4.9,D
22-Aug,Canada,Finance and insurance [52],Job vacancies,33270,E
22-Aug,Canada,Finance and insurance [52],Payroll employees,816530,D
22-Aug,Canada,Finance and insurance [52],Job vacancy rate,3.9,E
22-Aug,Canada,Real estate and rental and leasing [53],Job vacancies,10865,C
22-Aug,Canada,Real estate and rental and leasing [53],Payroll employees,287885,A
22-Aug,Canada,Real estate and rental and leasing [53],Job vacancy rate,3.6,C
22-Aug,Canada,"Professional, scientific and technical services [54]",Job vacancies,62745,A
22-Aug,Canada,"Professional, scientific and technical services [54]",Payroll employees,1181035,A
22-Aug,Canada,"Professional, scientific and technical services [54]",Job vacancy rate,5,A
22-Aug,Canada,Management of companies and enterprises [55],Job vacancies,4625,B
22-Aug,Canada,Management of companies and enterprises [55],Payroll employees,124795,A
22-Aug,Canada,Management of companies and enterprises [55],Job vacancy rate,3.6,B
22-Aug,Canada,"Administrative and support, waste management and remediation services [56]",Job vacancies,57920,B
22-Aug,Canada,"Administrative and support, waste management and remediation services [56]",Payroll employees,849415,A
22-Aug,Canada,"Administrative and support, waste management and remediation services [56]",Job vacancy rate,6.4,B
22-Aug,Canada,Educational services [61],Job vacancies,19675,C
22-Aug,Canada,Educational services [61],Payroll employees,1131190,A
22-Aug,Canada,Educational services [61],Job vacancy rate,1.7,C
22-Aug,Canada,Health care and social assistance [62],Job vacancies,142480,A
22-Aug,Canada,Health care and social assistance [62],Payroll employees,2232480,A
22-Aug,Canada,Health care and social assistance [62],Job vacancy rate,6,A
22-Aug,Canada,"Arts, entertainment and recreation [71]",Job vacancies,18225,B
22-Aug,Canada,"Arts, entertainment and recreation [71]",Payroll employees,334660,A
22-Aug,Canada,"Arts, entertainment and recreation [71]",Job vacancy rate,5.2,B
22-Aug,Canada,Accommodation and food services [72],Job vacancies,140995,A
22-Aug,Canada,Accommodation and food services [72],Payroll employees,1329935,A
22-Aug,Canada,Accommodation and food services [72],Job vacancy rate,9.6,B
22-Aug,Canada,Other services (except public administration) [81],Job vacancies,40445,B
22-Aug,Canada,Other services (except public administration) [81],Payroll employees,550590,A
22-Aug,Canada,Other services (except public administration) [81],Job vacancy rate,6.8,B
22-Aug,Canada,Public administration [91],Job vacancies,15580,B
22-Aug,Canada,Public administration [91],Payroll employees,551975,A
22-Aug,Canada,Public administration [91],Job vacancy rate,2.7,C
22-Sep,Canada,"Total, all industries",Job vacancies,987760,A
22-Sep,Canada,"Total, all industries",Payroll employees,16600410,A
22-Sep,Canada,"Total, all industries",Job vacancy rate,5.6,A
22-Sep,Canada,"Agriculture, forestry, fishing and hunting [11]",Job vacancies,14120,C
22-Sep,Canada,"Agriculture, forestry, fishing and hunting [11]",Payroll employees,272340,A
22-Sep,Canada,"Agriculture, forestry, fishing and hunting [11]",Job vacancy rate,4.9,C
22-Sep,Canada,"Mining, quarrying, and oil and gas extraction [21]",Job vacancies,8170,C
22-Sep,Canada,"Mining, quarrying, and oil and gas extraction [21]",Payroll employees,206405,A
22-Sep,Canada,"Mining, quarrying, and oil and gas extraction [21]",Job vacancy rate,3.8,C
22-Sep,Canada,Utilities [22],Job vacancies,3050,D
22-Sep,Canada,Utilities [22],Payroll employees,132450,B
22-Sep,Canada,Utilities [22],Job vacancy rate,2.3,D
22-Sep,Canada,Construction [23],Job vacancies,93365,B
22-Sep,Canada,Construction [23],Payroll employees,1181990,A
22-Sep,Canada,Construction [23],Job vacancy rate,7.3,B
22-Sep,Canada,Manufacturing [31-33],Job vacancies,75820,B
22-Sep,Canada,Manufacturing [31-33],Payroll employees,1572345,A
22-Sep,Canada,Manufacturing [31-33],Job vacancy rate,4.6,B
22-Sep,Canada,Wholesale trade [41],Job vacancies,37685,B
22-Sep,Canada,Wholesale trade [41],Payroll employees,819245,A
22-Sep,Canada,Wholesale trade [41],Job vacancy rate,4.4,B
22-Sep,Canada,Retail trade [44-45],Job vacancies,116120,B
22-Sep,Canada,Retail trade [44-45],Payroll employees,2009370,A
22-Sep,Canada,Retail trade [44-45],Job vacancy rate,5.5,B
22-Sep,Canada,Transportation and warehousing [48-49],Job vacancies,39825,E
22-Sep,Canada,Transportation and warehousing [48-49],Payroll employees,793945,A
22-Sep,Canada,Transportation and warehousing [48-49],Job vacancy rate,4.8,E
22-Sep,Canada,Information and cultural industries [51],Job vacancies,16625,D
22-Sep,Canada,Information and cultural industries [51],Payroll employees,390770,A
22-Sep,Canada,Information and cultural industries [51],Job vacancy rate,4.1,D
22-Sep,Canada,Finance and insurance [52],Job vacancies,39975,B
22-Sep,Canada,Finance and insurance [52],Payroll employees,812895,A
22-Sep,Canada,Finance and insurance [52],Job vacancy rate,4.7,B
22-Sep,Canada,Real estate and rental and leasing [53],Job vacancies,14685,B
22-Sep,Canada,Real estate and rental and leasing [53],Payroll employees,290520,A
22-Sep,Canada,Real estate and rental and leasing [53],Job vacancy rate,4.8,B
22-Sep,Canada,"Professional, scientific and technical services [54]",Job vacancies,62680,B
22-Sep,Canada,"Professional, scientific and technical services [54]",Payroll employees,1183680,A
22-Sep,Canada,"Professional, scientific and technical services [54]",Job vacancy rate,5,A
22-Sep,Canada,Management of companies and enterprises [55],Job vacancies,3665,D
22-Sep,Canada,Management of companies and enterprises [55],Payroll employees,119865,B
22-Sep,Canada,Management of companies and enterprises [55],Job vacancy rate,3,D
22-Sep,Canada,"Administrative and support, waste management and remediation services [56]",Job vacancies,56460,B
22-Sep,Canada,"Administrative and support, waste management and remediation services [56]",Payroll employees,849750,A
22-Sep,Canada,"Administrative and support, waste management and remediation services [56]",Job vacancy rate,6.2,B
22-Sep,Canada,Educational services [61],Job vacancies,22050,B
22-Sep,Canada,Educational services [61],Payroll employees,973620,A
22-Sep,Canada,Educational services [61],Job vacancy rate,2.2,B
22-Sep,Canada,Health care and social assistance [62],Job vacancies,157210,A
22-Sep,Canada,Health care and social assistance [62],Payroll employees,2247525,A
22-Sep,Canada,Health care and social assistance [62],Job vacancy rate,6.5,A
22-Sep,Canada,"Arts, entertainment and recreation [71]",Job vacancies,16950,B
22-Sep,Canada,"Arts, entertainment and recreation [71]",Payroll employees,329915,A
22-Sep,Canada,"Arts, entertainment and recreation [71]",Job vacancy rate,4.9,B
22-Sep,Canada,Accommodation and food services [72],Job vacancies,151855,B
22-Sep,Canada,Accommodation and food services [72],Payroll employees,1316745,A
22-Sep,Canada,Accommodation and food services [72],Job vacancy rate,10.3,B
22-Sep,Canada,Other services (except public administration) [81],Job vacancies,42580,B
22-Sep,Canada,Other services (except public administration) [81],Payroll employees,547675,A
22-Sep,Canada,Other services (except public administration) [81],Job vacancy rate,7.2,B
22-Sep,Canada,Public administration [91],Job vacancies,14855,C
22-Sep,Canada,Public administration [91],Payroll employees,549360,A
22-Sep,Canada,Public administration [91],Job vacancy rate,2.6,C
22-Oct,Canada,"Total, all industries",Job vacancies,933845,A
22-Oct,Canada,"Total, all industries",Payroll employees,17065430,A
22-Oct,Canada,"Total, all industries",Job vacancy rate,5.2,A
22-Oct,Canada,"Agriculture, forestry, fishing and hunting [11]",Job vacancies,9960,C
22-Oct,Canada,"Agriculture, forestry, fishing and hunting [11]",Payroll employees,272330,A
22-Oct,Canada,"Agriculture, forestry, fishing and hunting [11]",Job vacancy rate,3.5,C
22-Oct,Canada,"Mining, quarrying, and oil and gas extraction [21]",Job vacancies,7405,C
22-Oct,Canada,"Mining, quarrying, and oil and gas extraction [21]",Payroll employees,212525,A
22-Oct,Canada,"Mining, quarrying, and oil and gas extraction [21]",Job vacancy rate,3.4,C
22-Oct,Canada,Utilities [22],Job vacancies,1990,C
22-Oct,Canada,Utilities [22],Payroll employees,131050,A
22-Oct,Canada,Utilities [22],Job vacancy rate,1.5,C
22-Oct,Canada,Construction [23],Job vacancies,70260,B
22-Oct,Canada,Construction [23],Payroll employees,1208830,A
22-Oct,Canada,Construction [23],Job vacancy rate,5.5,B
22-Oct,Canada,Manufacturing [31-33],Job vacancies,79970,A
22-Oct,Canada,Manufacturing [31-33],Payroll employees,1576715,A
22-Oct,Canada,Manufacturing [31-33],Job vacancy rate,4.8,A
22-Oct,Canada,Wholesale trade [41],Job vacancies,32880,B
22-Oct,Canada,Wholesale trade [41],Payroll employees,819815,A
22-Oct,Canada,Wholesale trade [41],Job vacancy rate,3.9,B
22-Oct,Canada,Retail trade [44-45],Job vacancies,120440,D
22-Oct,Canada,Retail trade [44-45],Payroll employees,2037040,A
22-Oct,Canada,Retail trade [44-45],Job vacancy rate,5.6,D
22-Oct,Canada,Transportation and warehousing [48-49],Job vacancies,49840,C
22-Oct,Canada,Transportation and warehousing [48-49],Payroll employees,819230,A
22-Oct,Canada,Transportation and warehousing [48-49],Job vacancy rate,5.7,C
22-Oct,Canada,Information and cultural industries [51],Job vacancies,17810,D
22-Oct,Canada,Information and cultural industries [51],Payroll employees,389965,A
22-Oct,Canada,Information and cultural industries [51],Job vacancy rate,4.4,D
22-Oct,Canada,Finance and insurance [52],Job vacancies,42640,D
22-Oct,Canada,Finance and insurance [52],Payroll employees,813055,A
22-Oct,Canada,Finance and insurance [52],Job vacancy rate,5,D
22-Oct,Canada,Real estate and rental and leasing [53],Job vacancies,12465,B
22-Oct,Canada,Real estate and rental and leasing [53],Payroll employees,294325,A
22-Oct,Canada,Real estate and rental and leasing [53],Job vacancy rate,4.1,B
22-Oct,Canada,"Professional, scientific and technical services [54]",Job vacancies,66410,B
22-Oct,Canada,"Professional, scientific and technical services [54]",Payroll employees,1192155,A
22-Oct,Canada,"Professional, scientific and technical services [54]",Job vacancy rate,5.3,B
22-Oct,Canada,Management of companies and enterprises [55],Job vacancies,4115,B
22-Oct,Canada,Management of companies and enterprises [55],Payroll employees,118895,A
22-Oct,Canada,Management of companies and enterprises [55],Job vacancy rate,3.3,B
22-Oct,Canada,"Administrative and support, waste management and remediation services [56]",Job vacancies,52445,B
22-Oct,Canada,"Administrative and support, waste management and remediation services [56]",Payroll employees,855570,A
22-Oct,Canada,"Administrative and support, waste management and remediation services [56]",Job vacancy rate,5.8,B
22-Oct,Canada,Educational services [61],Job vacancies,23355,B
22-Oct,Canada,Educational services [61],Payroll employees,1346800,A
22-Oct,Canada,Educational services [61],Job vacancy rate,1.7,B
22-Oct,Canada,Health care and social assistance [62],Job vacancies,150165,D
22-Oct,Canada,Health care and social assistance [62],Payroll employees,2236650,A
22-Oct,Canada,Health care and social assistance [62],Job vacancy rate,6.3,D
22-Oct,Canada,"Arts, entertainment and recreation [71]",Job vacancies,15465,C
22-Oct,Canada,"Arts, entertainment and recreation [71]",Payroll employees,324095,A
22-Oct,Canada,"Arts, entertainment and recreation [71]",Job vacancy rate,4.6,B
22-Oct,Canada,Accommodation and food services [72],Job vacancies,127110,A
22-Oct,Canada,Accommodation and food services [72],Payroll employees,1328940,A
22-Oct,Canada,Accommodation and food services [72],Job vacancy rate,8.7,B
22-Oct,Canada,Other services (except public administration) [81],Job vacancies,36515,B
22-Oct,Canada,Other services (except public administration) [81],Payroll employees,552890,A
22-Oct,Canada,Other services (except public administration) [81],Job vacancy rate,6.2,B
22-Oct,Canada,Public administration [91],Job vacancies,12615,B
22-Oct,Canada,Public administration [91],Payroll employees,534545,A
22-Oct,Canada,Public administration [91],Job vacancy rate,2.3,B
22-Nov,Canada,"Total, all industries",Job vacancies,854165,A
22-Nov,Canada,"Total, all industries",Payroll employees,17075715,A
22-Nov,Canada,"Total, all industries",Job vacancy rate,4.8,A
22-Nov,Canada,"Agriculture, forestry, fishing and hunting [11]",Job vacancies,11265,C
22-Nov,Canada,"Agriculture, forestry, fishing and hunting [11]",Payroll employees,264265,A
22-Nov,Canada,"Agriculture, forestry, fishing and hunting [11]",Job vacancy rate,4.1,C
22-Nov,Canada,"Mining, quarrying, and oil and gas extraction [21]",Job vacancies,,F
22-Nov,Canada,"Mining, quarrying, and oil and gas extraction [21]",Payroll employees,203680,A
22-Nov,Canada,"Mining, quarrying, and oil and gas extraction [21]",Job vacancy rate,,F
22-Nov,Canada,Utilities [22],Job vacancies,2980,D
22-Nov,Canada,Utilities [22],Payroll employees,130575,A
22-Nov,Canada,Utilities [22],Job vacancy rate,2.2,D
22-Nov,Canada,Construction [23],Job vacancies,77145,B
22-Nov,Canada,Construction [23],Payroll employees,1194870,A
22-Nov,Canada,Construction [23],Job vacancy rate,6.1,B
22-Nov,Canada,Manufacturing [31-33],Job vacancies,69770,A
22-Nov,Canada,Manufacturing [31-33],Payroll employees,1569100,A
22-Nov,Canada,Manufacturing [31-33],Job vacancy rate,4.3,A
22-Nov,Canada,Wholesale trade [41],Job vacancies,33430,B
22-Nov,Canada,Wholesale trade [41],Payroll employees,819855,A
22-Nov,Canada,Wholesale trade [41],Job vacancy rate,3.9,B
22-Nov,Canada,Retail trade [44-45],Job vacancies,107805,B
22-Nov,Canada,Retail trade [44-45],Payroll employees,2034600,A
22-Nov,Canada,Retail trade [44-45],Job vacancy rate,5,B
22-Nov,Canada,Transportation and warehousing [48-49],Job vacancies,50870,C
22-Nov,Canada,Transportation and warehousing [48-49],Payroll employees,825295,A
22-Nov,Canada,Transportation and warehousing [48-49],Job vacancy rate,5.8,C
22-Nov,Canada,Information and cultural industries [51],Job vacancies,13155,D
22-Nov,Canada,Information and cultural industries [51],Payroll employees,391110,A
22-Nov,Canada,Information and cultural industries [51],Job vacancy rate,3.3,D
22-Nov,Canada,Finance and insurance [52],Job vacancies,33185,D
22-Nov,Canada,Finance and insurance [52],Payroll employees,816010,C
22-Nov,Canada,Finance and insurance [52],Job vacancy rate,3.9,D
22-Nov,Canada,Real estate and rental and leasing [53],Job vacancies,8940,C
22-Nov,Canada,Real estate and rental and leasing [53],Payroll employees,288005,A
22-Nov,Canada,Real estate and rental and leasing [53],Job vacancy rate,3,C
22-Nov,Canada,"Professional, scientific and technical services [54]",Job vacancies,51930,A
22-Nov,Canada,"Professional, scientific and technical services [54]",Payroll employees,1192955,A
22-Nov,Canada,"Professional, scientific and technical services [54]",Job vacancy rate,4.2,A
22-Nov,Canada,Management of companies and enterprises [55],Job vacancies,4220,C
22-Nov,Canada,Management of companies and enterprises [55],Payroll employees,124895,A
22-Nov,Canada,Management of companies and enterprises [55],Job vacancy rate,3.3,C
22-Nov,Canada,"Administrative and support, waste management and remediation services [56]",Job vacancies,50315,B
22-Nov,Canada,"Administrative and support, waste management and remediation services [56]",Payroll employees,848265,A
22-Nov,Canada,"Administrative and support, waste management and remediation services [56]",Job vacancy rate,5.6,B
22-Nov,Canada,Educational services [61],Job vacancies,21135,C
22-Nov,Canada,Educational services [61],Payroll employees,1477050,A
22-Nov,Canada,Educational services [61],Job vacancy rate,1.4,C
22-Nov,Canada,Health care and social assistance [62],Job vacancies,133340,A
22-Nov,Canada,Health care and social assistance [62],Payroll employees,2224900,A
22-Nov,Canada,Health care and social assistance [62],Job vacancy rate,5.7,A
22-Nov,Canada,"Arts, entertainment and recreation [71]",Job vacancies,15950,C
22-Nov,Canada,"Arts, entertainment and recreation [71]",Payroll employees,298790,A
22-Nov,Canada,"Arts, entertainment and recreation [71]",Job vacancy rate,5.1,C
22-Nov,Canada,Accommodation and food services [72],Job vacancies,111680,A
22-Nov,Canada,Accommodation and food services [72],Payroll employees,1294215,A
22-Nov,Canada,Accommodation and food services [72],Job vacancy rate,7.9,A
22-Nov,Canada,Other services (except public administration) [81],Job vacancies,34040,B
22-Nov,Canada,Other services (except public administration) [81],Payroll employees,550345,A
22-Nov,Canada,Other services (except public administration) [81],Job vacancy rate,5.8,B
22-Nov,Canada,Public administration [91],Job vacancies,14935,B
22-Nov,Canada,Public administration [91],Payroll employees,526940,A
22-Nov,Canada,Public administration [91],Job vacancy rate,2.8,C
22-Dec,Canada,"Total, all industries",Job vacancies,752325,A
22-Dec,Canada,"Total, all industries",Payroll employees,17066350,A
22-Dec,Canada,"Total, all industries",Job vacancy rate,4.2,A
22-Dec,Canada,"Agriculture, forestry, fishing and hunting [11]",Job vacancies,10170,C
22-Dec,Canada,"Agriculture, forestry, fishing and hunting [11]",Payroll employees,234125,A
22-Dec,Canada,"Agriculture, forestry, fishing and hunting [11]",Job vacancy rate,4.2,C
22-Dec,Canada,"Mining, quarrying, and oil and gas extraction [21]",Job vacancies,7450,D
22-Dec,Canada,"Mining, quarrying, and oil and gas extraction [21]",Payroll employees,206135,B
22-Dec,Canada,"Mining, quarrying, and oil and gas extraction [21]",Job vacancy rate,3.5,D
22-Dec,Canada,Utilities [22],Job vacancies,,F
22-Dec,Canada,Utilities [22],Payroll employees,130850,B
22-Dec,Canada,Utilities [22],Job vacancy rate,,F
22-Dec,Canada,Construction [23],Job vacancies,61160,B
22-Dec,Canada,Construction [23],Payroll employees,1181675,A
22-Dec,Canada,Construction [23],Job vacancy rate,4.9,B
22-Dec,Canada,Manufacturing [31-33],Job vacancies,60520,A
22-Dec,Canada,Manufacturing [31-33],Payroll employees,1557650,A
22-Dec,Canada,Manufacturing [31-33],Job vacancy rate,3.7,A
22-Dec,Canada,Wholesale trade [41],Job vacancies,26170,B
22-Dec,Canada,Wholesale trade [41],Payroll employees,819920,A
22-Dec,Canada,Wholesale trade [41],Job vacancy rate,3.1,B
22-Dec,Canada,Retail trade [44-45],Job vacancies,88405,C
22-Dec,Canada,Retail trade [44-45],Payroll employees,2034180,A
22-Dec,Canada,Retail trade [44-45],Job vacancy rate,4.2,C
22-Dec,Canada,Transportation and warehousing [48-49],Job vacancies,29675,E
22-Dec,Canada,Transportation and warehousing [48-49],Payroll employees,826010,A
22-Dec,Canada,Transportation and warehousing [48-49],Job vacancy rate,3.5,E
22-Dec,Canada,Information and cultural industries [51],Job vacancies,11760,D
22-Dec,Canada,Information and cultural industries [51],Payroll employees,389070,A
22-Dec,Canada,Information and cultural industries [51],Job vacancy rate,2.9,D
22-Dec,Canada,Finance and insurance [52],Job vacancies,30560,B
22-Dec,Canada,Finance and insurance [52],Payroll employees,824700,A
22-Dec,Canada,Finance and insurance [52],Job vacancy rate,3.6,B
22-Dec,Canada,Real estate and rental and leasing [53],Job vacancies,9065,C
22-Dec,Canada,Real estate and rental and leasing [53],Payroll employees,290855,A
22-Dec,Canada,Real estate and rental and leasing [53],Job vacancy rate,3,C
22-Dec,Canada,"Professional, scientific and technical services [54]",Job vacancies,53005,B
22-Dec,Canada,"Professional, scientific and technical services [54]",Payroll employees,1196620,A
22-Dec,Canada,"Professional, scientific and technical services [54]",Job vacancy rate,4.2,B
22-Dec,Canada,Management of companies and enterprises [55],Job vacancies,2365,E
22-Dec,Canada,Management of companies and enterprises [55],Payroll employees,122795,C
22-Dec,Canada,Management of companies and enterprises [55],Job vacancy rate,1.9,E
22-Dec,Canada,"Administrative and support, waste management and remediation services [56]",Job vacancies,39005,C
22-Dec,Canada,"Administrative and support, waste management and remediation services [56]",Payroll employees,850860,A
22-Dec,Canada,"Administrative and support, waste management and remediation services [56]",Job vacancy rate,4.4,C
22-Dec,Canada,Educational services [61],Job vacancies,27490,B
22-Dec,Canada,Educational services [61],Payroll employees,1510245,A
22-Dec,Canada,Educational services [61],Job vacancy rate,1.8,B
22-Dec,Canada,Health care and social assistance [62],Job vacancies,147415,A
22-Dec,Canada,Health care and social assistance [62],Payroll employees,2256670,A
22-Dec,Canada,Health care and social assistance [62],Job vacancy rate,6.1,A
22-Dec,Canada,"Arts, entertainment and recreation [71]",Job vacancies,15775,D
22-Dec,Canada,"Arts, entertainment and recreation [71]",Payroll employees,279720,A
22-Dec,Canada,"Arts, entertainment and recreation [71]",Job vacancy rate,5.3,D
22-Dec,Canada,Accommodation and food services [72],Job vacancies,90035,B
22-Dec,Canada,Accommodation and food services [72],Payroll employees,1270350,A
22-Dec,Canada,Accommodation and food services [72],Job vacancy rate,6.6,B
22-Dec,Canada,Other services (except public administration) [81],Job vacancies,29345,B
22-Dec,Canada,Other services (except public administration) [81],Payroll employees,549975,A
22-Dec,Canada,Other services (except public administration) [81],Job vacancy rate,5.1,B
22-Dec,Canada,Public administration [91],Job vacancies,11525,C
22-Dec,Canada,Public administration [91],Payroll employees,533950,A
22-Dec,Canada,Public administration [91],Job vacancy rate,2.1,C
23-Jan,Canada,"Total, all industries",Job vacancies,788280,A
23-Jan,Canada,"Total, all industries",Payroll employees,17159045,A
23-Jan,Canada,"Total, all industries",Job vacancy rate,4.4,A
23-Jan,Canada,"Agriculture, forestry, fishing and hunting [11]",Job vacancies,12370,C
23-Jan,Canada,"Agriculture, forestry, fishing and hunting [11]",Payroll employees,227330,A
23-Jan,Canada,"Agriculture, forestry, fishing and hunting [11]",Job vacancy rate,5.2,C
23-Jan,Canada,"Mining, quarrying, and oil and gas extraction [21]",Job vacancies,8260,C
23-Jan,Canada,"Mining, quarrying, and oil and gas extraction [21]",Payroll employees,211990,A
23-Jan,Canada,"Mining, quarrying, and oil and gas extraction [21]",Job vacancy rate,3.7,C
23-Jan,Canada,Utilities [22],Job vacancies,2660,C
23-Jan,Canada,Utilities [22],Payroll employees,130750,A
23-Jan,Canada,Utilities [22],Job vacancy rate,2,C
23-Jan,Canada,Construction [23],Job vacancies,62965,B
23-Jan,Canada,Construction [23],Payroll employees,1148105,A
23-Jan,Canada,Construction [23],Job vacancy rate,5.2,B
23-Jan,Canada,Manufacturing [31-33],Job vacancies,65715,A
23-Jan,Canada,Manufacturing [31-33],Payroll employees,1567890,A
23-Jan,Canada,Manufacturing [31-33],Job vacancy rate,4,A
23-Jan,Canada,Wholesale trade [41],Job vacancies,27815,B
23-Jan,Canada,Wholesale trade [41],Payroll employees,822410,A
23-Jan,Canada,Wholesale trade [41],Job vacancy rate,3.3,B
23-Jan,Canada,Retail trade [44-45],Job vacancies,71715,B
23-Jan,Canada,Retail trade [44-45],Payroll employees,2072250,A
23-Jan,Canada,Retail trade [44-45],Job vacancy rate,3.3,B
23-Jan,Canada,Transportation and warehousing [48-49],Job vacancies,47280,C
23-Jan,Canada,Transportation and warehousing [48-49],Payroll employees,841930,A
23-Jan,Canada,Transportation and warehousing [48-49],Job vacancy rate,5.3,C
23-Jan,Canada,Information and cultural industries [51],Job vacancies,14435,D
23-Jan,Canada,Information and cultural industries [51],Payroll employees,384325,A
23-Jan,Canada,Information and cultural industries [51],Job vacancy rate,3.6,D
23-Jan,Canada,Finance and insurance [52],Job vacancies,33220,B
23-Jan,Canada,Finance and insurance [52],Payroll employees,842540,A
23-Jan,Canada,Finance and insurance [52],Job vacancy rate,3.8,B
23-Jan,Canada,Real estate and rental and leasing [53],Job vacancies,11250,B
23-Jan,Canada,Real estate and rental and leasing [53],Payroll employees,295630,A
23-Jan,Canada,Real estate and rental and leasing [53],Job vacancy rate,3.7,B
23-Jan,Canada,"Professional, scientific and technical services [54]",Job vacancies,53845,C
23-Jan,Canada,"Professional, scientific and technical services [54]",Payroll employees,1209805,A
23-Jan,Canada,"Professional, scientific and technical services [54]",Job vacancy rate,4.3,C
23-Jan,Canada,Management of companies and enterprises [55],Job vacancies,4045,C
23-Jan,Canada,Management of companies and enterprises [55],Payroll employees,123925,A
23-Jan,Canada,Management of companies and enterprises [55],Job vacancy rate,3.2,C
23-Jan,Canada,"Administrative and support, waste management and remediation services [56]",Job vacancies,49020,B
23-Jan,Canada,"Administrative and support, waste management and remediation services [56]",Payroll employees,845655,A
23-Jan,Canada,"Administrative and support, waste management and remediation services [56]",Job vacancy rate,5.5,B
23-Jan,Canada,Educational services [61],Job vacancies,23740,B
23-Jan,Canada,Educational services [61],Payroll employees,1532415,A
23-Jan,Canada,Educational services [61],Job vacancy rate,1.5,B
23-Jan,Canada,Health care and social assistance [62],Job vacancies,149580,A
23-Jan,Canada,Health care and social assistance [62],Payroll employees,2259435,A
23-Jan,Canada,Health care and social assistance [62],Job vacancy rate,6.2,A
23-Jan,Canada,"Arts, entertainment and recreation [71]",Job vacancies,10190,B
23-Jan,Canada,"Arts, entertainment and recreation [71]",Payroll employees,278735,A
23-Jan,Canada,"Arts, entertainment and recreation [71]",Job vacancy rate,3.5,B
23-Jan,Canada,Accommodation and food services [72],Job vacancies,92540,B
23-Jan,Canada,Accommodation and food services [72],Payroll employees,1274195,A
23-Jan,Canada,Accommodation and food services [72],Job vacancy rate,6.8,B
23-Jan,Canada,Other services (except public administration) [81],Job vacancies,35210,B
23-Jan,Canada,Other services (except public administration) [81],Payroll employees,557485,A
23-Jan,Canada,Other services (except public administration) [81],Job vacancy rate,5.9,B
23-Jan,Canada,Public administration [91],Job vacancies,12430,B
23-Jan,Canada,Public administration [91],Payroll employees,532230,A
23-Jan,Canada,Public administration [91],Job vacancy rate,2.3,B
23-Feb,Canada,"Total, all industries",Job vacancies,747720,A
23-Feb,Canada,"Total, all industries",Payroll employees,16686395,A
23-Feb,Canada,"Total, all industries",Job vacancy rate,4.3,A
23-Feb,Canada,"Agriculture, forestry, fishing and hunting [11]",Job vacancies,9790,B
23-Feb,Canada,"Agriculture, forestry, fishing and hunting [11]",Payroll employees,199845,A
23-Feb,Canada,"Agriculture, forestry, fishing and hunting [11]",Job vacancy rate,4.7,B
23-Feb,Canada,"Mining, quarrying, and oil and gas extraction [21]",Job vacancies,8130,B
23-Feb,Canada,"Mining, quarrying, and oil and gas extraction [21]",Payroll employees,200660,A
23-Feb,Canada,"Mining, quarrying, and oil and gas extraction [21]",Job vacancy rate,3.9,B
23-Feb,Canada,Utilities [22],Job vacancies,2465,D
23-Feb,Canada,Utilities [22],Payroll employees,128415,A
23-Feb,Canada,Utilities [22],Job vacancy rate,1.9,D
23-Feb,Canada,Construction [23],Job vacancies,59250,B
23-Feb,Canada,Construction [23],Payroll employees,1048430,A
23-Feb,Canada,Construction [23],Job vacancy rate,5.3,B
23-Feb,Canada,Manufacturing [31-33],Job vacancies,57545,A
23-Feb,Canada,Manufacturing [31-33],Payroll employees,1525710,A
23-Feb,Canada,Manufacturing [31-33],Job vacancy rate,3.6,A
23-Feb,Canada,Wholesale trade [41],Job vacancies,28775,B
23-Feb,Canada,Wholesale trade [41],Payroll employees,814560,A
23-Feb,Canada,Wholesale trade [41],Job vacancy rate,3.4,B
23-Feb,Canada,Retail trade [44-45],Job vacancies,65650,C
23-Feb,Canada,Retail trade [44-45],Payroll employees,2025790,A
23-Feb,Canada,Retail trade [44-45],Job vacancy rate,3.1,C
23-Feb,Canada,Transportation and warehousing [48-49],Job vacancies,44505,C
23-Feb,Canada,Transportation and warehousing [48-49],Payroll employees,837880,A
23-Feb,Canada,Transportation and warehousing [48-49],Job vacancy rate,5,C
23-Feb,Canada,Information and cultural industries [51],Job vacancies,11725,D
23-Feb,Canada,Information and cultural industries [51],Payroll employees,371890,A
23-Feb,Canada,Information and cultural industries [51],Job vacancy rate,3.1,D
23-Feb,Canada,Finance and insurance [52],Job vacancies,29495,C
23-Feb,Canada,Finance and insurance [52],Payroll employees,834475,C
23-Feb,Canada,Finance and insurance [52],Job vacancy rate,3.4,C
23-Feb,Canada,Real estate and rental and leasing [53],Job vacancies,10645,B
23-Feb,Canada,Real estate and rental and leasing [53],Payroll employees,285065,A
23-Feb,Canada,Real estate and rental and leasing [53],Job vacancy rate,3.6,B
23-Feb,Canada,"Professional, scientific and technical services [54]",Job vacancies,51725,B
23-Feb,Canada,"Professional, scientific and technical services [54]",Payroll employees,1199075,A
23-Feb,Canada,"Professional, scientific and technical services [54]",Job vacancy rate,4.1,B
23-Feb,Canada,Management of companies and enterprises [55],Job vacancies,4465,C
23-Feb,Canada,Management of companies and enterprises [55],Payroll employees,125270,A
23-Feb,Canada,Management of companies and enterprises [55],Job vacancy rate,3.4,C
23-Feb,Canada,"Administrative and support, waste management and remediation services [56]",Job vacancies,51845,B
23-Feb,Canada,"Administrative and support, waste management and remediation services [56]",Payroll employees,811675,A
23-Feb,Canada,"Administrative and support, waste management and remediation services [56]",Job vacancy rate,6,B
23-Feb,Canada,Educational services [61],Job vacancies,20265,C
23-Feb,Canada,Educational services [61],Payroll employees,1451565,A
23-Feb,Canada,Educational services [61],Job vacancy rate,1.4,C
23-Feb,Canada,Health care and social assistance [62],Job vacancies,133535,A
23-Feb,Canada,Health care and social assistance [62],Payroll employees,2240015,A
23-Feb,Canada,Health care and social assistance [62],Job vacancy rate,5.6,A
23-Feb,Canada,"Arts, entertainment and recreation [71]",Job vacancies,12775,C
23-Feb,Canada,"Arts, entertainment and recreation [71]",Payroll employees,272705,A
23-Feb,Canada,"Arts, entertainment and recreation [71]",Job vacancy rate,4.5,C
23-Feb,Canada,Accommodation and food services [72],Job vacancies,97305,B
23-Feb,Canada,Accommodation and food services [72],Payroll employees,1240415,A
23-Feb,Canada,Accommodation and food services [72],Job vacancy rate,7.3,B
23-Feb,Canada,Other services (except public administration) [81],Job vacancies,32950,B
23-Feb,Canada,Other services (except public administration) [81],Payroll employees,545875,A
23-Feb,Canada,Other services (except public administration) [81],Job vacancy rate,5.7,B
23-Feb,Canada,Public administration [91],Job vacancies,14880,B
23-Feb,Canada,Public administration [91],Payroll employees,527080,A
23-Feb,Canada,Public administration [91],Job vacancy rate,2.7,B
23-Mar,Canada,"Total, all industries",Job vacancies,790370,A
23-Mar,Canada,"Total, all industries",Payroll employees,16750155,A
23-Mar,Canada,"Total, all industries",Job vacancy rate,4.5,A
23-Mar,Canada,"Agriculture, forestry, fishing and hunting [11]",Job vacancies,11730,C
23-Mar,Canada,"Agriculture, forestry, fishing and hunting [11]",Payroll employees,198585,A
23-Mar,Canada,"Agriculture, forestry, fishing and hunting [11]",Job vacancy rate,5.6,C
23-Mar,Canada,"Mining, quarrying, and oil and gas extraction [21]",Job vacancies,6865,B
23-Mar,Canada,"Mining, quarrying, and oil and gas extraction [21]",Payroll employees,210290,A
23-Mar,Canada,"Mining, quarrying, and oil and gas extraction [21]",Job vacancy rate,3.2,B
23-Mar,Canada,Utilities [22],Job vacancies,2735,D
23-Mar,Canada,Utilities [22],Payroll employees,130730,B
23-Mar,Canada,Utilities [22],Job vacancy rate,2.1,D
23-Mar,Canada,Construction [23],Job vacancies,69500,B
23-Mar,Canada,Construction [23],Payroll employees,1075540,A
23-Mar,Canada,Construction [23],Job vacancy rate,6.1,B
23-Mar,Canada,Manufacturing [31-33],Job vacancies,59035,A
23-Mar,Canada,Manufacturing [31-33],Payroll employees,1528670,A
23-Mar,Canada,Manufacturing [31-33],Job vacancy rate,3.7,A
23-Mar,Canada,Wholesale trade [41],Job vacancies,29020,B
23-Mar,Canada,Wholesale trade [41],Payroll employees,809845,A
23-Mar,Canada,Wholesale trade [41],Job vacancy rate,3.5,B
23-Mar,Canada,Retail trade [44-45],Job vacancies,88030,B
23-Mar,Canada,Retail trade [44-45],Payroll employees,1978555,A
23-Mar,Canada,Retail trade [44-45],Job vacancy rate,4.3,B
23-Mar,Canada,Transportation and warehousing [48-49],Job vacancies,35050,C
23-Mar,Canada,Transportation and warehousing [48-49],Payroll employees,833040,A
23-Mar,Canada,Transportation and warehousing [48-49],Job vacancy rate,4,C
23-Mar,Canada,Information and cultural industries [51],Job vacancies,11415,D
23-Mar,Canada,Information and cultural industries [51],Payroll employees,368585,A
23-Mar,Canada,Information and cultural industries [51],Job vacancy rate,3,D
23-Mar,Canada,Finance and insurance [52],Job vacancies,24155,B
23-Mar,Canada,Finance and insurance [52],Payroll employees,829955,A
23-Mar,Canada,Finance and insurance [52],Job vacancy rate,2.8,B
23-Mar,Canada,Real estate and rental and leasing [53],Job vacancies,9750,B
23-Mar,Canada,Real estate and rental and leasing [53],Payroll employees,284350,A
23-Mar,Canada,Real estate and rental and leasing [53],Job vacancy rate,3.3,B
23-Mar,Canada,"Professional, scientific and technical services [54]",Job vacancies,50990,B
23-Mar,Canada,"Professional, scientific and technical services [54]",Payroll employees,1201140,A
23-Mar,Canada,"Professional, scientific and technical services [54]",Job vacancy rate,4.1,B
23-Mar,Canada,Management of companies and enterprises [55],Job vacancies,3505,D
23-Mar,Canada,Management of companies and enterprises [55],Payroll employees,124955,C
23-Mar,Canada,Management of companies and enterprises [55],Job vacancy rate,2.7,D
23-Mar,Canada,"Administrative and support, waste management and remediation services [56]",Job vacancies,41920,B
23-Mar,Canada,"Administrative and support, waste management and remediation services [56]",Payroll employees,810275,A
23-Mar,Canada,"Administrative and support, waste management and remediation services [56]",Job vacancy rate,4.9,B
23-Mar,Canada,Educational services [61],Job vacancies,27525,B
23-Mar,Canada,Educational services [61],Payroll employees,1518110,A
23-Mar,Canada,Educational services [61],Job vacancy rate,1.8,B
23-Mar,Canada,Health care and social assistance [62],Job vacancies,146920,A
23-Mar,Canada,Health care and social assistance [62],Payroll employees,2255030,A
23-Mar,Canada,Health care and social assistance [62],Job vacancy rate,6.1,A
23-Mar,Canada,"Arts, entertainment and recreation [71]",Job vacancies,14395,B
23-Mar,Canada,"Arts, entertainment and recreation [71]",Payroll employees,275540,A
23-Mar,Canada,"Arts, entertainment and recreation [71]",Job vacancy rate,5,B
23-Mar,Canada,Accommodation and food services [72],Job vacancies,104660,B
23-Mar,Canada,Accommodation and food services [72],Payroll employees,1237595,A
23-Mar,Canada,Accommodation and food services [72],Job vacancy rate,7.8,B
23-Mar,Canada,Other services (except public administration) [81],Job vacancies,36165,B
23-Mar,Canada,Other services (except public administration) [81],Payroll employees,546905,A
23-Mar,Canada,Other services (except public administration) [81],Job vacancy rate,6.2,B
23-Mar,Canada,Public administration [91],Job vacancies,17005,B
23-Mar,Canada,Public administration [91],Payroll employees,532460,A
23-Mar,Canada,Public administration [91],Job vacancy rate,3.1,B
23-Apr,Canada,"Total, all industries",Job vacancies,839950,A
23-Apr,Canada,"Total, all industries",Payroll employees,16799640,A
23-Apr,Canada,"Total, all industries",Job vacancy rate,4.8,A
23-Apr,Canada,"Agriculture, forestry, fishing and hunting [11]",Job vacancies,16110,B
23-Apr,Canada,"Agriculture, forestry, fishing and hunting [11]",Payroll employees,203285,A
23-Apr,Canada,"Agriculture, forestry, fishing and hunting [11]",Job vacancy rate,7.3,B
23-Apr,Canada,"Mining, quarrying, and oil and gas extraction [21]",Job vacancies,8940,C
23-Apr,Canada,"Mining, quarrying, and oil and gas extraction [21]",Payroll employees,211930,A
23-Apr,Canada,"Mining, quarrying, and oil and gas extraction [21]",Job vacancy rate,4,C
23-Apr,Canada,Utilities [22],Job vacancies,2565,D
23-Apr,Canada,Utilities [22],Payroll employees,130705,A
23-Apr,Canada,Utilities [22],Job vacancy rate,1.9,D
23-Apr,Canada,Construction [23],Job vacancies,65210,B
23-Apr,Canada,Construction [23],Payroll employees,1080560,A
23-Apr,Canada,Construction [23],Job vacancy rate,5.7,B
23-Apr,Canada,Manufacturing [31-33],Job vacancies,61260,A
23-Apr,Canada,Manufacturing [31-33],Payroll employees,1533505,A
23-Apr,Canada,Manufacturing [31-33],Job vacancy rate,3.8,A
23-Apr,Canada,Wholesale trade [41],Job vacancies,31005,B
23-Apr,Canada,Wholesale trade [41],Payroll employees,810810,A
23-Apr,Canada,Wholesale trade [41],Job vacancy rate,3.7,B
23-Apr,Canada,Retail trade [44-45],Job vacancies,83165,B
23-Apr,Canada,Retail trade [44-45],Payroll employees,1988910,A
23-Apr,Canada,Retail trade [44-45],Job vacancy rate,4,B
23-Apr,Canada,Transportation and warehousing [48-49],Job vacancies,41985,C
23-Apr,Canada,Transportation and warehousing [48-49],Payroll employees,826085,A
23-Apr,Canada,Transportation and warehousing [48-49],Job vacancy rate,4.8,C
23-Apr,Canada,Information and cultural industries [51],Job vacancies,10770,D
23-Apr,Canada,Information and cultural industries [51],Payroll employees,367225,A
23-Apr,Canada,Information and cultural industries [51],Job vacancy rate,2.8,D
23-Apr,Canada,Finance and insurance [52],Job vacancies,30940,B
23-Apr,Canada,Finance and insurance [52],Payroll employees,833785,A
23-Apr,Canada,Finance and insurance [52],Job vacancy rate,3.6,B
23-Apr,Canada,Real estate and rental and leasing [53],Job vacancies,14060,B
23-Apr,Canada,Real estate and rental and leasing [53],Payroll employees,283560,A
23-Apr,Canada,Real estate and rental and leasing [53],Job vacancy rate,4.7,B
23-Apr,Canada,"Professional, scientific and technical services [54]",Job vacancies,47750,B
23-Apr,Canada,"Professional, scientific and technical services [54]",Payroll employees,1202570,A
23-Apr,Canada,"Professional, scientific and technical services [54]",Job vacancy rate,3.8,B
23-Apr,Canada,Management of companies and enterprises [55],Job vacancies,3275,C
23-Apr,Canada,Management of companies and enterprises [55],Payroll employees,123440,A
23-Apr,Canada,Management of companies and enterprises [55],Job vacancy rate,2.6,C
23-Apr,Canada,"Administrative and support, waste management and remediation services [56]",Job vacancies,60270,B
23-Apr,Canada,"Administrative and support, waste management and remediation services [56]",Payroll employees,813710,A
23-Apr,Canada,"Administrative and support, waste management and remediation services [56]",Job vacancy rate,6.9,B
23-Apr,Canada,Educational services [61],Job vacancies,24615,B
23-Apr,Canada,Educational services [61],Payroll employees,1529485,A
23-Apr,Canada,Educational services [61],Job vacancy rate,1.6,B
23-Apr,Canada,Health care and social assistance [62],Job vacancies,151145,A
23-Apr,Canada,Health care and social assistance [62],Payroll employees,2251905,A
23-Apr,Canada,Health care and social assistance [62],Job vacancy rate,6.3,A
23-Apr,Canada,"Arts, entertainment and recreation [71]",Job vacancies,20090,B
23-Apr,Canada,"Arts, entertainment and recreation [71]",Payroll employees,277775,A
23-Apr,Canada,"Arts, entertainment and recreation [71]",Job vacancy rate,6.7,B
23-Apr,Canada,Accommodation and food services [72],Job vacancies,113605,A
23-Apr,Canada,Accommodation and food services [72],Payroll employees,1250060,A
23-Apr,Canada,Accommodation and food services [72],Job vacancy rate,8.3,A
23-Apr,Canada,Other services (except public administration) [81],Job vacancies,37545,B
23-Apr,Canada,Other services (except public administration) [81],Payroll employees,551105,A
23-Apr,Canada,Other services (except public administration) [81],Job vacancy rate,6.4,B
23-Apr,Canada,Public administration [91],Job vacancies,15635,B
23-Apr,Canada,Public administration [91],Payroll employees,529235,A
23-Apr,Canada,Public administration [91],Job vacancy rate,2.9,B
23-May,Canada,"Total, all industries",Job vacancies,812510,A
23-May,Canada,"Total, all industries",Payroll employees,16938185,A
23-May,Canada,"Total, all industries",Job vacancy rate,4.6,A
23-May,Canada,"Agriculture, forestry, fishing and hunting [11]",Job vacancies,10120,D
23-May,Canada,"Agriculture, forestry, fishing and hunting [11]",Payroll employees,221255,A
23-May,Canada,"Agriculture, forestry, fishing and hunting [11]",Job vacancy rate,4.4,D
23-May,Canada,"Mining, quarrying, and oil and gas extraction [21]",Job vacancies,9510,B
23-May,Canada,"Mining, quarrying, and oil and gas extraction [21]",Payroll employees,205510,A
23-May,Canada,"Mining, quarrying, and oil and gas extraction [21]",Job vacancy rate,4.4,B
23-May,Canada,Utilities [22],Job vacancies,3415,C
23-May,Canada,Utilities [22],Payroll employees,129875,A
23-May,Canada,Utilities [22],Job vacancy rate,2.6,C
23-May,Canada,Construction [23],Job vacancies,74760,B
23-May,Canada,Construction [23],Payroll employees,1109580,A
23-May,Canada,Construction [23],Job vacancy rate,6.3,B
23-May,Canada,Manufacturing [31-33],Job vacancies,59145,A
23-May,Canada,Manufacturing [31-33],Payroll employees,1548595,A
23-May,Canada,Manufacturing [31-33],Job vacancy rate,3.7,A
23-May,Canada,Wholesale trade [41],Job vacancies,32010,B
23-May,Canada,Wholesale trade [41],Payroll employees,816785,A
23-May,Canada,Wholesale trade [41],Job vacancy rate,3.8,B
23-May,Canada,Retail trade [44-45],Job vacancies,81655,B
23-May,Canada,Retail trade [44-45],Payroll employees,2003905,A
23-May,Canada,Retail trade [44-45],Job vacancy rate,3.9,B
23-May,Canada,Transportation and warehousing [48-49],Job vacancies,45285,C
23-May,Canada,Transportation and warehousing [48-49],Payroll employees,835400,A
23-May,Canada,Transportation and warehousing [48-49],Job vacancy rate,5.1,C
23-May,Canada,Information and cultural industries [51],Job vacancies,11905,D
23-May,Canada,Information and cultural industries [51],Payroll employees,370190,A
23-May,Canada,Information and cultural industries [51],Job vacancy rate,3.1,D
23-May,Canada,Finance and insurance [52],Job vacancies,27305,D
23-May,Canada,Finance and insurance [52],Payroll employees,830675,A
23-May,Canada,Finance and insurance [52],Job vacancy rate,3.2,D
23-May,Canada,Real estate and rental and leasing [53],Job vacancies,11045,B
23-May,Canada,Real estate and rental and leasing [53],Payroll employees,282445,A
23-May,Canada,Real estate and rental and leasing [53],Job vacancy rate,3.8,B
23-May,Canada,"Professional, scientific and technical services [54]",Job vacancies,49265,B
23-May,Canada,"Professional, scientific and technical services [54]",Payroll employees,1209985,A
23-May,Canada,"Professional, scientific and technical services [54]",Job vacancy rate,3.9,B
23-May,Canada,Management of companies and enterprises [55],Job vacancies,3850,C
23-May,Canada,Management of companies and enterprises [55],Payroll employees,126515,A
23-May,Canada,Management of companies and enterprises [55],Job vacancy rate,3,C
23-May,Canada,"Administrative and support, waste management and remediation services [56]",Job vacancies,51300,B
23-May,Canada,"Administrative and support, waste management and remediation services [56]",Payroll employees,818985,A
23-May,Canada,"Administrative and support, waste management and remediation services [56]",Job vacancy rate,5.9,B
23-May,Canada,Educational services [61],Job vacancies,21230,C
23-May,Canada,Educational services [61],Payroll employees,1538075,A
23-May,Canada,Educational services [61],Job vacancy rate,1.4,C
23-May,Canada,Health care and social assistance [62],Job vacancies,129970,D
23-May,Canada,Health care and social assistance [62],Payroll employees,2250150,A
23-May,Canada,Health care and social assistance [62],Job vacancy rate,5.5,D
23-May,Canada,"Arts, entertainment and recreation [71]",Job vacancies,20150,B
23-May,Canada,"Arts, entertainment and recreation [71]",Payroll employees,286015,A
23-May,Canada,"Arts, entertainment and recreation [71]",Job vacancy rate,6.6,B
23-May,Canada,Accommodation and food services [72],Job vacancies,113470,A
23-May,Canada,Accommodation and food services [72],Payroll employees,1269980,A
23-May,Canada,Accommodation and food services [72],Job vacancy rate,8.2,A
23-May,Canada,Other services (except public administration) [81],Job vacancies,38210,B
23-May,Canada,Other services (except public administration) [81],Payroll employees,552375,A
23-May,Canada,Other services (except public administration) [81],Job vacancy rate,6.5,B
23-May,Canada,Public administration [91],Job vacancies,18910,B
23-May,Canada,Public administration [91],Payroll employees,531885,A
23-May,Canada,Public administration [91],Job vacancy rate,3.4,B
23-Jun,Canada,"Total, all industries",Job vacancies,779410,A
23-Jun,Canada,"Total, all industries",Payroll employees,17200810,A
23-Jun,Canada,"Total, all industries",Job vacancy rate,4.3,A
23-Jun,Canada,"Agriculture, forestry, fishing and hunting [11]",Job vacancies,12145,C
23-Jun,Canada,"Agriculture, forestry, fishing and hunting [11]",Payroll employees,249395,A
23-Jun,Canada,"Agriculture, forestry, fishing and hunting [11]",Job vacancy rate,4.6,C
23-Jun,Canada,"Mining, quarrying, and oil and gas extraction [21]",Job vacancies,8885,D
23-Jun,Canada,"Mining, quarrying, and oil and gas extraction [21]",Payroll employees,214945,A
23-Jun,Canada,"Mining, quarrying, and oil and gas extraction [21]",Job vacancy rate,4,D
23-Jun,Canada,Utilities [22],Job vacancies,3470,D
23-Jun,Canada,Utilities [22],Payroll employees,133175,A
23-Jun,Canada,Utilities [22],Job vacancy rate,2.5,D
23-Jun,Canada,Construction [23],Job vacancies,65010,B
23-Jun,Canada,Construction [23],Payroll employees,1178710,A
23-Jun,Canada,Construction [23],Job vacancy rate,5.2,B
23-Jun,Canada,Manufacturing [31-33],Job vacancies,56500,A
23-Jun,Canada,Manufacturing [31-33],Payroll employees,1572250,A
23-Jun,Canada,Manufacturing [31-33],Job vacancy rate,3.5,A
23-Jun,Canada,Wholesale trade [41],Job vacancies,26505,B
23-Jun,Canada,Wholesale trade [41],Payroll employees,827360,A
23-Jun,Canada,Wholesale trade [41],Job vacancy rate,3.1,B
23-Jun,Canada,Retail trade [44-45],Job vacancies,89880,B
23-Jun,Canada,Retail trade [44-45],Payroll employees,2011145,A
23-Jun,Canada,Retail trade [44-45],Job vacancy rate,4.3,B
23-Jun,Canada,Transportation and warehousing [48-49],Job vacancies,36155,C
23-Jun,Canada,Transportation and warehousing [48-49],Payroll employees,835825,A
23-Jun,Canada,Transportation and warehousing [48-49],Job vacancy rate,4.1,C
23-Jun,Canada,Information and cultural industries [51],Job vacancies,11360,D
23-Jun,Canada,Information and cultural industries [51],Payroll employees,369685,A
23-Jun,Canada,Information and cultural industries [51],Job vacancy rate,3,D
23-Jun,Canada,Finance and insurance [52],Job vacancies,21410,D
23-Jun,Canada,Finance and insurance [52],Payroll employees,833000,A
23-Jun,Canada,Finance and insurance [52],Job vacancy rate,2.5,D
23-Jun,Canada,Real estate and rental and leasing [53],Job vacancies,9745,B
23-Jun,Canada,Real estate and rental and leasing [53],Payroll employees,289680,A
23-Jun,Canada,Real estate and rental and leasing [53],Job vacancy rate,3.3,B
23-Jun,Canada,"Professional, scientific and technical services [54]",Job vacancies,46890,B
23-Jun,Canada,"Professional, scientific and technical services [54]",Payroll employees,1219525,A
23-Jun,Canada,"Professional, scientific and technical services [54]",Job vacancy rate,3.7,B
23-Jun,Canada,Management of companies and enterprises [55],Job vacancies,3810,D
23-Jun,Canada,Management of companies and enterprises [55],Payroll employees,125675,C
23-Jun,Canada,Management of companies and enterprises [55],Job vacancy rate,2.9,D
23-Jun,Canada,"Administrative and support, waste management and remediation services [56]",Job vacancies,38230,B
23-Jun,Canada,"Administrative and support, waste management and remediation services [56]",Payroll employees,835255,A
23-Jun,Canada,"Administrative and support, waste management and remediation services [56]",Job vacancy rate,4.4,B
23-Jun,Canada,Educational services [61],Job vacancies,25790,B
23-Jun,Canada,Educational services [61],Payroll employees,1483120,A
23-Jun,Canada,Educational services [61],Job vacancy rate,1.7,B
23-Jun,Canada,Health care and social assistance [62],Job vacancies,146850,A
23-Jun,Canada,Health care and social assistance [62],Payroll employees,2289530,A
23-Jun,Canada,Health care and social assistance [62],Job vacancy rate,6,A
23-Jun,Canada,"Arts, entertainment and recreation [71]",Job vacancies,14065,B
23-Jun,Canada,"Arts, entertainment and recreation [71]",Payroll employees,315750,A
23-Jun,Canada,"Arts, entertainment and recreation [71]",Job vacancy rate,4.3,B
23-Jun,Canada,Accommodation and food services [72],Job vacancies,108685,A
23-Jun,Canada,Accommodation and food services [72],Payroll employees,1305465,A
23-Jun,Canada,Accommodation and food services [72],Job vacancy rate,7.7,A
23-Jun,Canada,Other services (except public administration) [81],Job vacancies,38605,B
23-Jun,Canada,Other services (except public administration) [81],Payroll employees,558815,A
23-Jun,Canada,Other services (except public administration) [81],Job vacancy rate,6.5,B
23-Jun,Canada,Public administration [91],Job vacancies,15415,B
23-Jun,Canada,Public administration [91],Payroll employees,552500,A
23-Jun,Canada,Public administration [91],Job vacancy rate,2.7,B
23-Jul,Canada,"Total, all industries",Job vacancies,742230,A
23-Jul,Canada,"Total, all industries",Payroll employees,17531155,A
23-Jul,Canada,"Total, all industries",Job vacancy rate,4.1,A
23-Jul,Canada,"Agriculture, forestry, fishing and hunting [11]",Job vacancies,13090,C
23-Jul,Canada,"Agriculture, forestry, fishing and hunting [11]",Payroll employees,268080,A
23-Jul,Canada,"Agriculture, forestry, fishing and hunting [11]",Job vacancy rate,4.7,C
23-Jul,Canada,"Mining, quarrying, and oil and gas extraction [21]",Job vacancies,8430,C
23-Jul,Canada,"Mining, quarrying, and oil and gas extraction [21]",Payroll employees,216315,A
23-Jul,Canada,"Mining, quarrying, and oil and gas extraction [21]",Job vacancy rate,3.7,C
23-Jul,Canada,Utilities [22],Job vacancies,3065,D
23-Jul,Canada,Utilities [22],Payroll employees,135740,A
23-Jul,Canada,Utilities [22],Job vacancy rate,2.2,D
23-Jul,Canada,Construction [23],Job vacancies,65095,B
23-Jul,Canada,Construction [23],Payroll employees,1225865,A
23-Jul,Canada,Construction [23],Job vacancy rate,5,B
23-Jul,Canada,Manufacturing [31-33],Job vacancies,55040,A
23-Jul,Canada,Manufacturing [31-33],Payroll employees,1603815,A
23-Jul,Canada,Manufacturing [31-33],Job vacancy rate,3.3,A
23-Jul,Canada,Wholesale trade [41],Job vacancies,28810,B
23-Jul,Canada,Wholesale trade [41],Payroll employees,830425,A
23-Jul,Canada,Wholesale trade [41],Job vacancy rate,3.4,B
23-Jul,Canada,Retail trade [44-45],Job vacancies,72755,B
23-Jul,Canada,Retail trade [44-45],Payroll employees,2047965,A
23-Jul,Canada,Retail trade [44-45],Job vacancy rate,3.4,B
23-Jul,Canada,Transportation and warehousing [48-49],Job vacancies,37185,C
23-Jul,Canada,Transportation and warehousing [48-49],Payroll employees,846565,A
23-Jul,Canada,Transportation and warehousing [48-49],Job vacancy rate,4.2,C
23-Jul,Canada,Information and cultural industries [51],Job vacancies,10260,D
23-Jul,Canada,Information and cultural industries [51],Payroll employees,369225,A
23-Jul,Canada,Information and cultural industries [51],Job vacancy rate,2.7,D
23-Jul,Canada,Finance and insurance [52],Job vacancies,24650,B
23-Jul,Canada,Finance and insurance [52],Payroll employees,838110,A
23-Jul,Canada,Finance and insurance [52],Job vacancy rate,2.9,B
23-Jul,Canada,Real estate and rental and leasing [53],Job vacancies,10410,C
23-Jul,Canada,Real estate and rental and leasing [53],Payroll employees,299330,A
23-Jul,Canada,Real estate and rental and leasing [53],Job vacancy rate,3.4,C
23-Jul,Canada,"Professional, scientific and technical services [54]",Job vacancies,41280,B
23-Jul,Canada,"Professional, scientific and technical services [54]",Payroll employees,1229645,A
23-Jul,Canada,"Professional, scientific and technical services [54]",Job vacancy rate,3.2,B
23-Jul,Canada,Management of companies and enterprises [55],Job vacancies,3000,C
23-Jul,Canada,Management of companies and enterprises [55],Payroll employees,127410,A
23-Jul,Canada,Management of companies and enterprises [55],Job vacancy rate,2.3,C
23-Jul,Canada,"Administrative and support, waste management and remediation services [56]",Job vacancies,44165,B
23-Jul,Canada,"Administrative and support, waste management and remediation services [56]",Payroll employees,857845,A
23-Jul,Canada,"Administrative and support, waste management and remediation services [56]",Job vacancy rate,4.9,B
23-Jul,Canada,Educational services [61],Job vacancies,23645,B
23-Jul,Canada,Educational services [61],Payroll employees,1478170,A
23-Jul,Canada,Educational services [61],Job vacancy rate,1.6,B
23-Jul,Canada,Health care and social assistance [62],Job vacancies,145910,A
23-Jul,Canada,Health care and social assistance [62],Payroll employees,2312035,A
23-Jul,Canada,Health care and social assistance [62],Job vacancy rate,5.9,A
23-Jul,Canada,"Arts, entertainment and recreation [71]",Job vacancies,9415,B
23-Jul,Canada,"Arts, entertainment and recreation [71]",Payroll employees,339015,A
23-Jul,Canada,"Arts, entertainment and recreation [71]",Job vacancy rate,2.7,B
23-Jul,Canada,Accommodation and food services [72],Job vacancies,99420,B
23-Jul,Canada,Accommodation and food services [72],Payroll employees,1362385,A
23-Jul,Canada,Accommodation and food services [72],Job vacancy rate,6.8,B
23-Jul,Canada,Other services (except public administration) [81],Job vacancies,34150,B
23-Jul,Canada,Other services (except public administration) [81],Payroll employees,574180,A
23-Jul,Canada,Other services (except public administration) [81],Job vacancy rate,5.6,B
23-Jul,Canada,Public administration [91],Job vacancies,12450,B
23-Jul,Canada,Public administration [91],Payroll employees,569040,A
23-Jul,Canada,Public administration [91],Job vacancy rate,2.1,B
23-Aug,Canada,"Total, all industries",Job vacancies,741875,A
23-Aug,Canada,"Total, all industries",Payroll employees,17239080,A
23-Aug,Canada,"Total, all industries",Job vacancy rate,4.1,A
23-Aug,Canada,"Agriculture, forestry, fishing and hunting [11]",Job vacancies,9390,D
23-Aug,Canada,"Agriculture, forestry, fishing and hunting [11]",Payroll employees,271950,A
23-Aug,Canada,"Agriculture, forestry, fishing and hunting [11]",Job vacancy rate,3.3,D
23-Aug,Canada,"Mining, quarrying, and oil and gas extraction [21]",Job vacancies,7870,C
23-Aug,Canada,"Mining, quarrying, and oil and gas extraction [21]",Payroll employees,210525,A
23-Aug,Canada,"Mining, quarrying, and oil and gas extraction [21]",Job vacancy rate,3.6,C
23-Aug,Canada,Utilities [22],Job vacancies,2595,D
23-Aug,Canada,Utilities [22],Payroll employees,135490,A
23-Aug,Canada,Utilities [22],Job vacancy rate,1.9,D
23-Aug,Canada,Construction [23],Job vacancies,70575,B
23-Aug,Canada,Construction [23],Payroll employees,1231435,A
23-Aug,Canada,Construction [23],Job vacancy rate,5.4,B
23-Aug,Canada,Manufacturing [31-33],Job vacancies,52265,A
23-Aug,Canada,Manufacturing [31-33],Payroll employees,1602565,A
23-Aug,Canada,Manufacturing [31-33],Job vacancy rate,3.2,A
23-Aug,Canada,Wholesale trade [41],Job vacancies,28760,B
23-Aug,Canada,Wholesale trade [41],Payroll employees,833315,A
23-Aug,Canada,Wholesale trade [41],Job vacancy rate,3.3,B
23-Aug,Canada,Retail trade [44-45],Job vacancies,80890,A
23-Aug,Canada,Retail trade [44-45],Payroll employees,2039975,A
23-Aug,Canada,Retail trade [44-45],Job vacancy rate,3.8,A
23-Aug,Canada,Transportation and warehousing [48-49],Job vacancies,42290,B
23-Aug,Canada,Transportation and warehousing [48-49],Payroll employees,835850,A
23-Aug,Canada,Transportation and warehousing [48-49],Job vacancy rate,4.8,B
23-Aug,Canada,Information and cultural industries [51],Job vacancies,6245,D
23-Aug,Canada,Information and cultural industries [51],Payroll employees,369400,A
23-Aug,Canada,Information and cultural industries [51],Job vacancy rate,1.7,D
23-Aug,Canada,Finance and insurance [52],Job vacancies,23535,C
23-Aug,Canada,Finance and insurance [52],Payroll employees,836280,A
23-Aug,Canada,Finance and insurance [52],Job vacancy rate,2.7,C
23-Aug,Canada,Real estate and rental and leasing [53],Job vacancies,9700,C
23-Aug,Canada,Real estate and rental and leasing [53],Payroll employees,296560,A
23-Aug,Canada,Real estate and rental and leasing [53],Job vacancy rate,3.2,C
23-Aug,Canada,"Professional, scientific and technical services [54]",Job vacancies,42300,B
23-Aug,Canada,"Professional, scientific and technical services [54]",Payroll employees,1225290,A
23-Aug,Canada,"Professional, scientific and technical services [54]",Job vacancy rate,3.3,B
23-Aug,Canada,Management of companies and enterprises [55],Job vacancies,3550,C
23-Aug,Canada,Management of companies and enterprises [55],Payroll employees,127260,A
23-Aug,Canada,Management of companies and enterprises [55],Job vacancy rate,2.7,C
23-Aug,Canada,"Administrative and support, waste management and remediation services [56]",Job vacancies,40160,B
23-Aug,Canada,"Administrative and support, waste management and remediation services [56]",Payroll employees,853610,A
23-Aug,Canada,"Administrative and support, waste management and remediation services [56]",Job vacancy rate,4.5,B
23-Aug,Canada,Educational services [61],Job vacancies,20855,C
23-Aug,Canada,Educational services [61],Payroll employees,1166100,A
23-Aug,Canada,Educational services [61],Job vacancy rate,1.8,C
23-Aug,Canada,Health care and social assistance [62],Job vacancies,133360,A
23-Aug,Canada,Health care and social assistance [62],Payroll employees,2310295,A
23-Aug,Canada,Health care and social assistance [62],Job vacancy rate,5.5,A
23-Aug,Canada,"Arts, entertainment and recreation [71]",Job vacancies,13500,B
23-Aug,Canada,"Arts, entertainment and recreation [71]",Payroll employees,360095,A
23-Aug,Canada,"Arts, entertainment and recreation [71]",Job vacancy rate,3.6,B
23-Aug,Canada,Accommodation and food services [72],Job vacancies,104325,B
23-Aug,Canada,Accommodation and food services [72],Payroll employees,1376850,A
23-Aug,Canada,Accommodation and food services [72],Job vacancy rate,7,B
23-Aug,Canada,Other services (except public administration) [81],Job vacancies,32695,B
23-Aug,Canada,Other services (except public administration) [81],Payroll employees,573210,A
23-Aug,Canada,Other services (except public administration) [81],Job vacancy rate,5.4,B
23-Aug,Canada,Public administration [91],Job vacancies,17015,C
23-Aug,Canada,Public administration [91],Payroll employees,583035,A
23-Aug,Canada,Public administration [91],Job vacancy rate,2.8,C
23-Sep,Canada,"Total, all industries",Job vacancies,693950,A
23-Sep,Canada,"Total, all industries",Payroll employees,16990690,A
23-Sep,Canada,"Total, all industries",Job vacancy rate,3.9,A
23-Sep,Canada,"Agriculture, forestry, fishing and hunting [11]",Job vacancies,10430,C
23-Sep,Canada,"Agriculture, forestry, fishing and hunting [11]",Payroll employees,272920,A
23-Sep,Canada,"Agriculture, forestry, fishing and hunting [11]",Job vacancy rate,3.7,C
23-Sep,Canada,"Mining, quarrying, and oil and gas extraction [21]",Job vacancies,7685,C
23-Sep,Canada,"Mining, quarrying, and oil and gas extraction [21]",Payroll employees,215915,A
23-Sep,Canada,"Mining, quarrying, and oil and gas extraction [21]",Job vacancy rate,3.4,C
23-Sep,Canada,Utilities [22],Job vacancies,1850,D
23-Sep,Canada,Utilities [22],Payroll employees,135885,A
23-Sep,Canada,Utilities [22],Job vacancy rate,1.3,D
23-Sep,Canada,Construction [23],Job vacancies,60320,B
23-Sep,Canada,Construction [23],Payroll employees,1227350,A
23-Sep,Canada,Construction [23],Job vacancy rate,4.7,B
23-Sep,Canada,Manufacturing [31-33],Job vacancies,47915,A
23-Sep,Canada,Manufacturing [31-33],Payroll employees,1586800,A
23-Sep,Canada,Manufacturing [31-33],Job vacancy rate,2.9,A
23-Sep,Canada,Wholesale trade [41],Job vacancies,26790,B
23-Sep,Canada,Wholesale trade [41],Payroll employees,828295,A
23-Sep,Canada,Wholesale trade [41],Job vacancy rate,3.1,B
23-Sep,Canada,Retail trade [44-45],Job vacancies,79390,B
23-Sep,Canada,Retail trade [44-45],Payroll employees,2019865,A
23-Sep,Canada,Retail trade [44-45],Job vacancy rate,3.8,B
23-Sep,Canada,Transportation and warehousing [48-49],Job vacancies,31830,D
23-Sep,Canada,Transportation and warehousing [48-49],Payroll employees,825225,A
23-Sep,Canada,Transportation and warehousing [48-49],Job vacancy rate,3.7,D
23-Sep,Canada,Information and cultural industries [51],Job vacancies,8925,D
23-Sep,Canada,Information and cultural industries [51],Payroll employees,362100,A
23-Sep,Canada,Information and cultural industries [51],Job vacancy rate,2.4,D
23-Sep,Canada,Finance and insurance [52],Job vacancies,16545,D
23-Sep,Canada,Finance and insurance [52],Payroll employees,835640,A
23-Sep,Canada,Finance and insurance [52],Job vacancy rate,1.9,D
23-Sep,Canada,Real estate and rental and leasing [53],Job vacancies,9105,B
23-Sep,Canada,Real estate and rental and leasing [53],Payroll employees,295870,A
23-Sep,Canada,Real estate and rental and leasing [53],Job vacancy rate,3,B
23-Sep,Canada,"Professional, scientific and technical services [54]",Job vacancies,40450,B
23-Sep,Canada,"Professional, scientific and technical services [54]",Payroll employees,1223865,A
23-Sep,Canada,"Professional, scientific and technical services [54]",Job vacancy rate,3.2,B
23-Sep,Canada,Management of companies and enterprises [55],Job vacancies,2960,E
23-Sep,Canada,Management of companies and enterprises [55],Payroll employees,124300,C
23-Sep,Canada,Management of companies and enterprises [55],Job vacancy rate,2.3,E
23-Sep,Canada,"Administrative and support, waste management and remediation services [56]",Job vacancies,38635,B
23-Sep,Canada,"Administrative and support, waste management and remediation services [56]",Payroll employees,849355,A
23-Sep,Canada,"Administrative and support, waste management and remediation services [56]",Job vacancy rate,4.4,B
23-Sep,Canada,Educational services [61],Job vacancies,22910,B
23-Sep,Canada,Educational services [61],Payroll employees,995980,A
23-Sep,Canada,Educational services [61],Job vacancy rate,2.2,B
23-Sep,Canada,Health care and social assistance [62],Job vacancies,139035,A
23-Sep,Canada,Health care and social assistance [62],Payroll employees,2329040,A
23-Sep,Canada,Health care and social assistance [62],Job vacancy rate,5.6,A
23-Sep,Canada,"Arts, entertainment and recreation [71]",Job vacancies,11190,B
23-Sep,Canada,"Arts, entertainment and recreation [71]",Payroll employees,355315,A
23-Sep,Canada,"Arts, entertainment and recreation [71]",Job vacancy rate,3.1,B
23-Sep,Canada,Accommodation and food services [72],Job vacancies,90295,B
23-Sep,Canada,Accommodation and food services [72],Payroll employees,1354850,A
23-Sep,Canada,Accommodation and food services [72],Job vacancy rate,6.2,B
23-Sep,Canada,Other services (except public administration) [81],Job vacancies,34570,B
23-Sep,Canada,Other services (except public administration) [81],Payroll employees,569785,A
23-Sep,Canada,Other services (except public administration) [81],Job vacancy rate,5.7,B
23-Sep,Canada,Public administration [91],Job vacancies,13130,B
23-Sep,Canada,Public administration [91],Payroll employees,582340,A
23-Sep,Canada,Public administration [91],Job vacancy rate,2.2,B
23-Oct,Canada,"Total, all industries",Job vacancies,711930,A
23-Oct,Canada,"Total, all industries",Payroll employees,17426905,A
23-Oct,Canada,"Total, all industries",Job vacancy rate,3.9,A
23-Oct,Canada,"Agriculture, forestry, fishing and hunting [11]",Job vacancies,10440,C
23-Oct,Canada,"Agriculture, forestry, fishing and hunting [11]",Payroll employees,270940,A
23-Oct,Canada,"Agriculture, forestry, fishing and hunting [11]",Job vacancy rate,3.7,C
23-Oct,Canada,"Mining, quarrying, and oil and gas extraction [21]",Job vacancies,7075,C
23-Oct,Canada,"Mining, quarrying, and oil and gas extraction [21]",Payroll employees,217230,A
23-Oct,Canada,"Mining, quarrying, and oil and gas extraction [21]",Job vacancy rate,3.2,C
23-Oct,Canada,Utilities [22],Job vacancies,2345,D
23-Oct,Canada,Utilities [22],Payroll employees,136440,A
23-Oct,Canada,Utilities [22],Job vacancy rate,1.7,D
23-Oct,Canada,Construction [23],Job vacancies,59695,B
23-Oct,Canada,Construction [23],Payroll employees,1242760,A
23-Oct,Canada,Construction [23],Job vacancy rate,4.6,B
23-Oct,Canada,Manufacturing [31-33],Job vacancies,45965,A
23-Oct,Canada,Manufacturing [31-33],Payroll employees,1582025,A
23-Oct,Canada,Manufacturing [31-33],Job vacancy rate,2.8,A
23-Oct,Canada,Wholesale trade [41],Job vacancies,25095,B
23-Oct,Canada,Wholesale trade [41],Payroll employees,829310,A
23-Oct,Canada,Wholesale trade [41],Job vacancy rate,2.9,B
23-Oct,Canada,Retail trade [44-45],Job vacancies,82070,B
23-Oct,Canada,Retail trade [44-45],Payroll employees,2029205,A
23-Oct,Canada,Retail trade [44-45],Job vacancy rate,3.9,B
23-Oct,Canada,Transportation and warehousing [48-49],Job vacancies,38150,D
23-Oct,Canada,Transportation and warehousing [48-49],Payroll employees,847360,A
23-Oct,Canada,Transportation and warehousing [48-49],Job vacancy rate,4.3,C
23-Oct,Canada,Information and cultural industries [51],Job vacancies,10250,C
23-Oct,Canada,Information and cultural industries [51],Payroll employees,358830,A
23-Oct,Canada,Information and cultural industries [51],Job vacancy rate,2.8,C
23-Oct,Canada,Finance and insurance [52],Job vacancies,25030,C
23-Oct,Canada,Finance and insurance [52],Payroll employees,838360,A
23-Oct,Canada,Finance and insurance [52],Job vacancy rate,2.9,C
23-Oct,Canada,Real estate and rental and leasing [53],Job vacancies,8390,C
23-Oct,Canada,Real estate and rental and leasing [53],Payroll employees,296115,A
23-Oct,Canada,Real estate and rental and leasing [53],Job vacancy rate,2.8,C
23-Oct,Canada,"Professional, scientific and technical services [54]",Job vacancies,47050,B
23-Oct,Canada,"Professional, scientific and technical services [54]",Payroll employees,1221175,A
23-Oct,Canada,"Professional, scientific and technical services [54]",Job vacancy rate,3.7,B
23-Oct,Canada,Management of companies and enterprises [55],Job vacancies,2795,B
23-Oct,Canada,Management of companies and enterprises [55],Payroll employees,124225,A
23-Oct,Canada,Management of companies and enterprises [55],Job vacancy rate,2.2,B
23-Oct,Canada,"Administrative and support, waste management and remediation services [56]",Job vacancies,40540,B
23-Oct,Canada,"Administrative and support, waste management and remediation services [56]",Payroll employees,861945,A
23-Oct,Canada,"Administrative and support, waste management and remediation services [56]",Job vacancy rate,4.5,B
23-Oct,Canada,Educational services [61],Job vacancies,23780,B
23-Oct,Canada,Educational services [61],Payroll employees,1402060,A
23-Oct,Canada,Educational services [61],Job vacancy rate,1.7,B
23-Oct,Canada,Health care and social assistance [62],Job vacancies,145895,A
23-Oct,Canada,Health care and social assistance [62],Payroll employees,2328645,A
23-Oct,Canada,Health care and social assistance [62],Job vacancy rate,5.9,A
23-Oct,Canada,"Arts, entertainment and recreation [71]",Job vacancies,11500,C
23-Oct,Canada,"Arts, entertainment and recreation [71]",Payroll employees,341415,A
23-Oct,Canada,"Arts, entertainment and recreation [71]",Job vacancy rate,3.3,C
23-Oct,Canada,Accommodation and food services [72],Job vacancies,81505,B
23-Oct,Canada,Accommodation and food services [72],Payroll employees,1356420,A
23-Oct,Canada,Accommodation and food services [72],Job vacancy rate,5.7,A
23-Oct,Canada,Other services (except public administration) [81],Job vacancies,31550,B
23-Oct,Canada,Other services (except public administration) [81],Payroll employees,573540,A
23-Oct,Canada,Other services (except public administration) [81],Job vacancy rate,5.2,B
23-Oct,Canada,Public administration [91],Job vacancies,12815,B
23-Oct,Canada,Public administration [91],Payroll employees,568910,A
23-Oct,Canada,Public administration [91],Job vacancy rate,2.2,B
23-Nov,Canada,"Total, all industries",Job vacancies,656565,A
23-Nov,Canada,"Total, all industries",Payroll employees,17406475,A
23-Nov,Canada,"Total, all industries",Job vacancy rate,3.6,A
23-Nov,Canada,"Agriculture, forestry, fishing and hunting [11]",Job vacancies,8160,C
23-Nov,Canada,"Agriculture, forestry, fishing and hunting [11]",Payroll employees,258125,A
23-Nov,Canada,"Agriculture, forestry, fishing and hunting [11]",Job vacancy rate,3.1,C
23-Nov,Canada,"Mining, quarrying, and oil and gas extraction [21]",Job vacancies,6495,C
23-Nov,Canada,"Mining, quarrying, and oil and gas extraction [21]",Payroll employees,207055,A
23-Nov,Canada,"Mining, quarrying, and oil and gas extraction [21]",Job vacancy rate,3,C
23-Nov,Canada,Utilities [22],Job vacancies,2385,E
23-Nov,Canada,Utilities [22],Payroll employees,134880,A
23-Nov,Canada,Utilities [22],Job vacancy rate,1.7,E
23-Nov,Canada,Construction [23],Job vacancies,57660,B
23-Nov,Canada,Construction [23],Payroll employees,1225240,A
23-Nov,Canada,Construction [23],Job vacancy rate,4.5,B
23-Nov,Canada,Manufacturing [31-33],Job vacancies,42630,A
23-Nov,Canada,Manufacturing [31-33],Payroll employees,1568335,A
23-Nov,Canada,Manufacturing [31-33],Job vacancy rate,2.6,A
23-Nov,Canada,Wholesale trade [41],Job vacancies,24685,B
23-Nov,Canada,Wholesale trade [41],Payroll employees,828490,A
23-Nov,Canada,Wholesale trade [41],Job vacancy rate,2.9,B
23-Nov,Canada,Retail trade [44-45],Job vacancies,80750,C
23-Nov,Canada,Retail trade [44-45],Payroll employees,2031940,A
23-Nov,Canada,Retail trade [44-45],Job vacancy rate,3.8,B
23-Nov,Canada,Transportation and warehousing [48-49],Job vacancies,42530,C
23-Nov,Canada,Transportation and warehousing [48-49],Payroll employees,845210,A
23-Nov,Canada,Transportation and warehousing [48-49],Job vacancy rate,4.8,C
23-Nov,Canada,Information and cultural industries [51],Job vacancies,4500,C
23-Nov,Canada,Information and cultural industries [51],Payroll employees,360515,A
23-Nov,Canada,Information and cultural industries [51],Job vacancy rate,1.2,C
23-Nov,Canada,Finance and insurance [52],Job vacancies,20000,B
23-Nov,Canada,Finance and insurance [52],Payroll employees,835635,A
23-Nov,Canada,Finance and insurance [52],Job vacancy rate,2.3,B
23-Nov,Canada,Real estate and rental and leasing [53],Job vacancies,6605,D
23-Nov,Canada,Real estate and rental and leasing [53],Payroll employees,291765,A
23-Nov,Canada,Real estate and rental and leasing [53],Job vacancy rate,2.2,D
23-Nov,Canada,"Professional, scientific and technical services [54]",Job vacancies,41735,B
23-Nov,Canada,"Professional, scientific and technical services [54]",Payroll employees,1223370,A
23-Nov,Canada,"Professional, scientific and technical services [54]",Job vacancy rate,3.3,B
23-Nov,Canada,Management of companies and enterprises [55],Job vacancies,3315,C
23-Nov,Canada,Management of companies and enterprises [55],Payroll employees,122410,A
23-Nov,Canada,Management of companies and enterprises [55],Job vacancy rate,2.6,C
23-Nov,Canada,"Administrative and support, waste management and remediation services [56]",Job vacancies,35430,B
23-Nov,Canada,"Administrative and support, waste management and remediation services [56]",Payroll employees,846090,A
23-Nov,Canada,"Administrative and support, waste management and remediation services [56]",Job vacancy rate,4,B
23-Nov,Canada,Educational services [61],Job vacancies,19355,B
23-Nov,Canada,Educational services [61],Payroll employees,1530915,A
23-Nov,Canada,Educational services [61],Job vacancy rate,1.2,B
23-Nov,Canada,Health care and social assistance [62],Job vacancies,124810,A
23-Nov,Canada,Health care and social assistance [62],Payroll employees,2323975,A
23-Nov,Canada,Health care and social assistance [62],Job vacancy rate,5.1,A
23-Nov,Canada,"Arts, entertainment and recreation [71]",Job vacancies,11925,B
23-Nov,Canada,"Arts, entertainment and recreation [71]",Payroll employees,319215,A
23-Nov,Canada,"Arts, entertainment and recreation [71]",Job vacancy rate,3.6,B
23-Nov,Canada,Accommodation and food services [72],Job vacancies,81365,B
23-Nov,Canada,Accommodation and food services [72],Payroll employees,1328595,A
23-Nov,Canada,Accommodation and food services [72],Job vacancy rate,5.8,B
23-Nov,Canada,Other services (except public administration) [81],Job vacancies,28290,B
23-Nov,Canada,Other services (except public administration) [81],Payroll employees,570925,A
23-Nov,Canada,Other services (except public administration) [81],Job vacancy rate,4.7,B
23-Nov,Canada,Public administration [91],Job vacancies,13945,B
23-Nov,Canada,Public administration [91],Payroll employees,553785,A
23-Nov,Canada,Public administration [91],Job vacancy rate,2.5,B
23-Dec,Canada,"Total, all industries",Job vacancies,534525,A
23-Dec,Canada,"Total, all industries",Payroll employees,17267140,A
23-Dec,Canada,"Total, all industries",Job vacancy rate,3,A
23-Dec,Canada,"Agriculture, forestry, fishing and hunting [11]",Job vacancies,7015,C
23-Dec,Canada,"Agriculture, forestry, fishing and hunting [11]",Payroll employees,235560,A
23-Dec,Canada,"Agriculture, forestry, fishing and hunting [11]",Job vacancy rate,2.9,C
23-Dec,Canada,"Mining, quarrying, and oil and gas extraction [21]",Job vacancies,5490,C
23-Dec,Canada,"Mining, quarrying, and oil and gas extraction [21]",Payroll employees,215400,A
23-Dec,Canada,"Mining, quarrying, and oil and gas extraction [21]",Job vacancy rate,2.5,C
23-Dec,Canada,Utilities [22],Job vacancies,3305,D
23-Dec,Canada,Utilities [22],Payroll employees,134615,B
23-Dec,Canada,Utilities [22],Job vacancy rate,2.4,E
23-Dec,Canada,Construction [23],Job vacancies,41280,B
23-Dec,Canada,Construction [23],Payroll employees,1208500,A
23-Dec,Canada,Construction [23],Job vacancy rate,3.3,B
23-Dec,Canada,Manufacturing [31-33],Job vacancies,32150,B
23-Dec,Canada,Manufacturing [31-33],Payroll employees,1564700,A
23-Dec,Canada,Manufacturing [31-33],Job vacancy rate,2,A
23-Dec,Canada,Wholesale trade [41],Job vacancies,21725,B
23-Dec,Canada,Wholesale trade [41],Payroll employees,822130,A
23-Dec,Canada,Wholesale trade [41],Job vacancy rate,2.6,B
23-Dec,Canada,Retail trade [44-45],Job vacancies,47915,D
23-Dec,Canada,Retail trade [44-45],Payroll employees,2041345,A
23-Dec,Canada,Retail trade [44-45],Job vacancy rate,2.3,D
23-Dec,Canada,Transportation and warehousing [48-49],Job vacancies,31390,C
23-Dec,Canada,Transportation and warehousing [48-49],Payroll employees,843315,A
23-Dec,Canada,Transportation and warehousing [48-49],Job vacancy rate,3.6,C
23-Dec,Canada,Information and cultural industries [51],Job vacancies,8220,D
23-Dec,Canada,Information and cultural industries [51],Payroll employees,357460,A
23-Dec,Canada,Information and cultural industries [51],Job vacancy rate,2.2,D
23-Dec,Canada,Finance and insurance [52],Job vacancies,18605,B
23-Dec,Canada,Finance and insurance [52],Payroll employees,833340,A
23-Dec,Canada,Finance and insurance [52],Job vacancy rate,2.2,B
23-Dec,Canada,Real estate and rental and leasing [53],Job vacancies,6680,D
23-Dec,Canada,Real estate and rental and leasing [53],Payroll employees,290540,A
23-Dec,Canada,Real estate and rental and leasing [53],Job vacancy rate,2.2,D
23-Dec,Canada,"Professional, scientific and technical services [54]",Job vacancies,32895,B
23-Dec,Canada,"Professional, scientific and technical services [54]",Payroll employees,1218660,A
23-Dec,Canada,"Professional, scientific and technical services [54]",Job vacancy rate,2.6,B
23-Dec,Canada,Management of companies and enterprises [55],Job vacancies,1585,E
23-Dec,Canada,Management of companies and enterprises [55],Payroll employees,119870,C
23-Dec,Canada,Management of companies and enterprises [55],Job vacancy rate,1.3,E
23-Dec,Canada,"Administrative and support, waste management and remediation services [56]",Job vacancies,26575,B
23-Dec,Canada,"Administrative and support, waste management and remediation services [56]",Payroll employees,845210,A
23-Dec,Canada,"Administrative and support, waste management and remediation services [56]",Job vacancy rate,3,B
23-Dec,Canada,Educational services [61],Job vacancies,23915,C
23-Dec,Canada,Educational services [61],Payroll employees,1491310,A
23-Dec,Canada,Educational services [61],Job vacancy rate,1.6,C
23-Dec,Canada,Health care and social assistance [62],Job vacancies,125795,A
23-Dec,Canada,Health care and social assistance [62],Payroll employees,2340285,A
23-Dec,Canada,Health care and social assistance [62],Job vacancy rate,5.1,A
23-Dec,Canada,"Arts, entertainment and recreation [71]",Job vacancies,7750,C
23-Dec,Canada,"Arts, entertainment and recreation [71]",Payroll employees,295515,A
23-Dec,Canada,"Arts, entertainment and recreation [71]",Job vacancy rate,2.6,C
23-Dec,Canada,Accommodation and food services [72],Job vacancies,56445,B
23-Dec,Canada,Accommodation and food services [72],Payroll employees,1286795,A
23-Dec,Canada,Accommodation and food services [72],Job vacancy rate,4.2,B
23-Dec,Canada,Other services (except public administration) [81],Job vacancies,24875,B
23-Dec,Canada,Other services (except public administration) [81],Payroll employees,570960,A
23-Dec,Canada,Other services (except public administration) [81],Job vacancy rate,4.2,B
23-Dec,Canada,Public administration [91],Job vacancies,10915,B
23-Dec,Canada,Public administration [91],Payroll employees,551630,A
23-Dec,Canada,Public administration [91],Job vacancy rate,1.9,B
24-Jan,Canada,"Total, all industries",Job vacancies,600555,A
24-Jan,Canada,"Total, all industries",Payroll employees,17346155,A
24-Jan,Canada,"Total, all industries",Job vacancy rate,3.3,A
24-Jan,Canada,"Agriculture, forestry, fishing and hunting [11]",Job vacancies,7770,D
24-Jan,Canada,"Agriculture, forestry, fishing and hunting [11]",Payroll employees,224630,A
24-Jan,Canada,"Agriculture, forestry, fishing and hunting [11]",Job vacancy rate,3.3,D
24-Jan,Canada,"Mining, quarrying, and oil and gas extraction [21]",Job vacancies,5555,C
24-Jan,Canada,"Mining, quarrying, and oil and gas extraction [21]",Payroll employees,211565,A
24-Jan,Canada,"Mining, quarrying, and oil and gas extraction [21]",Job vacancy rate,2.6,C
24-Jan,Canada,Utilities [22],Job vacancies,3200,D
24-Jan,Canada,Utilities [22],Payroll employees,134475,A
24-Jan,Canada,Utilities [22],Job vacancy rate,2.3,D
24-Jan,Canada,Construction [23],Job vacancies,44730,B
24-Jan,Canada,Construction [23],Payroll employees,1161305,A
24-Jan,Canada,Construction [23],Job vacancy rate,3.7,B
24-Jan,Canada,Manufacturing [31-33],Job vacancies,37625,A
24-Jan,Canada,Manufacturing [31-33],Payroll employees,1563140,A
24-Jan,Canada,Manufacturing [31-33],Job vacancy rate,2.4,A
24-Jan,Canada,Wholesale trade [41],Job vacancies,20085,C
24-Jan,Canada,Wholesale trade [41],Payroll employees,828040,A
24-Jan,Canada,Wholesale trade [41],Job vacancy rate,2.4,C
24-Jan,Canada,Retail trade [44-45],Job vacancies,44645,C
24-Jan,Canada,Retail trade [44-45],Payroll employees,2056615,A
24-Jan,Canada,Retail trade [44-45],Job vacancy rate,2.1,C
24-Jan,Canada,Transportation and warehousing [48-49],Job vacancies,29090,C
24-Jan,Canada,Transportation and warehousing [48-49],Payroll employees,856845,A
24-Jan,Canada,Transportation and warehousing [48-49],Job vacancy rate,3.3,C
24-Jan,Canada,Information and cultural industries [51],Job vacancies,8725,D
24-Jan,Canada,Information and cultural industries [51],Payroll employees,356100,A
24-Jan,Canada,Information and cultural industries [51],Job vacancy rate,2.4,D
24-Jan,Canada,Finance and insurance [52],Job vacancies,25195,B
24-Jan,Canada,Finance and insurance [52],Payroll employees,846170,A
24-Jan,Canada,Finance and insurance [52],Job vacancy rate,2.9,A
24-Jan,Canada,Real estate and rental and leasing [53],Job vacancies,7960,C
24-Jan,Canada,Real estate and rental and leasing [53],Payroll employees,296720,A
24-Jan,Canada,Real estate and rental and leasing [53],Job vacancy rate,2.6,C
24-Jan,Canada,"Professional, scientific and technical services [54]",Job vacancies,48360,B
24-Jan,Canada,"Professional, scientific and technical services [54]",Payroll employees,1226530,A
24-Jan,Canada,"Professional, scientific and technical services [54]",Job vacancy rate,3.8,B
24-Jan,Canada,Management of companies and enterprises [55],Job vacancies,2595,C
24-Jan,Canada,Management of companies and enterprises [55],Payroll employees,122095,A
24-Jan,Canada,Management of companies and enterprises [55],Job vacancy rate,2.1,C
24-Jan,Canada,"Administrative and support, waste management and remediation services [56]",Job vacancies,35645,B
24-Jan,Canada,"Administrative and support, waste management and remediation services [56]",Payroll employees,842000,A
24-Jan,Canada,"Administrative and support, waste management and remediation services [56]",Job vacancy rate,4.1,B
24-Jan,Canada,Educational services [61],Job vacancies,23025,B
24-Jan,Canada,Educational services [61],Payroll employees,1552880,A
24-Jan,Canada,Educational services [61],Job vacancy rate,1.5,B
24-Jan,Canada,Health care and social assistance [62],Job vacancies,151810,A
24-Jan,Canada,Health care and social assistance [62],Payroll employees,2356370,A
24-Jan,Canada,Health care and social assistance [62],Job vacancy rate,6.1,A
24-Jan,Canada,"Arts, entertainment and recreation [71]",Job vacancies,7045,B
24-Jan,Canada,"Arts, entertainment and recreation [71]",Payroll employees,290580,A
24-Jan,Canada,"Arts, entertainment and recreation [71]",Job vacancy rate,2.4,B
24-Jan,Canada,Accommodation and food services [72],Job vacancies,54645,B
24-Jan,Canada,Accommodation and food services [72],Payroll employees,1281520,A
24-Jan,Canada,Accommodation and food services [72],Job vacancy rate,4.1,B
24-Jan,Canada,Other services (except public administration) [81],Job vacancies,29335,B
24-Jan,Canada,Other services (except public administration) [81],Payroll employees,575520,A
24-Jan,Canada,Other services (except public administration) [81],Job vacancy rate,4.9,B
24-Jan,Canada,Public administration [91],Job vacancies,13515,B
24-Jan,Canada,Public administration [91],Payroll employees,563060,A
24-Jan,Canada,Public administration [91],Job vacancy rate,2.3,B
24-Feb,Canada,"Total, all industries",Job vacancies,588470,A
24-Feb,Canada,"Total, all industries",Payroll employees,16890245,A
24-Feb,Canada,"Total, all industries",Job vacancy rate,3.4,A
24-Feb,Canada,"Agriculture, forestry, fishing and hunting [11]",Job vacancies,6910,C
24-Feb,Canada,"Agriculture, forestry, fishing and hunting [11]",Payroll employees,197805,A
24-Feb,Canada,"Agriculture, forestry, fishing and hunting [11]",Job vacancy rate,3.4,C
24-Feb,Canada,"Mining, quarrying, and oil and gas extraction [21]",Job vacancies,6150,C
24-Feb,Canada,"Mining, quarrying, and oil and gas extraction [21]",Payroll employees,200875,A
24-Feb,Canada,"Mining, quarrying, and oil and gas extraction [21]",Job vacancy rate,3,C
24-Feb,Canada,Utilities [22],Job vacancies,2915,D
24-Feb,Canada,Utilities [22],Payroll employees,132415,B
24-Feb,Canada,Utilities [22],Job vacancy rate,2.2,D
24-Feb,Canada,Construction [23],Job vacancies,50260,B
24-Feb,Canada,Construction [23],Payroll employees,1061920,A
24-Feb,Canada,Construction [23],Job vacancy rate,4.5,B
24-Feb,Canada,Manufacturing [31-33],Job vacancies,38720,B
24-Feb,Canada,Manufacturing [31-33],Payroll employees,1534950,A
24-Feb,Canada,Manufacturing [31-33],Job vacancy rate,2.5,B
24-Feb,Canada,Wholesale trade [41],Job vacancies,23330,B
24-Feb,Canada,Wholesale trade [41],Payroll employees,818970,A
24-Feb,Canada,Wholesale trade [41],Job vacancy rate,2.8,B
24-Feb,Canada,Retail trade [44-45],Job vacancies,47620,C
24-Feb,Canada,Retail trade [44-45],Payroll employees,2013010,A
24-Feb,Canada,Retail trade [44-45],Job vacancy rate,2.3,C
24-Feb,Canada,Transportation and warehousing [48-49],Job vacancies,38585,D
24-Feb,Canada,Transportation and warehousing [48-49],Payroll employees,842285,A
24-Feb,Canada,Transportation and warehousing [48-49],Job vacancy rate,4.4,D
24-Feb,Canada,Information and cultural industries [51],Job vacancies,5945,D
24-Feb,Canada,Information and cultural industries [51],Payroll employees,359500,A
24-Feb,Canada,Information and cultural industries [51],Job vacancy rate,1.6,D
24-Feb,Canada,Finance and insurance [52],Job vacancies,22265,D
24-Feb,Canada,Finance and insurance [52],Payroll employees,842225,A
24-Feb,Canada,Finance and insurance [52],Job vacancy rate,2.6,D
24-Feb,Canada,Real estate and rental and leasing [53],Job vacancies,6750,C
24-Feb,Canada,Real estate and rental and leasing [53],Payroll employees,287735,A
24-Feb,Canada,Real estate and rental and leasing [53],Job vacancy rate,2.3,C
24-Feb,Canada,"Professional, scientific and technical services [54]",Job vacancies,43930,B
24-Feb,Canada,"Professional, scientific and technical services [54]",Payroll employees,1219135,A
24-Feb,Canada,"Professional, scientific and technical services [54]",Job vacancy rate,3.5,B
24-Feb,Canada,Management of companies and enterprises [55],Job vacancies,2835,B
24-Feb,Canada,Management of companies and enterprises [55],Payroll employees,121095,A
24-Feb,Canada,Management of companies and enterprises [55],Job vacancy rate,2.3,B
24-Feb,Canada,"Administrative and support, waste management and remediation services [56]",Job vacancies,36910,D
24-Feb,Canada,"Administrative and support, waste management and remediation services [56]",Payroll employees,803910,A
24-Feb,Canada,"Administrative and support, waste management and remediation services [56]",Job vacancy rate,4.4,D
24-Feb,Canada,Educational services [61],Job vacancies,17210,B
24-Feb,Canada,Educational services [61],Payroll employees,1470790,A
24-Feb,Canada,Educational services [61],Job vacancy rate,1.2,B
24-Feb,Canada,Health care and social assistance [62],Job vacancies,121490,A
24-Feb,Canada,Health care and social assistance [62],Payroll employees,2330210,A
24-Feb,Canada,Health care and social assistance [62],Job vacancy rate,5,A
24-Feb,Canada,"Arts, entertainment and recreation [71]",Job vacancies,10390,D
24-Feb,Canada,"Arts, entertainment and recreation [71]",Payroll employees,282730,A
24-Feb,Canada,"Arts, entertainment and recreation [71]",Job vacancy rate,3.5,D
24-Feb,Canada,Accommodation and food services [72],Job vacancies,63540,B
24-Feb,Canada,Accommodation and food services [72],Payroll employees,1255790,A
24-Feb,Canada,Accommodation and food services [72],Job vacancy rate,4.8,B
24-Feb,Canada,Other services (except public administration) [81],Job vacancies,27310,B
24-Feb,Canada,Other services (except public administration) [81],Payroll employees,565625,A
24-Feb,Canada,Other services (except public administration) [81],Job vacancy rate,4.6,B
24-Feb,Canada,Public administration [91],Job vacancies,15400,B
24-Feb,Canada,Public administration [91],Payroll employees,549265,A
24-Feb,Canada,Public administration [91],Job vacancy rate,2.7,B
24-Mar,Canada,"Total, all industries",Job vacancies,595090,A
24-Mar,Canada,"Total, all industries",Payroll employees,16913170,A
24-Mar,Canada,"Total, all industries",Job vacancy rate,3.4,A
24-Mar,Canada,"Agriculture, forestry, fishing and hunting [11]",Job vacancies,9380,C
24-Mar,Canada,"Agriculture, forestry, fishing and hunting [11]",Payroll employees,201805,A
24-Mar,Canada,"Agriculture, forestry, fishing and hunting [11]",Job vacancy rate,4.4,C
24-Mar,Canada,"Mining, quarrying, and oil and gas extraction [21]",Job vacancies,3915,D
24-Mar,Canada,"Mining, quarrying, and oil and gas extraction [21]",Payroll employees,208290,A
24-Mar,Canada,"Mining, quarrying, and oil and gas extraction [21]",Job vacancy rate,1.8,D
24-Mar,Canada,Utilities [22],Job vacancies,2485,D
24-Mar,Canada,Utilities [22],Payroll employees,133050,A
24-Mar,Canada,Utilities [22],Job vacancy rate,1.8,D
24-Mar,Canada,Construction [23],Job vacancies,44780,B
24-Mar,Canada,Construction [23],Payroll employees,1091345,A
24-Mar,Canada,Construction [23],Job vacancy rate,3.9,B
24-Mar,Canada,Manufacturing [31-33],Job vacancies,40610,B
24-Mar,Canada,Manufacturing [31-33],Payroll employees,1533185,A
24-Mar,Canada,Manufacturing [31-33],Job vacancy rate,2.6,A
24-Mar,Canada,Wholesale trade [41],Job vacancies,24015,B
24-Mar,Canada,Wholesale trade [41],Payroll employees,813515,A
24-Mar,Canada,Wholesale trade [41],Job vacancy rate,2.9,B
24-Mar,Canada,Retail trade [44-45],Job vacancies,58555,C
24-Mar,Canada,Retail trade [44-45],Payroll employees,1961645,A
24-Mar,Canada,Retail trade [44-45],Job vacancy rate,2.9,C
24-Mar,Canada,Transportation and warehousing [48-49],Job vacancies,31650,C
24-Mar,Canada,Transportation and warehousing [48-49],Payroll employees,836205,A
24-Mar,Canada,Transportation and warehousing [48-49],Job vacancy rate,3.6,C
24-Mar,Canada,Information and cultural industries [51],Job vacancies,7625,D
24-Mar,Canada,Information and cultural industries [51],Payroll employees,354865,A
24-Mar,Canada,Information and cultural industries [51],Job vacancy rate,2.1,D
24-Mar,Canada,Finance and insurance [52],Job vacancies,18795,B
24-Mar,Canada,Finance and insurance [52],Payroll employees,842590,A
24-Mar,Canada,Finance and insurance [52],Job vacancy rate,2.2,B
24-Mar,Canada,Real estate and rental and leasing [53],Job vacancies,7705,C
24-Mar,Canada,Real estate and rental and leasing [53],Payroll employees,287420,A
24-Mar,Canada,Real estate and rental and leasing [53],Job vacancy rate,2.6,C
24-Mar,Canada,"Professional, scientific and technical services [54]",Job vacancies,41415,B
24-Mar,Canada,"Professional, scientific and technical services [54]",Payroll employees,1217080,A
24-Mar,Canada,"Professional, scientific and technical services [54]",Job vacancy rate,3.3,B
24-Mar,Canada,Management of companies and enterprises [55],Job vacancies,2590,C
24-Mar,Canada,Management of companies and enterprises [55],Payroll employees,117125,A
24-Mar,Canada,Management of companies and enterprises [55],Job vacancy rate,2.2,C
24-Mar,Canada,"Administrative and support, waste management and remediation services [56]",Job vacancies,32635,B
24-Mar,Canada,"Administrative and support, waste management and remediation services [56]",Payroll employees,795630,A
24-Mar,Canada,"Administrative and support, waste management and remediation services [56]",Job vacancy rate,3.9,B
24-Mar,Canada,Educational services [61],Job vacancies,27175,B
24-Mar,Canada,Educational services [61],Payroll employees,1542270,A
24-Mar,Canada,Educational services [61],Job vacancy rate,1.7,B
24-Mar,Canada,Health care and social assistance [62],Job vacancies,121655,A
24-Mar,Canada,Health care and social assistance [62],Payroll employees,2339850,A
24-Mar,Canada,Health care and social assistance [62],Job vacancy rate,4.9,A
24-Mar,Canada,"Arts, entertainment and recreation [71]",Job vacancies,12965,B
24-Mar,Canada,"Arts, entertainment and recreation [71]",Payroll employees,282905,A
24-Mar,Canada,"Arts, entertainment and recreation [71]",Job vacancy rate,4.4,B
24-Mar,Canada,Accommodation and food services [72],Job vacancies,64320,B
24-Mar,Canada,Accommodation and food services [72],Payroll employees,1234580,A
24-Mar,Canada,Accommodation and food services [72],Job vacancy rate,5,B
24-Mar,Canada,Other services (except public administration) [81],Job vacancies,28565,B
24-Mar,Canada,Other services (except public administration) [81],Payroll employees,561860,A
24-Mar,Canada,Other services (except public administration) [81],Job vacancy rate,4.8,B
24-Mar,Canada,Public administration [91],Job vacancies,14255,B
24-Mar,Canada,Public administration [91],Payroll employees,557955,A
24-Mar,Canada,Public administration [91],Job vacancy rate,2.5,B
24-Apr,Canada,"Total, all industries",Job vacancies,642810,A
24-Apr,Canada,"Total, all industries",Payroll employees,16997345,A
24-Apr,Canada,"Total, all industries",Job vacancy rate,3.6,A
24-Apr,Canada,"Agriculture, forestry, fishing and hunting [11]",Job vacancies,10795,C
24-Apr,Canada,"Agriculture, forestry, fishing and hunting [11]",Payroll employees,206435,A
24-Apr,Canada,"Agriculture, forestry, fishing and hunting [11]",Job vacancy rate,5,B
24-Apr,Canada,"Mining, quarrying, and oil and gas extraction [21]",Job vacancies,5275,C
24-Apr,Canada,"Mining, quarrying, and oil and gas extraction [21]",Payroll employees,208605,A
24-Apr,Canada,"Mining, quarrying, and oil and gas extraction [21]",Job vacancy rate,2.5,C
24-Apr,Canada,Utilities [22],Job vacancies,2420,D
24-Apr,Canada,Utilities [22],Payroll employees,134485,A
24-Apr,Canada,Utilities [22],Job vacancy rate,1.8,D
24-Apr,Canada,Construction [23],Job vacancies,52145,B
24-Apr,Canada,Construction [23],Payroll employees,1100270,A
24-Apr,Canada,Construction [23],Job vacancy rate,4.5,B
24-Apr,Canada,Manufacturing [31-33],Job vacancies,41475,A
24-Apr,Canada,Manufacturing [31-33],Payroll employees,1532905,A
24-Apr,Canada,Manufacturing [31-33],Job vacancy rate,2.6,A
24-Apr,Canada,Wholesale trade [41],Job vacancies,23530,C
24-Apr,Canada,Wholesale trade [41],Payroll employees,813570,A
24-Apr,Canada,Wholesale trade [41],Job vacancy rate,2.8,C
24-Apr,Canada,Retail trade [44-45],Job vacancies,50450,B
24-Apr,Canada,Retail trade [44-45],Payroll employees,1966475,A
24-Apr,Canada,Retail trade [44-45],Job vacancy rate,2.5,B
24-Apr,Canada,Transportation and warehousing [48-49],Job vacancies,31745,C
24-Apr,Canada,Transportation and warehousing [48-49],Payroll employees,834200,A
24-Apr,Canada,Transportation and warehousing [48-49],Job vacancy rate,3.7,C
24-Apr,Canada,Information and cultural industries [51],Job vacancies,8210,D
24-Apr,Canada,Information and cultural industries [51],Payroll employees,356575,A
24-Apr,Canada,Information and cultural industries [51],Job vacancy rate,2.3,D
24-Apr,Canada,Finance and insurance [52],Job vacancies,17090,C
24-Apr,Canada,Finance and insurance [52],Payroll employees,847080,A
24-Apr,Canada,Finance and insurance [52],Job vacancy rate,2,C
24-Apr,Canada,Real estate and rental and leasing [53],Job vacancies,8790,C
24-Apr,Canada,Real estate and rental and leasing [53],Payroll employees,284460,A
24-Apr,Canada,Real estate and rental and leasing [53],Job vacancy rate,3,C
24-Apr,Canada,"Professional, scientific and technical services [54]",Job vacancies,43385,B
24-Apr,Canada,"Professional, scientific and technical services [54]",Payroll employees,1219455,A
24-Apr,Canada,"Professional, scientific and technical services [54]",Job vacancy rate,3.4,B
24-Apr,Canada,Management of companies and enterprises [55],Job vacancies,2350,C
24-Apr,Canada,Management of companies and enterprises [55],Payroll employees,118470,A
24-Apr,Canada,Management of companies and enterprises [55],Job vacancy rate,1.9,C
24-Apr,Canada,"Administrative and support, waste management and remediation services [56]",Job vacancies,41250,B
24-Apr,Canada,"Administrative and support, waste management and remediation services [56]",Payroll employees,805035,A
24-Apr,Canada,"Administrative and support, waste management and remediation services [56]",Job vacancy rate,4.9,B
24-Apr,Canada,Educational services [61],Job vacancies,22675,B
24-Apr,Canada,Educational services [61],Payroll employees,1561995,A
24-Apr,Canada,Educational services [61],Job vacancy rate,1.4,B
24-Apr,Canada,Health care and social assistance [62],Job vacancies,141475,B
24-Apr,Canada,Health care and social assistance [62],Payroll employees,2351985,A
24-Apr,Canada,Health care and social assistance [62],Job vacancy rate,5.7,B
24-Apr,Canada,"Arts, entertainment and recreation [71]",Job vacancies,14755,C
24-Apr,Canada,"Arts, entertainment and recreation [71]",Payroll employees,283900,A
24-Apr,Canada,"Arts, entertainment and recreation [71]",Job vacancy rate,4.9,B
24-Apr,Canada,Accommodation and food services [72],Job vacancies,77015,B
24-Apr,Canada,Accommodation and food services [72],Payroll employees,1251400,A
24-Apr,Canada,Accommodation and food services [72],Job vacancy rate,5.8,B
24-Apr,Canada,Other services (except public administration) [81],Job vacancies,31960,B
24-Apr,Canada,Other services (except public administration) [81],Payroll employees,566125,A
24-Apr,Canada,Other services (except public administration) [81],Job vacancy rate,5.3,B
24-Apr,Canada,Public administration [91],Job vacancies,16010,B
24-Apr,Canada,Public administration [91],Payroll employees,553925,A
24-Apr,Canada,Public administration [91],Job vacancy rate,2.8,B
24-May,Canada,"Total, all industries",Job vacancies,616605,A
24-May,Canada,"Total, all industries",Payroll employees,17126470,A
24-May,Canada,"Total, all industries",Job vacancy rate,3.5,A
24-May,Canada,"Agriculture, forestry, fishing and hunting [11]",Job vacancies,10165,D
24-May,Canada,"Agriculture, forestry, fishing and hunting [11]",Payroll employees,222615,A
24-May,Canada,"Agriculture, forestry, fishing and hunting [11]",Job vacancy rate,4.4,D
24-May,Canada,"Mining, quarrying, and oil and gas extraction [21]",Job vacancies,7770,C
24-May,Canada,"Mining, quarrying, and oil and gas extraction [21]",Payroll employees,201615,A
24-May,Canada,"Mining, quarrying, and oil and gas extraction [21]",Job vacancy rate,3.7,C
24-May,Canada,Utilities [22],Job vacancies,2115,D
24-May,Canada,Utilities [22],Payroll employees,133970,A
24-May,Canada,Utilities [22],Job vacancy rate,1.6,D
24-May,Canada,Construction [23],Job vacancies,49365,B
24-May,Canada,Construction [23],Payroll employees,1127465,A
24-May,Canada,Construction [23],Job vacancy rate,4.2,B
24-May,Canada,Manufacturing [31-33],Job vacancies,40560,A
24-May,Canada,Manufacturing [31-33],Payroll employees,1551455,A
24-May,Canada,Manufacturing [31-33],Job vacancy rate,2.5,A
24-May,Canada,Wholesale trade [41],Job vacancies,22935,B
24-May,Canada,Wholesale trade [41],Payroll employees,815230,A
24-May,Canada,Wholesale trade [41],Job vacancy rate,2.7,B
24-May,Canada,Retail trade [44-45],Job vacancies,58170,C
24-May,Canada,Retail trade [44-45],Payroll employees,1983725,A
24-May,Canada,Retail trade [44-45],Job vacancy rate,2.8,C
24-May,Canada,Transportation and warehousing [48-49],Job vacancies,34005,C
24-May,Canada,Transportation and warehousing [48-49],Payroll employees,837355,A
24-May,Canada,Transportation and warehousing [48-49],Job vacancy rate,3.9,C
24-May,Canada,Information and cultural industries [51],Job vacancies,5990,C
24-May,Canada,Information and cultural industries [51],Payroll employees,359380,A
24-May,Canada,Information and cultural industries [51],Job vacancy rate,1.6,C
24-May,Canada,Finance and insurance [52],Job vacancies,23095,C
24-May,Canada,Finance and insurance [52],Payroll employees,841870,A
24-May,Canada,Finance and insurance [52],Job vacancy rate,2.7,C
24-May,Canada,Real estate and rental and leasing [53],Job vacancies,7720,C
24-May,Canada,Real estate and rental and leasing [53],Payroll employees,286025,A
24-May,Canada,Real estate and rental and leasing [53],Job vacancy rate,2.6,C
24-May,Canada,"Professional, scientific and technical services [54]",Job vacancies,39435,B
24-May,Canada,"Professional, scientific and technical services [54]",Payroll employees,1218270,A
24-May,Canada,"Professional, scientific and technical services [54]",Job vacancy rate,3.1,B
24-May,Canada,Management of companies and enterprises [55],Job vacancies,3165,C
24-May,Canada,Management of companies and enterprises [55],Payroll employees,123180,A
24-May,Canada,Management of companies and enterprises [55],Job vacancy rate,2.5,C
24-May,Canada,"Administrative and support, waste management and remediation services [56]",Job vacancies,31950,C
24-May,Canada,"Administrative and support, waste management and remediation services [56]",Payroll employees,808890,A
24-May,Canada,"Administrative and support, waste management and remediation services [56]",Job vacancy rate,3.8,C
24-May,Canada,Educational services [61],Job vacancies,18410,C
24-May,Canada,Educational services [61],Payroll employees,1580355,A
24-May,Canada,Educational services [61],Job vacancy rate,1.2,C
24-May,Canada,Health care and social assistance [62],Job vacancies,124500,A
24-May,Canada,Health care and social assistance [62],Payroll employees,2350700,A
24-May,Canada,Health care and social assistance [62],Job vacancy rate,5,A
24-May,Canada,"Arts, entertainment and recreation [71]",Job vacancies,10815,D
24-May,Canada,"Arts, entertainment and recreation [71]",Payroll employees,295620,A
24-May,Canada,"Arts, entertainment and recreation [71]",Job vacancy rate,3.5,D
24-May,Canada,Accommodation and food services [72],Job vacancies,79275,A
24-May,Canada,Accommodation and food services [72],Payroll employees,1265990,A
24-May,Canada,Accommodation and food services [72],Job vacancy rate,5.9,A
24-May,Canada,Other services (except public administration) [81],Job vacancies,30340,B
24-May,Canada,Other services (except public administration) [81],Payroll employees,568785,A
24-May,Canada,Other services (except public administration) [81],Job vacancy rate,5.1,B
24-May,Canada,Public administration [91],Job vacancies,16825,B
24-May,Canada,Public administration [91],Payroll employees,553975,A
24-May,Canada,Public administration [91],Job vacancy rate,2.9,C
24-Jun,Canada,"Total, all industries",Job vacancies,585620,A
24-Jun,Canada,"Total, all industries",Payroll employees,17413095,A
24-Jun,Canada,"Total, all industries",Job vacancy rate,3.3,A
24-Jun,Canada,"Agriculture, forestry, fishing and hunting [11]",Job vacancies,10500,D
24-Jun,Canada,"Agriculture, forestry, fishing and hunting [11]",Payroll employees,254555,A
24-Jun,Canada,"Agriculture, forestry, fishing and hunting [11]",Job vacancy rate,4,D
24-Jun,Canada,"Mining, quarrying, and oil and gas extraction [21]",Job vacancies,5630,C
24-Jun,Canada,"Mining, quarrying, and oil and gas extraction [21]",Payroll employees,213160,A
24-Jun,Canada,"Mining, quarrying, and oil and gas extraction [21]",Job vacancy rate,2.6,C
24-Jun,Canada,Utilities [22],Job vacancies,,F
24-Jun,Canada,Utilities [22],Payroll employees,135415,E
24-Jun,Canada,Utilities [22],Job vacancy rate,,F
24-Jun,Canada,Construction [23],Job vacancies,47230,B
24-Jun,Canada,Construction [23],Payroll employees,1195090,A
24-Jun,Canada,Construction [23],Job vacancy rate,3.8,B
24-Jun,Canada,Manufacturing [31-33],Job vacancies,38750,A
24-Jun,Canada,Manufacturing [31-33],Payroll employees,1577735,A
24-Jun,Canada,Manufacturing [31-33],Job vacancy rate,2.4,A
24-Jun,Canada,Wholesale trade [41],Job vacancies,21645,B
24-Jun,Canada,Wholesale trade [41],Payroll employees,827520,A
24-Jun,Canada,Wholesale trade [41],Job vacancy rate,2.5,B
24-Jun,Canada,Retail trade [44-45],Job vacancies,60680,C
24-Jun,Canada,Retail trade [44-45],Payroll employees,2003250,A
24-Jun,Canada,Retail trade [44-45],Job vacancy rate,2.9,C
24-Jun,Canada,Transportation and warehousing [48-49],Job vacancies,31070,D
24-Jun,Canada,Transportation and warehousing [48-49],Payroll employees,842520,A
24-Jun,Canada,Transportation and warehousing [48-49],Job vacancy rate,3.6,D
24-Jun,Canada,Information and cultural industries [51],Job vacancies,7470,D
24-Jun,Canada,Information and cultural industries [51],Payroll employees,358980,A
24-Jun,Canada,Information and cultural industries [51],Job vacancy rate,2,D
24-Jun,Canada,Finance and insurance [52],Job vacancies,17075,B
24-Jun,Canada,Finance and insurance [52],Payroll employees,845910,A
24-Jun,Canada,Finance and insurance [52],Job vacancy rate,2,B
24-Jun,Canada,Real estate and rental and leasing [53],Job vacancies,6920,C
24-Jun,Canada,Real estate and rental and leasing [53],Payroll employees,292370,A
24-Jun,Canada,Real estate and rental and leasing [53],Job vacancy rate,2.3,C
24-Jun,Canada,"Professional, scientific and technical services [54]",Job vacancies,35290,B
24-Jun,Canada,"Professional, scientific and technical services [54]",Payroll employees,1228365,A
24-Jun,Canada,"Professional, scientific and technical services [54]",Job vacancy rate,2.8,B
24-Jun,Canada,Management of companies and enterprises [55],Job vacancies,2750,D
24-Jun,Canada,Management of companies and enterprises [55],Payroll employees,123605,A
24-Jun,Canada,Management of companies and enterprises [55],Job vacancy rate,2.2,D
24-Jun,Canada,"Administrative and support, waste management and remediation services [56]",Job vacancies,27135,B
24-Jun,Canada,"Administrative and support, waste management and remediation services [56]",Payroll employees,829540,A
24-Jun,Canada,"Administrative and support, waste management and remediation services [56]",Job vacancy rate,3.2,B
24-Jun,Canada,Educational services [61],Job vacancies,25380,B
24-Jun,Canada,Educational services [61],Payroll employees,1528535,A
24-Jun,Canada,Educational services [61],Job vacancy rate,1.6,B
24-Jun,Canada,Health care and social assistance [62],Job vacancies,121980,A
24-Jun,Canada,Health care and social assistance [62],Payroll employees,2387010,A
24-Jun,Canada,Health care and social assistance [62],Job vacancy rate,4.9,A
24-Jun,Canada,"Arts, entertainment and recreation [71]",Job vacancies,9190,B
24-Jun,Canada,"Arts, entertainment and recreation [71]",Payroll employees,325630,A
24-Jun,Canada,"Arts, entertainment and recreation [71]",Job vacancy rate,2.7,B
24-Jun,Canada,Accommodation and food services [72],Job vacancies,76250,B
24-Jun,Canada,Accommodation and food services [72],Payroll employees,1304895,A
24-Jun,Canada,Accommodation and food services [72],Job vacancy rate,5.5,B
24-Jun,Canada,Other services (except public administration) [81],Job vacancies,24455,B
24-Jun,Canada,Other services (except public administration) [81],Payroll employees,575505,A
24-Jun,Canada,Other services (except public administration) [81],Job vacancy rate,4.1,B
24-Jun,Canada,Public administration [91],Job vacancies,13955,B
24-Jun,Canada,Public administration [91],Payroll employees,563500,A
24-Jun,Canada,Public administration [91],Job vacancy rate,2.4,B
24-Jul,Canada,"Total, all industries",Job vacancies,563955,A
24-Jul,Canada,"Total, all industries",Payroll employees,17627000,A
24-Jul,Canada,"Total, all industries",Job vacancy rate,3.1,A
24-Jul,Canada,"Agriculture, forestry, fishing and hunting [11]",Job vacancies,11805,D
24-Jul,Canada,"Agriculture, forestry, fishing and hunting [11]",Payroll employees,271455,A
24-Jul,Canada,"Agriculture, forestry, fishing and hunting [11]",Job vacancy rate,4.2,D
24-Jul,Canada,"Mining, quarrying, and oil and gas extraction [21]",Job vacancies,5235,C
24-Jul,Canada,"Mining, quarrying, and oil and gas extraction [21]",Payroll employees,216240,A
24-Jul,Canada,"Mining, quarrying, and oil and gas extraction [21]",Job vacancy rate,2.4,C
24-Jul,Canada,Utilities [22],Job vacancies,1840,E
24-Jul,Canada,Utilities [22],Payroll employees,137730,A
24-Jul,Canada,Utilities [22],Job vacancy rate,1.3,E
24-Jul,Canada,Construction [23],Job vacancies,49250,B
24-Jul,Canada,Construction [23],Payroll employees,1233725,A
24-Jul,Canada,Construction [23],Job vacancy rate,3.8,B
24-Jul,Canada,Manufacturing [31-33],Job vacancies,33845,A
24-Jul,Canada,Manufacturing [31-33],Payroll employees,1585160,A
24-Jul,Canada,Manufacturing [31-33],Job vacancy rate,2.1,A
24-Jul,Canada,Wholesale trade [41],Job vacancies,19840,B
24-Jul,Canada,Wholesale trade [41],Payroll employees,826780,A
24-Jul,Canada,Wholesale trade [41],Job vacancy rate,2.3,B
24-Jul,Canada,Retail trade [44-45],Job vacancies,52510,C
24-Jul,Canada,Retail trade [44-45],Payroll employees,2016165,A
24-Jul,Canada,Retail trade [44-45],Job vacancy rate,2.5,C
24-Jul,Canada,Transportation and warehousing [48-49],Job vacancies,28730,C
24-Jul,Canada,Transportation and warehousing [48-49],Payroll employees,862210,A
24-Jul,Canada,Transportation and warehousing [48-49],Job vacancy rate,3.2,C
24-Jul,Canada,Information and cultural industries [51],Job vacancies,8155,C
24-Jul,Canada,Information and cultural industries [51],Payroll employees,359855,A
24-Jul,Canada,Information and cultural industries [51],Job vacancy rate,2.2,C
24-Jul,Canada,Finance and insurance [52],Job vacancies,18195,B
24-Jul,Canada,Finance and insurance [52],Payroll employees,854615,A
24-Jul,Canada,Finance and insurance [52],Job vacancy rate,2.1,B
24-Jul,Canada,Real estate and rental and leasing [53],Job vacancies,9365,C
24-Jul,Canada,Real estate and rental and leasing [53],Payroll employees,299420,A
24-Jul,Canada,Real estate and rental and leasing [53],Job vacancy rate,3,C
24-Jul,Canada,"Professional, scientific and technical services [54]",Job vacancies,36695,B
24-Jul,Canada,"Professional, scientific and technical services [54]",Payroll employees,1237755,A
24-Jul,Canada,"Professional, scientific and technical services [54]",Job vacancy rate,2.9,B
24-Jul,Canada,Management of companies and enterprises [55],Job vacancies,2435,B
24-Jul,Canada,Management of companies and enterprises [55],Payroll employees,121970,A
24-Jul,Canada,Management of companies and enterprises [55],Job vacancy rate,2,B
24-Jul,Canada,"Administrative and support, waste management and remediation services [56]",Job vacancies,28855,B
24-Jul,Canada,"Administrative and support, waste management and remediation services [56]",Payroll employees,835790,A
24-Jul,Canada,"Administrative and support, waste management and remediation services [56]",Job vacancy rate,3.3,B
24-Jul,Canada,Educational services [61],Job vacancies,21555,B
24-Jul,Canada,Educational services [61],Payroll employees,1521680,A
24-Jul,Canada,Educational services [61],Job vacancy rate,1.4,B
24-Jul,Canada,Health care and social assistance [62],Job vacancies,129985,A
24-Jul,Canada,Health care and social assistance [62],Payroll employees,2391025,A
24-Jul,Canada,Health care and social assistance [62],Job vacancy rate,5.2,A
24-Jul,Canada,"Arts, entertainment and recreation [71]",Job vacancies,6345,B
24-Jul,Canada,"Arts, entertainment and recreation [71]",Payroll employees,347010,A
24-Jul,Canada,"Arts, entertainment and recreation [71]",Job vacancy rate,1.8,B
24-Jul,Canada,Accommodation and food services [72],Job vacancies,63260,B
24-Jul,Canada,Accommodation and food services [72],Payroll employees,1343850,A
24-Jul,Canada,Accommodation and food services [72],Job vacancy rate,4.5,B
24-Jul,Canada,Other services (except public administration) [81],Job vacancies,22725,B
24-Jul,Canada,Other services (except public administration) [81],Payroll employees,583815,A
24-Jul,Canada,Other services (except public administration) [81],Job vacancy rate,3.7,B
24-Jul,Canada,Public administration [91],Job vacancies,13330,B
24-Jul,Canada,Public administration [91],Payroll employees,580765,A
24-Jul,Canada,Public administration [91],Job vacancy rate,2.2,B
24-Aug,Canada,"Total, all industries",Job vacancies,567725,A
24-Aug,Canada,"Total, all industries",Payroll employees,17371135,A
24-Aug,Canada,"Total, all industries",Job vacancy rate,3.2,A
24-Aug,Canada,"Agriculture, forestry, fishing and hunting [11]",Job vacancies,8130,C
24-Aug,Canada,"Agriculture, forestry, fishing and hunting [11]",Payroll employees,274695,A
24-Aug,Canada,"Agriculture, forestry, fishing and hunting [11]",Job vacancy rate,2.9,C
24-Aug,Canada,"Mining, quarrying, and oil and gas extraction [21]",Job vacancies,6070,C
24-Aug,Canada,"Mining, quarrying, and oil and gas extraction [21]",Payroll employees,210690,A
24-Aug,Canada,"Mining, quarrying, and oil and gas extraction [21]",Job vacancy rate,2.8,C
24-Aug,Canada,Utilities [22],Job vacancies,2385,C
24-Aug,Canada,Utilities [22],Payroll employees,135535,A
24-Aug,Canada,Utilities [22],Job vacancy rate,1.7,C
24-Aug,Canada,Construction [23],Job vacancies,43230,B
24-Aug,Canada,Construction [23],Payroll employees,1232380,A
24-Aug,Canada,Construction [23],Job vacancy rate,3.4,B
24-Aug,Canada,Manufacturing [31-33],Job vacancies,36810,A
24-Aug,Canada,Manufacturing [31-33],Payroll employees,1592800,A
24-Aug,Canada,Manufacturing [31-33],Job vacancy rate,2.3,A
24-Aug,Canada,Wholesale trade [41],Job vacancies,23265,B
24-Aug,Canada,Wholesale trade [41],Payroll employees,828095,A
24-Aug,Canada,Wholesale trade [41],Job vacancy rate,2.7,B
24-Aug,Canada,Retail trade [44-45],Job vacancies,57380,C
24-Aug,Canada,Retail trade [44-45],Payroll employees,2015645,A
24-Aug,Canada,Retail trade [44-45],Job vacancy rate,2.8,B
24-Aug,Canada,Transportation and warehousing [48-49],Job vacancies,30755,C
24-Aug,Canada,Transportation and warehousing [48-49],Payroll employees,842795,A
24-Aug,Canada,Transportation and warehousing [48-49],Job vacancy rate,3.5,C
24-Aug,Canada,Information and cultural industries [51],Job vacancies,6290,D
24-Aug,Canada,Information and cultural industries [51],Payroll employees,363295,A
24-Aug,Canada,Information and cultural industries [51],Job vacancy rate,1.7,D
24-Aug,Canada,Finance and insurance [52],Job vacancies,24285,B
24-Aug,Canada,Finance and insurance [52],Payroll employees,853245,A
24-Aug,Canada,Finance and insurance [52],Job vacancy rate,2.8,B
24-Aug,Canada,Real estate and rental and leasing [53],Job vacancies,7935,C
24-Aug,Canada,Real estate and rental and leasing [53],Payroll employees,300085,A
24-Aug,Canada,Real estate and rental and leasing [53],Job vacancy rate,2.6,C
24-Aug,Canada,"Professional, scientific and technical services [54]",Job vacancies,39795,B
24-Aug,Canada,"Professional, scientific and technical services [54]",Payroll employees,1236275,A
24-Aug,Canada,"Professional, scientific and technical services [54]",Job vacancy rate,3.1,B
24-Aug,Canada,Management of companies and enterprises [55],Job vacancies,2665,B
24-Aug,Canada,Management of companies and enterprises [55],Payroll employees,122600,A
24-Aug,Canada,Management of companies and enterprises [55],Job vacancy rate,2.1,B
24-Aug,Canada,"Administrative and support, waste management and remediation services [56]",Job vacancies,29775,C
24-Aug,Canada,"Administrative and support, waste management and remediation services [56]",Payroll employees,836990,A
24-Aug,Canada,"Administrative and support, waste management and remediation services [56]",Job vacancy rate,3.4,C
24-Aug,Canada,Educational services [61],Job vacancies,18505,B
24-Aug,Canada,Educational services [61],Payroll employees,1198395,A
24-Aug,Canada,Educational services [61],Job vacancy rate,1.5,B
24-Aug,Canada,Health care and social assistance [62],Job vacancies,111915,C
24-Aug,Canada,Health care and social assistance [62],Payroll employees,2403835,A
24-Aug,Canada,Health care and social assistance [62],Job vacancy rate,4.4,C
24-Aug,Canada,"Arts, entertainment and recreation [71]",Job vacancies,9960,B
24-Aug,Canada,"Arts, entertainment and recreation [71]",Payroll employees,369560,A
24-Aug,Canada,"Arts, entertainment and recreation [71]",Job vacancy rate,2.6,B
24-Aug,Canada,Accommodation and food services [72],Job vacancies,65680,B
24-Aug,Canada,Accommodation and food services [72],Payroll employees,1365605,A
24-Aug,Canada,Accommodation and food services [72],Job vacancy rate,4.6,B
24-Aug,Canada,Other services (except public administration) [81],Job vacancies,28070,B
24-Aug,Canada,Other services (except public administration) [81],Payroll employees,587560,A
24-Aug,Canada,Other services (except public administration) [81],Job vacancy rate,4.6,B
24-Aug,Canada,Public administration [91],Job vacancies,14815,B
24-Aug,Canada,Public administration [91],Payroll employees,601055,A
24-Aug,Canada,Public administration [91],Job vacancy rate,2.4,B
24-Sep,Canada,"Total, all industries",Job vacancies,565870,A
24-Sep,Canada,"Total, all industries",Payroll employees,17162570,A
24-Sep,Canada,"Total, all industries",Job vacancy rate,3.2,A
24-Sep,Canada,"Agriculture, forestry, fishing and hunting [11]",Job vacancies,8695,C
24-Sep,Canada,"Agriculture, forestry, fishing and hunting [11]",Payroll employees,274230,A
24-Sep,Canada,"Agriculture, forestry, fishing and hunting [11]",Job vacancy rate,3.1,C
24-Sep,Canada,"Mining, quarrying, and oil and gas extraction [21]",Job vacancies,4870,C
24-Sep,Canada,"Mining, quarrying, and oil and gas extraction [21]",Payroll employees,222420,A
24-Sep,Canada,"Mining, quarrying, and oil and gas extraction [21]",Job vacancy rate,2.1,C
24-Sep,Canada,Utilities [22],Job vacancies,2510,C
24-Sep,Canada,Utilities [22],Payroll employees,135495,A
24-Sep,Canada,Utilities [22],Job vacancy rate,1.8,C
24-Sep,Canada,Construction [23],Job vacancies,45150,B
24-Sep,Canada,Construction [23],Payroll employees,1233630,A
24-Sep,Canada,Construction [23],Job vacancy rate,3.5,B
24-Sep,Canada,Manufacturing [31-33],Job vacancies,36885,A
24-Sep,Canada,Manufacturing [31-33],Payroll employees,1579490,A
24-Sep,Canada,Manufacturing [31-33],Job vacancy rate,2.3,A
24-Sep,Canada,Wholesale trade [41],Job vacancies,21425,B
24-Sep,Canada,Wholesale trade [41],Payroll employees,831325,A
24-Sep,Canada,Wholesale trade [41],Job vacancy rate,2.5,B
24-Sep,Canada,Retail trade [44-45],Job vacancies,60245,C
24-Sep,Canada,Retail trade [44-45],Payroll employees,1994775,A
24-Sep,Canada,Retail trade [44-45],Job vacancy rate,2.9,C
24-Sep,Canada,Transportation and warehousing [48-49],Job vacancies,25785,C
24-Sep,Canada,Transportation and warehousing [48-49],Payroll employees,834000,A
24-Sep,Canada,Transportation and warehousing [48-49],Job vacancy rate,3,C
24-Sep,Canada,Information and cultural industries [51],Job vacancies,8855,D
24-Sep,Canada,Information and cultural industries [51],Payroll employees,360695,A
24-Sep,Canada,Information and cultural industries [51],Job vacancy rate,2.4,D
24-Sep,Canada,Finance and insurance [52],Job vacancies,17595,B
24-Sep,Canada,Finance and insurance [52],Payroll employees,850005,A
24-Sep,Canada,Finance and insurance [52],Job vacancy rate,2,B
24-Sep,Canada,Real estate and rental and leasing [53],Job vacancies,7700,C
24-Sep,Canada,Real estate and rental and leasing [53],Payroll employees,298235,A
24-Sep,Canada,Real estate and rental and leasing [53],Job vacancy rate,2.5,C
24-Sep,Canada,"Professional, scientific and technical services [54]",Job vacancies,39090,B
24-Sep,Canada,"Professional, scientific and technical services [54]",Payroll employees,1231980,A
24-Sep,Canada,"Professional, scientific and technical services [54]",Job vacancy rate,3.1,B
24-Sep,Canada,Management of companies and enterprises [55],Job vacancies,2225,D
24-Sep,Canada,Management of companies and enterprises [55],Payroll employees,119785,A
24-Sep,Canada,Management of companies and enterprises [55],Job vacancy rate,1.8,D
24-Sep,Canada,"Administrative and support, waste management and remediation services [56]",Job vacancies,25505,B
24-Sep,Canada,"Administrative and support, waste management and remediation services [56]",Payroll employees,833410,A
24-Sep,Canada,"Administrative and support, waste management and remediation services [56]",Job vacancy rate,3,B
24-Sep,Canada,Educational services [61],Job vacancies,20690,B
24-Sep,Canada,Educational services [61],Payroll employees,1040890,A
24-Sep,Canada,Educational services [61],Job vacancy rate,1.9,B
24-Sep,Canada,Health care and social assistance [62],Job vacancies,116620,A
24-Sep,Canada,Health care and social assistance [62],Payroll employees,2421495,A
24-Sep,Canada,Health care and social assistance [62],Job vacancy rate,4.6,A
24-Sep,Canada,"Arts, entertainment and recreation [71]",Job vacancies,9630,B
24-Sep,Canada,"Arts, entertainment and recreation [71]",Payroll employees,356595,A
24-Sep,Canada,"Arts, entertainment and recreation [71]",Job vacancy rate,2.6,B
24-Sep,Canada,Accommodation and food services [72],Job vacancies,69035,B
24-Sep,Canada,Accommodation and food services [72],Payroll employees,1355680,A
24-Sep,Canada,Accommodation and food services [72],Job vacancy rate,4.8,B
24-Sep,Canada,Other services (except public administration) [81],Job vacancies,30920,B
24-Sep,Canada,Other services (except public administration) [81],Payroll employees,583415,A
24-Sep,Canada,Other services (except public administration) [81],Job vacancy rate,5,B
24-Sep,Canada,Public administration [91],Job vacancies,12440,B
24-Sep,Canada,Public administration [91],Payroll employees,605020,A
24-Sep,Canada,Public administration [91],Job vacancy rate,2,B
24-Oct,Canada,"Total, all industries",Job vacancies,557710,A
24-Oct,Canada,"Total, all industries",Payroll employees,17522830,A
24-Oct,Canada,"Total, all industries",Job vacancy rate,3.1,A
24-Oct,Canada,"Agriculture, forestry, fishing and hunting [11]",Job vacancies,10345,C
24-Oct,Canada,"Agriculture, forestry, fishing and hunting [11]",Payroll employees,274530,A
24-Oct,Canada,"Agriculture, forestry, fishing and hunting [11]",Job vacancy rate,3.6,C
24-Oct,Canada,"Mining, quarrying, and oil and gas extraction [21]",Job vacancies,5990,C
24-Oct,Canada,"Mining, quarrying, and oil and gas extraction [21]",Payroll employees,218245,A
24-Oct,Canada,"Mining, quarrying, and oil and gas extraction [21]",Job vacancy rate,2.7,C
24-Oct,Canada,Utilities [22],Job vacancies,2015,D
24-Oct,Canada,Utilities [22],Payroll employees,134145,A
24-Oct,Canada,Utilities [22],Job vacancy rate,1.5,D
24-Oct,Canada,Construction [23],Job vacancies,39970,B
24-Oct,Canada,Construction [23],Payroll employees,1249825,A
24-Oct,Canada,Construction [23],Job vacancy rate,3.1,B
24-Oct,Canada,Manufacturing [31-33],Job vacancies,33870,A
24-Oct,Canada,Manufacturing [31-33],Payroll employees,1570495,A
24-Oct,Canada,Manufacturing [31-33],Job vacancy rate,2.1,A
24-Oct,Canada,Wholesale trade [41],Job vacancies,20165,B
24-Oct,Canada,Wholesale trade [41],Payroll employees,828610,A
24-Oct,Canada,Wholesale trade [41],Job vacancy rate,2.4,B
24-Oct,Canada,Retail trade [44-45],Job vacancies,56485,C
24-Oct,Canada,Retail trade [44-45],Payroll employees,1989885,A
24-Oct,Canada,Retail trade [44-45],Job vacancy rate,2.8,C
24-Oct,Canada,Transportation and warehousing [48-49],Job vacancies,31405,C
24-Oct,Canada,Transportation and warehousing [48-49],Payroll employees,857105,A
24-Oct,Canada,Transportation and warehousing [48-49],Job vacancy rate,3.5,C
24-Oct,Canada,Information and cultural industries [51],Job vacancies,8785,C
24-Oct,Canada,Information and cultural industries [51],Payroll employees,359645,A
24-Oct,Canada,Information and cultural industries [51],Job vacancy rate,2.4,C
24-Oct,Canada,Finance and insurance [52],Job vacancies,17385,B
24-Oct,Canada,Finance and insurance [52],Payroll employees,847430,A
24-Oct,Canada,Finance and insurance [52],Job vacancy rate,2,B
24-Oct,Canada,Real estate and rental and leasing [53],Job vacancies,8055,C
24-Oct,Canada,Real estate and rental and leasing [53],Payroll employees,298395,A
24-Oct,Canada,Real estate and rental and leasing [53],Job vacancy rate,2.6,B
24-Oct,Canada,"Professional, scientific and technical services [54]",Job vacancies,41100,B
24-Oct,Canada,"Professional, scientific and technical services [54]",Payroll employees,1226815,A
24-Oct,Canada,"Professional, scientific and technical services [54]",Job vacancy rate,3.2,B
24-Oct,Canada,Management of companies and enterprises [55],Job vacancies,2585,C
24-Oct,Canada,Management of companies and enterprises [55],Payroll employees,119505,A
24-Oct,Canada,Management of companies and enterprises [55],Job vacancy rate,2.1,C
24-Oct,Canada,"Administrative and support, waste management and remediation services [56]",Job vacancies,29230,B
24-Oct,Canada,"Administrative and support, waste management and remediation services [56]",Payroll employees,841600,A
24-Oct,Canada,"Administrative and support, waste management and remediation services [56]",Job vacancy rate,3.4,B
24-Oct,Canada,Educational services [61],Job vacancies,20810,B
24-Oct,Canada,Educational services [61],Payroll employees,1445790,A
24-Oct,Canada,Educational services [61],Job vacancy rate,1.4,B
24-Oct,Canada,Health care and social assistance [62],Job vacancies,129050,A
24-Oct,Canada,Health care and social assistance [62],Payroll employees,2411670,A
24-Oct,Canada,Health care and social assistance [62],Job vacancy rate,5.1,A
24-Oct,Canada,"Arts, entertainment and recreation [71]",Job vacancies,7270,B
24-Oct,Canada,"Arts, entertainment and recreation [71]",Payroll employees,342560,A
24-Oct,Canada,"Arts, entertainment and recreation [71]",Job vacancy rate,2.1,B
24-Oct,Canada,Accommodation and food services [72],Job vacancies,58450,B
24-Oct,Canada,Accommodation and food services [72],Payroll employees,1342035,A
24-Oct,Canada,Accommodation and food services [72],Job vacancy rate,4.2,B
24-Oct,Canada,Other services (except public administration) [81],Job vacancies,22020,C
24-Oct,Canada,Other services (except public administration) [81],Payroll employees,579215,A
24-Oct,Canada,Other services (except public administration) [81],Job vacancy rate,3.7,C
24-Oct,Canada,Public administration [91],Job vacancies,12740,B
24-Oct,Canada,Public administration [91],Payroll employees,585340,A
24-Oct,Canada,Public administration [91],Job vacancy rate,2.1,B
24-Nov,Canada,"Total, all industries",Job vacancies,525185,A
24-Nov,Canada,"Total, all industries",Payroll employees,17527670,A
24-Nov,Canada,"Total, all industries",Job vacancy rate,2.9,A
24-Nov,Canada,"Agriculture, forestry, fishing and hunting [11]",Job vacancies,6220,C
24-Nov,Canada,"Agriculture, forestry, fishing and hunting [11]",Payroll employees,259530,A
24-Nov,Canada,"Agriculture, forestry, fishing and hunting [11]",Job vacancy rate,2.3,C
24-Nov,Canada,"Mining, quarrying, and oil and gas extraction [21]",Job vacancies,5295,C
24-Nov,Canada,"Mining, quarrying, and oil and gas extraction [21]",Payroll employees,212075,A
24-Nov,Canada,"Mining, quarrying, and oil and gas extraction [21]",Job vacancy rate,2.4,C
24-Nov,Canada,Utilities [22],Job vacancies,1425,D
24-Nov,Canada,Utilities [22],Payroll employees,133815,A
24-Nov,Canada,Utilities [22],Job vacancy rate,1.1,D
24-Nov,Canada,Construction [23],Job vacancies,39155,B
24-Nov,Canada,Construction [23],Payroll employees,1238250,A
24-Nov,Canada,Construction [23],Job vacancy rate,3.1,B
24-Nov,Canada,Manufacturing [31-33],Job vacancies,34525,B
24-Nov,Canada,Manufacturing [31-33],Payroll employees,1568480,A
24-Nov,Canada,Manufacturing [31-33],Job vacancy rate,2.2,B
24-Nov,Canada,Wholesale trade [41],Job vacancies,21660,B
24-Nov,Canada,Wholesale trade [41],Payroll employees,824780,A
24-Nov,Canada,Wholesale trade [41],Job vacancy rate,2.6,B
24-Nov,Canada,Retail trade [44-45],Job vacancies,55365,C
24-Nov,Canada,Retail trade [44-45],Payroll employees,2013140,A
24-Nov,Canada,Retail trade [44-45],Job vacancy rate,2.7,C
24-Nov,Canada,Transportation and warehousing [48-49],Job vacancies,31860,C
24-Nov,Canada,Transportation and warehousing [48-49],Payroll employees,851765,A
24-Nov,Canada,Transportation and warehousing [48-49],Job vacancy rate,3.6,C
24-Nov,Canada,Information and cultural industries [51],Job vacancies,5330,C
24-Nov,Canada,Information and cultural industries [51],Payroll employees,361345,A
24-Nov,Canada,Information and cultural industries [51],Job vacancy rate,1.5,C
24-Nov,Canada,Finance and insurance [52],Job vacancies,22190,C
24-Nov,Canada,Finance and insurance [52],Payroll employees,846775,A
24-Nov,Canada,Finance and insurance [52],Job vacancy rate,2.6,C
24-Nov,Canada,Real estate and rental and leasing [53],Job vacancies,5565,D
24-Nov,Canada,Real estate and rental and leasing [53],Payroll employees,295805,A
24-Nov,Canada,Real estate and rental and leasing [53],Job vacancy rate,1.8,C
24-Nov,Canada,"Professional, scientific and technical services [54]",Job vacancies,38030,B
24-Nov,Canada,"Professional, scientific and technical services [54]",Payroll employees,1223455,A
24-Nov,Canada,"Professional, scientific and technical services [54]",Job vacancy rate,3,B
24-Nov,Canada,Management of companies and enterprises [55],Job vacancies,2670,B
24-Nov,Canada,Management of companies and enterprises [55],Payroll employees,119650,A
24-Nov,Canada,Management of companies and enterprises [55],Job vacancy rate,2.2,B
24-Nov,Canada,"Administrative and support, waste management and remediation services [56]",Job vacancies,25715,C
24-Nov,Canada,"Administrative and support, waste management and remediation services [56]",Payroll employees,831265,A
24-Nov,Canada,"Administrative and support, waste management and remediation services [56]",Job vacancy rate,3,C
24-Nov,Canada,Educational services [61],Job vacancies,17140,B
24-Nov,Canada,Educational services [61],Payroll employees,1558475,A
24-Nov,Canada,Educational services [61],Job vacancy rate,1.1,B
24-Nov,Canada,Health care and social assistance [62],Job vacancies,113275,B
24-Nov,Canada,Health care and social assistance [62],Payroll employees,2405165,A
24-Nov,Canada,Health care and social assistance [62],Job vacancy rate,4.5,B
24-Nov,Canada,"Arts, entertainment and recreation [71]",Job vacancies,8155,C
24-Nov,Canada,"Arts, entertainment and recreation [71]",Payroll employees,326600,A
24-Nov,Canada,"Arts, entertainment and recreation [71]",Job vacancy rate,2.4,B
24-Nov,Canada,Accommodation and food services [72],Job vacancies,56710,B
24-Nov,Canada,Accommodation and food services [72],Payroll employees,1307615,A
24-Nov,Canada,Accommodation and food services [72],Job vacancy rate,4.2,B
24-Nov,Canada,Other services (except public administration) [81],Job vacancies,22400,B
24-Nov,Canada,Other services (except public administration) [81],Payroll employees,575110,A
24-Nov,Canada,Other services (except public administration) [81],Job vacancy rate,3.7,B
24-Nov,Canada,Public administration [91],Job vacancies,12495,C
24-Nov,Canada,Public administration [91],Payroll employees,574575,A
24-Nov,Canada,Public administration [91],Job vacancy rate,2.1,C
24-Dec,Canada,"Total, all industries",Job vacancies,440185,A
24-Dec,Canada,"Total, all industries",Payroll employees,17443220,A
24-Dec,Canada,"Total, all industries",Job vacancy rate,2.5,A
24-Dec,Canada,"Agriculture, forestry, fishing and hunting [11]",Job vacancies,6035,D
24-Dec,Canada,"Agriculture, forestry, fishing and hunting [11]",Payroll employees,233440,A
24-Dec,Canada,"Agriculture, forestry, fishing and hunting [11]",Job vacancy rate,2.5,C
24-Dec,Canada,"Mining, quarrying, and oil and gas extraction [21]",Job vacancies,3955,C
24-Dec,Canada,"Mining, quarrying, and oil and gas extraction [21]",Payroll employees,225915,A
24-Dec,Canada,"Mining, quarrying, and oil and gas extraction [21]",Job vacancy rate,1.7,C
24-Dec,Canada,Utilities [22],Job vacancies,2150,D
24-Dec,Canada,Utilities [22],Payroll employees,136105,A
24-Dec,Canada,Utilities [22],Job vacancy rate,1.6,D
24-Dec,Canada,Construction [23],Job vacancies,30215,B
24-Dec,Canada,Construction [23],Payroll employees,1219010,A
24-Dec,Canada,Construction [23],Job vacancy rate,2.4,B
24-Dec,Canada,Manufacturing [31-33],Job vacancies,29220,B
24-Dec,Canada,Manufacturing [31-33],Payroll employees,1557955,A
24-Dec,Canada,Manufacturing [31-33],Job vacancy rate,1.8,A
24-Dec,Canada,Wholesale trade [41],Job vacancies,18660,B
24-Dec,Canada,Wholesale trade [41],Payroll employees,825855,A
24-Dec,Canada,Wholesale trade [41],Job vacancy rate,2.2,B
24-Dec,Canada,Retail trade [44-45],Job vacancies,43570,C
24-Dec,Canada,Retail trade [44-45],Payroll employees,2001090,A
24-Dec,Canada,Retail trade [44-45],Job vacancy rate,2.1,C
24-Dec,Canada,Transportation and warehousing [48-49],Job vacancies,23550,C
24-Dec,Canada,Transportation and warehousing [48-49],Payroll employees,815620,A
24-Dec,Canada,Transportation and warehousing [48-49],Job vacancy rate,2.8,C
24-Dec,Canada,Information and cultural industries [51],Job vacancies,8090,D
24-Dec,Canada,Information and cultural industries [51],Payroll employees,360480,A
24-Dec,Canada,Information and cultural industries [51],Job vacancy rate,2.2,D
24-Dec,Canada,Finance and insurance [52],Job vacancies,17455,B
24-Dec,Canada,Finance and insurance [52],Payroll employees,848320,A
24-Dec,Canada,Finance and insurance [52],Job vacancy rate,2,B
24-Dec,Canada,Real estate and rental and leasing [53],Job vacancies,5800,C
24-Dec,Canada,Real estate and rental and leasing [53],Payroll employees,294620,A
24-Dec,Canada,Real estate and rental and leasing [53],Job vacancy rate,1.9,C
24-Dec,Canada,"Professional, scientific and technical services [54]",Job vacancies,30805,B
24-Dec,Canada,"Professional, scientific and technical services [54]",Payroll employees,1225325,A
24-Dec,Canada,"Professional, scientific and technical services [54]",Job vacancy rate,2.5,B
24-Dec,Canada,Management of companies and enterprises [55],Job vacancies,2205,D
24-Dec,Canada,Management of companies and enterprises [55],Payroll employees,119825,A
24-Dec,Canada,Management of companies and enterprises [55],Job vacancy rate,1.8,D
24-Dec,Canada,"Administrative and support, waste management and remediation services [56]",Job vacancies,18410,C
24-Dec,Canada,"Administrative and support, waste management and remediation services [56]",Payroll employees,824965,A
24-Dec,Canada,"Administrative and support, waste management and remediation services [56]",Job vacancy rate,2.2,C
24-Dec,Canada,Educational services [61],Job vacancies,21040,B
24-Dec,Canada,Educational services [61],Payroll employees,1583025,A
24-Dec,Canada,Educational services [61],Job vacancy rate,1.3,B
24-Dec,Canada,Health care and social assistance [62],Job vacancies,102285,A
24-Dec,Canada,Health care and social assistance [62],Payroll employees,2429980,A
24-Dec,Canada,Health care and social assistance [62],Job vacancy rate,4,A
24-Dec,Canada,"Arts, entertainment and recreation [71]",Job vacancies,6265,C
24-Dec,Canada,"Arts, entertainment and recreation [71]",Payroll employees,305005,A
24-Dec,Canada,"Arts, entertainment and recreation [71]",Job vacancy rate,2,C
24-Dec,Canada,Accommodation and food services [72],Job vacancies,40920,C
24-Dec,Canada,Accommodation and food services [72],Payroll employees,1290795,A
24-Dec,Canada,Accommodation and food services [72],Job vacancy rate,3.1,B
24-Dec,Canada,Other services (except public administration) [81],Job vacancies,19625,B
24-Dec,Canada,Other services (except public administration) [81],Payroll employees,572430,A
24-Dec,Canada,Other services (except public administration) [81],Job vacancy rate,3.3,B
24-Dec,Canada,Public administration [91],Job vacancies,9930,B
24-Dec,Canada,Public administration [91],Payroll employees,573460,A
24-Dec,Canada,Public administration [91],Job vacancy rate,1.7,B
25-Jan,Canada,"Total, all industries",Job vacancies,473755,A
25-Jan,Canada,"Total, all industries",Payroll employees,17521710,A
25-Jan,Canada,"Total, all industries",Job vacancy rate,2.6,A
25-Jan,Canada,"Agriculture, forestry, fishing and hunting [11]",Job vacancies,7770,C
25-Jan,Canada,"Agriculture, forestry, fishing and hunting [11]",Payroll employees,230345,A
25-Jan,Canada,"Agriculture, forestry, fishing and hunting [11]",Job vacancy rate,3.3,C
25-Jan,Canada,"Mining, quarrying, and oil and gas extraction [21]",Job vacancies,5455,C
25-Jan,Canada,"Mining, quarrying, and oil and gas extraction [21]",Payroll employees,214435,A
25-Jan,Canada,"Mining, quarrying, and oil and gas extraction [21]",Job vacancy rate,2.5,C
25-Jan,Canada,Utilities [22],Job vacancies,1375,D
25-Jan,Canada,Utilities [22],Payroll employees,135645,A
25-Jan,Canada,Utilities [22],Job vacancy rate,1,D
25-Jan,Canada,Construction [23],Job vacancies,32435,B
25-Jan,Canada,Construction [23],Payroll employees,1184355,A
25-Jan,Canada,Construction [23],Job vacancy rate,2.7,B
25-Jan,Canada,Manufacturing [31-33],Job vacancies,33500,B
25-Jan,Canada,Manufacturing [31-33],Payroll employees,1559860,A
25-Jan,Canada,Manufacturing [31-33],Job vacancy rate,2.1,B
25-Jan,Canada,Wholesale trade [41],Job vacancies,18655,B
25-Jan,Canada,Wholesale trade [41],Payroll employees,830790,A
25-Jan,Canada,Wholesale trade [41],Job vacancy rate,2.2,B
25-Jan,Canada,Retail trade [44-45],Job vacancies,33195,C
25-Jan,Canada,Retail trade [44-45],Payroll employees,2032580,A
25-Jan,Canada,Retail trade [44-45],Job vacancy rate,1.6,C
25-Jan,Canada,Transportation and warehousing [48-49],Job vacancies,23210,C
25-Jan,Canada,Transportation and warehousing [48-49],Payroll employees,872015,A
25-Jan,Canada,Transportation and warehousing [48-49],Job vacancy rate,2.6,C
25-Jan,Canada,Information and cultural industries [51],Job vacancies,7315,D
25-Jan,Canada,Information and cultural industries [51],Payroll employees,353715,A
25-Jan,Canada,Information and cultural industries [51],Job vacancy rate,2,D
25-Jan,Canada,Finance and insurance [52],Job vacancies,13950,C
25-Jan,Canada,Finance and insurance [52],Payroll employees,861215,A
25-Jan,Canada,Finance and insurance [52],Job vacancy rate,1.6,C
25-Jan,Canada,Real estate and rental and leasing [53],Job vacancies,7270,C
25-Jan,Canada,Real estate and rental and leasing [53],Payroll employees,299555,A
25-Jan,Canada,Real estate and rental and leasing [53],Job vacancy rate,2.4,C
25-Jan,Canada,"Professional, scientific and technical services [54]",Job vacancies,37255,B
25-Jan,Canada,"Professional, scientific and technical services [54]",Payroll employees,1237510,A
25-Jan,Canada,"Professional, scientific and technical services [54]",Job vacancy rate,2.9,B
25-Jan,Canada,Management of companies and enterprises [55],Job vacancies,2270,B
25-Jan,Canada,Management of companies and enterprises [55],Payroll employees,120490,A
25-Jan,Canada,Management of companies and enterprises [55],Job vacancy rate,1.8,B
25-Jan,Canada,"Administrative and support, waste management and remediation services [56]",Job vacancies,27915,B
25-Jan,Canada,"Administrative and support, waste management and remediation services [56]",Payroll employees,826185,A
25-Jan,Canada,"Administrative and support, waste management and remediation services [56]",Job vacancy rate,3.3,B
25-Jan,Canada,Educational services [61],Job vacancies,18535,B
25-Jan,Canada,Educational services [61],Payroll employees,1588200,A
25-Jan,Canada,Educational services [61],Job vacancy rate,1.2,B
25-Jan,Canada,Health care and social assistance [62],Job vacancies,116595,A
25-Jan,Canada,Health care and social assistance [62],Payroll employees,2437520,A
25-Jan,Canada,Health care and social assistance [62],Job vacancy rate,4.6,A
25-Jan,Canada,"Arts, entertainment and recreation [71]",Job vacancies,5225,B
25-Jan,Canada,"Arts, entertainment and recreation [71]",Payroll employees,297195,A
25-Jan,Canada,"Arts, entertainment and recreation [71]",Job vacancy rate,1.7,B
25-Jan,Canada,Accommodation and food services [72],Job vacancies,48160,B
25-Jan,Canada,Accommodation and food services [72],Payroll employees,1284410,A
25-Jan,Canada,Accommodation and food services [72],Job vacancy rate,3.6,B
25-Jan,Canada,Other services (except public administration) [81],Job vacancies,21705,B
25-Jan,Canada,Other services (except public administration) [81],Payroll employees,576365,A
25-Jan,Canada,Other services (except public administration) [81],Job vacancy rate,3.6,B
25-Jan,Canada,Public administration [91],Job vacancies,11980,B
25-Jan,Canada,Public administration [91],Payroll employees,579325,A
25-Jan,Canada,Public administration [91],Job vacancy rate,2,B
25-Feb,Canada,"Total, all industries",Job vacancies,473590,A
25-Feb,Canada,"Total, all industries",Payroll employees,17097160,A
25-Feb,Canada,"Total, all industries",Job vacancy rate,2.7,A
25-Feb,Canada,"Agriculture, forestry, fishing and hunting [11]",Job vacancies,5375,C
25-Feb,Canada,"Agriculture, forestry, fishing and hunting [11]",Payroll employees,202015,A
25-Feb,Canada,"Agriculture, forestry, fishing and hunting [11]",Job vacancy rate,2.6,C
25-Feb,Canada,"Mining, quarrying, and oil and gas extraction [21]",Job vacancies,4735,C
25-Feb,Canada,"Mining, quarrying, and oil and gas extraction [21]",Payroll employees,205055,A
25-Feb,Canada,"Mining, quarrying, and oil and gas extraction [21]",Job vacancy rate,2.3,C
25-Feb,Canada,Utilities [22],Job vacancies,1735,C
25-Feb,Canada,Utilities [22],Payroll employees,134100,A
25-Feb,Canada,Utilities [22],Job vacancy rate,1.3,C
25-Feb,Canada,Construction [23],Job vacancies,33350,B
25-Feb,Canada,Construction [23],Payroll employees,1070650,A
25-Feb,Canada,Construction [23],Job vacancy rate,3,B
25-Feb,Canada,Manufacturing [31-33],Job vacancies,33935,A
25-Feb,Canada,Manufacturing [31-33],Payroll employees,1534360,A
25-Feb,Canada,Manufacturing [31-33],Job vacancy rate,2.2,A
25-Feb,Canada,Wholesale trade [41],Job vacancies,22500,B
25-Feb,Canada,Wholesale trade [41],Payroll employees,816305,A
25-Feb,Canada,Wholesale trade [41],Job vacancy rate,2.7,B
25-Feb,Canada,Retail trade [44-45],Job vacancies,35585,C
25-Feb,Canada,Retail trade [44-45],Payroll employees,2005895,A
25-Feb,Canada,Retail trade [44-45],Job vacancy rate,1.7,C
25-Feb,Canada,Transportation and warehousing [48-49],Job vacancies,25785,C
25-Feb,Canada,Transportation and warehousing [48-49],Payroll employees,855795,A
25-Feb,Canada,Transportation and warehousing [48-49],Job vacancy rate,2.9,C
25-Feb,Canada,Information and cultural industries [51],Job vacancies,4715,C
25-Feb,Canada,Information and cultural industries [51],Payroll employees,349370,A
25-Feb,Canada,Information and cultural industries [51],Job vacancy rate,1.3,C
25-Feb,Canada,Finance and insurance [52],Job vacancies,23030,B
25-Feb,Canada,Finance and insurance [52],Payroll employees,855925,A
25-Feb,Canada,Finance and insurance [52],Job vacancy rate,2.6,B
25-Feb,Canada,Real estate and rental and leasing [53],Job vacancies,7185,C
25-Feb,Canada,Real estate and rental and leasing [53],Payroll employees,290365,A
25-Feb,Canada,Real estate and rental and leasing [53],Job vacancy rate,2.4,C
25-Feb,Canada,"Professional, scientific and technical services [54]",Job vacancies,39105,B
25-Feb,Canada,"Professional, scientific and technical services [54]",Payroll employees,1222240,A
25-Feb,Canada,"Professional, scientific and technical services [54]",Job vacancy rate,3.1,B
25-Feb,Canada,Management of companies and enterprises [55],Job vacancies,1985,C
25-Feb,Canada,Management of companies and enterprises [55],Payroll employees,119815,A
25-Feb,Canada,Management of companies and enterprises [55],Job vacancy rate,1.6,C
25-Feb,Canada,"Administrative and support, waste management and remediation services [56]",Job vacancies,27810,B
25-Feb,Canada,"Administrative and support, waste management and remediation services [56]",Payroll employees,799680,A
25-Feb,Canada,"Administrative and support, waste management and remediation services [56]",Job vacancy rate,3.4,B
25-Feb,Canada,Educational services [61],Job vacancies,14735,C
25-Feb,Canada,Educational services [61],Payroll employees,1533025,A
25-Feb,Canada,Educational services [61],Job vacancy rate,1,C
25-Feb,Canada,Health care and social assistance [62],Job vacancies,100265,A
25-Feb,Canada,Health care and social assistance [62],Payroll employees,2421945,A
25-Feb,Canada,Health care and social assistance [62],Job vacancy rate,4,A
25-Feb,Canada,"Arts, entertainment and recreation [71]",Job vacancies,8385,C
25-Feb,Canada,"Arts, entertainment and recreation [71]",Payroll employees,291205,A
25-Feb,Canada,"Arts, entertainment and recreation [71]",Job vacancy rate,2.8,B
25-Feb,Canada,Accommodation and food services [72],Job vacancies,45640,B
25-Feb,Canada,Accommodation and food services [72],Payroll employees,1253980,A
25-Feb,Canada,Accommodation and food services [72],Job vacancy rate,3.5,B
25-Feb,Canada,Other services (except public administration) [81],Job vacancies,22020,B
25-Feb,Canada,Other services (except public administration) [81],Payroll employees,563900,A
25-Feb,Canada,Other services (except public administration) [81],Job vacancy rate,3.8,B
25-Feb,Canada,Public administration [91],Job vacancies,15725,B
25-Feb,Canada,Public administration [91],Payroll employees,571535,A
25-Feb,Canada,Public administration [91],Job vacancy rate,2.7,B
25-Mar,Canada,"Total, all industries",Job vacancies,513445,A
25-Mar,Canada,"Total, all industries",Payroll employees,17045400,A
25-Mar,Canada,"Total, all industries",Job vacancy rate,2.9,A
25-Mar,Canada,"Agriculture, forestry, fishing and hunting [11]",Job vacancies,8110,C
25-Mar,Canada,"Agriculture, forestry, fishing and hunting [11]",Payroll employees,197550,A
25-Mar,Canada,"Agriculture, forestry, fishing and hunting [11]",Job vacancy rate,3.9,C
25-Mar,Canada,"Mining, quarrying, and oil and gas extraction [21]",Job vacancies,4415,C
25-Mar,Canada,"Mining, quarrying, and oil and gas extraction [21]",Payroll employees,222810,A
25-Mar,Canada,"Mining, quarrying, and oil and gas extraction [21]",Job vacancy rate,1.9,C
25-Mar,Canada,Utilities [22],Job vacancies,2545,E
25-Mar,Canada,Utilities [22],Payroll employees,135195,A
25-Mar,Canada,Utilities [22],Job vacancy rate,1.8,E
25-Mar,Canada,Construction [23],Job vacancies,43695,B
25-Mar,Canada,Construction [23],Payroll employees,1090925,A
25-Mar,Canada,Construction [23],Job vacancy rate,3.9,B
25-Mar,Canada,Manufacturing [31-33],Job vacancies,32950,A
25-Mar,Canada,Manufacturing [31-33],Payroll employees,1524990,A
25-Mar,Canada,Manufacturing [31-33],Job vacancy rate,2.1,A
25-Mar,Canada,Wholesale trade [41],Job vacancies,19860,B
25-Mar,Canada,Wholesale trade [41],Payroll employees,813405,A
25-Mar,Canada,Wholesale trade [41],Job vacancy rate,2.4,B
25-Mar,Canada,Retail trade [44-45],Job vacancies,46555,C
25-Mar,Canada,Retail trade [44-45],Payroll employees,1939235,A
25-Mar,Canada,Retail trade [44-45],Job vacancy rate,2.3,C
25-Mar,Canada,Transportation and warehousing [48-49],Job vacancies,24190,C
25-Mar,Canada,Transportation and warehousing [48-49],Payroll employees,849590,A
25-Mar,Canada,Transportation and warehousing [48-49],Job vacancy rate,2.8,C
25-Mar,Canada,Information and cultural industries [51],Job vacancies,7720,C
25-Mar,Canada,Information and cultural industries [51],Payroll employees,345980,A
25-Mar,Canada,Information and cultural industries [51],Job vacancy rate,2.2,C
25-Mar,Canada,Finance and insurance [52],Job vacancies,21155,C
25-Mar,Canada,Finance and insurance [52],Payroll employees,851945,A
25-Mar,Canada,Finance and insurance [52],Job vacancy rate,2.4,C
25-Mar,Canada,Real estate and rental and leasing [53],Job vacancies,6600,B
25-Mar,Canada,Real estate and rental and leasing [53],Payroll employees,288285,A
25-Mar,Canada,Real estate and rental and leasing [53],Job vacancy rate,2.2,B
25-Mar,Canada,"Professional, scientific and technical services [54]",Job vacancies,41355,B
25-Mar,Canada,"Professional, scientific and technical services [54]",Payroll employees,1222305,A
25-Mar,Canada,"Professional, scientific and technical services [54]",Job vacancy rate,3.3,B
25-Mar,Canada,Management of companies and enterprises [55],Job vacancies,1965,C
25-Mar,Canada,Management of companies and enterprises [55],Payroll employees,117125,A
25-Mar,Canada,Management of companies and enterprises [55],Job vacancy rate,1.6,C
25-Mar,Canada,"Administrative and support, waste management and remediation services [56]",Job vacancies,25710,B
25-Mar,Canada,"Administrative and support, waste management and remediation services [56]",Payroll employees,796065,A
25-Mar,Canada,"Administrative and support, waste management and remediation services [56]",Job vacancy rate,3.1,B
25-Mar,Canada,Educational services [61],Job vacancies,20380,B
25-Mar,Canada,Educational services [61],Payroll employees,1561345,A
25-Mar,Canada,Educational services [61],Job vacancy rate,1.3,B
25-Mar,Canada,Health care and social assistance [62],Job vacancies,103665,A
25-Mar,Canada,Health care and social assistance [62],Payroll employees,2435370,A
25-Mar,Canada,Health care and social assistance [62],Job vacancy rate,4.1,A
25-Mar,Canada,"Arts, entertainment and recreation [71]",Job vacancies,9915,B
25-Mar,Canada,"Arts, entertainment and recreation [71]",Payroll employees,290515,A
25-Mar,Canada,"Arts, entertainment and recreation [71]",Job vacancy rate,3.3,B
25-Mar,Canada,Accommodation and food services [72],Job vacancies,54485,B
25-Mar,Canada,Accommodation and food services [72],Payroll employees,1227075,A
25-Mar,Canada,Accommodation and food services [72],Job vacancy rate,4.3,B
25-Mar,Canada,Other services (except public administration) [81],Job vacancies,23615,B
25-Mar,Canada,Other services (except public administration) [81],Payroll employees,560750,A
25-Mar,Canada,Other services (except public administration) [81],Job vacancy rate,4,B
25-Mar,Canada,Public administration [91],Job vacancies,14555,B
25-Mar,Canada,Public administration [91],Payroll employees,574925,A
25-Mar,Canada,Public administration [91],Job vacancy rate,2.5,B
25-Apr,Canada,"Total, all industries",Job vacancies,559835,A
25-Apr,Canada,"Total, all industries",Payroll employees,17042065,A
25-Apr,Canada,"Total, all industries",Job vacancy rate,3.2,A
25-Apr,Canada,"Agriculture, forestry, fishing and hunting [11]",Job vacancies,9430,C
25-Apr,Canada,"Agriculture, forestry, fishing and hunting [11]",Payroll employees,202770,A
25-Apr,Canada,"Agriculture, forestry, fishing and hunting [11]",Job vacancy rate,4.4,C
25-Apr,Canada,"Mining, quarrying, and oil and gas extraction [21]",Job vacancies,5505,C
25-Apr,Canada,"Mining, quarrying, and oil and gas extraction [21]",Payroll employees,217275,A
25-Apr,Canada,"Mining, quarrying, and oil and gas extraction [21]",Job vacancy rate,2.5,C
25-Apr,Canada,Utilities [22],Job vacancies,2185,D
25-Apr,Canada,Utilities [22],Payroll employees,135140,A
25-Apr,Canada,Utilities [22],Job vacancy rate,1.6,D
25-Apr,Canada,Construction [23],Job vacancies,45465,B
25-Apr,Canada,Construction [23],Payroll employees,1100095,A
25-Apr,Canada,Construction [23],Job vacancy rate,4,B
25-Apr,Canada,Manufacturing [31-33],Job vacancies,38250,A
25-Apr,Canada,Manufacturing [31-33],Payroll employees,1522830,A
25-Apr,Canada,Manufacturing [31-33],Job vacancy rate,2.5,A
25-Apr,Canada,Wholesale trade [41],Job vacancies,18750,B
25-Apr,Canada,Wholesale trade [41],Payroll employees,809960,A
25-Apr,Canada,Wholesale trade [41],Job vacancy rate,2.3,B
25-Apr,Canada,Retail trade [44-45],Job vacancies,47245,B
25-Apr,Canada,Retail trade [44-45],Payroll employees,1936800,A
25-Apr,Canada,Retail trade [44-45],Job vacancy rate,2.4,B
25-Apr,Canada,Transportation and warehousing [48-49],Job vacancies,26685,C
25-Apr,Canada,Transportation and warehousing [48-49],Payroll employees,843575,A
25-Apr,Canada,Transportation and warehousing [48-49],Job vacancy rate,3.1,C
25-Apr,Canada,Information and cultural industries [51],Job vacancies,7865,D
25-Apr,Canada,Information and cultural industries [51],Payroll employees,342745,A
25-Apr,Canada,Information and cultural industries [51],Job vacancy rate,2.2,D
25-Apr,Canada,Finance and insurance [52],Job vacancies,17125,B
25-Apr,Canada,Finance and insurance [52],Payroll employees,846950,A
25-Apr,Canada,Finance and insurance [52],Job vacancy rate,2,B
25-Apr,Canada,Real estate and rental and leasing [53],Job vacancies,9250,C
25-Apr,Canada,Real estate and rental and leasing [53],Payroll employees,286835,A
25-Apr,Canada,Real estate and rental and leasing [53],Job vacancy rate,3.1,B
25-Apr,Canada,"Professional, scientific and technical services [54]",Job vacancies,40420,B
25-Apr,Canada,"Professional, scientific and technical services [54]",Payroll employees,1221515,A
25-Apr,Canada,"Professional, scientific and technical services [54]",Job vacancy rate,3.2,B
25-Apr,Canada,Management of companies and enterprises [55],Job vacancies,2205,B
25-Apr,Canada,Management of companies and enterprises [55],Payroll employees,117075,A
25-Apr,Canada,Management of companies and enterprises [55],Job vacancy rate,1.9,B
25-Apr,Canada,"Administrative and support, waste management and remediation services [56]",Job vacancies,39755,B
25-Apr,Canada,"Administrative and support, waste management and remediation services [56]",Payroll employees,808010,A
25-Apr,Canada,"Administrative and support, waste management and remediation services [56]",Job vacancy rate,4.7,B
25-Apr,Canada,Educational services [61],Job vacancies,18535,B
25-Apr,Canada,Educational services [61],Payroll employees,1568380,A
25-Apr,Canada,Educational services [61],Job vacancy rate,1.2,B
25-Apr,Canada,Health care and social assistance [62],Job vacancies,110640,A
25-Apr,Canada,Health care and social assistance [62],Payroll employees,2420125,A
25-Apr,Canada,Health care and social assistance [62],Job vacancy rate,4.4,A
25-Apr,Canada,"Arts, entertainment and recreation [71]",Job vacancies,13220,C
25-Apr,Canada,"Arts, entertainment and recreation [71]",Payroll employees,291890,A
25-Apr,Canada,"Arts, entertainment and recreation [71]",Job vacancy rate,4.3,C
25-Apr,Canada,Accommodation and food services [72],Job vacancies,65160,B
25-Apr,Canada,Accommodation and food services [72],Payroll employees,1232825,A
25-Apr,Canada,Accommodation and food services [72],Job vacancy rate,5,B
25-Apr,Canada,Other services (except public administration) [81],Job vacancies,27505,B
25-Apr,Canada,Other services (except public administration) [81],Payroll employees,563875,A
25-Apr,Canada,Other services (except public administration) [81],Job vacancy rate,4.7,B
25-Apr,Canada,Public administration [91],Job vacancies,14630,B
25-Apr,Canada,Public administration [91],Payroll employees,573395,A
25-Apr,Canada,Public administration [91],Job vacancy rate,2.5,B
25-May,Canada,"Total, all industries",Job vacancies,543630,A
25-May,Canada,"Total, all industries",Payroll employees,17176590,A
25-May,Canada,"Total, all industries",Job vacancy rate,3.1,A
25-May,Canada,"Agriculture, forestry, fishing and hunting [11]",Job vacancies,6890,C
25-May,Canada,"Agriculture, forestry, fishing and hunting [11]",Payroll employees,222800,A
25-May,Canada,"Agriculture, forestry, fishing and hunting [11]",Job vacancy rate,3,C
25-May,Canada,"Mining, quarrying, and oil and gas extraction [21]",Job vacancies,5100,C
25-May,Canada,"Mining, quarrying, and oil and gas extraction [21]",Payroll employees,208675,A
25-May,Canada,"Mining, quarrying, and oil and gas extraction [21]",Job vacancy rate,2.4,C
25-May,Canada,Utilities [22],Job vacancies,1890,C
25-May,Canada,Utilities [22],Payroll employees,133905,A
25-May,Canada,Utilities [22],Job vacancy rate,1.4,C
25-May,Canada,Construction [23],Job vacancies,41380,C
25-May,Canada,Construction [23],Payroll employees,1126610,A
25-May,Canada,Construction [23],Job vacancy rate,3.5,C
25-May,Canada,Manufacturing [31-33],Job vacancies,37520,A
25-May,Canada,Manufacturing [31-33],Payroll employees,1537825,A
25-May,Canada,Manufacturing [31-33],Job vacancy rate,2.4,A
25-May,Canada,Wholesale trade [41],Job vacancies,23450,B
25-May,Canada,Wholesale trade [41],Payroll employees,814415,A
25-May,Canada,Wholesale trade [41],Job vacancy rate,2.8,B
25-May,Canada,Retail trade [44-45],Job vacancies,52130,C
25-May,Canada,Retail trade [44-45],Payroll employees,1962980,A
25-May,Canada,Retail trade [44-45],Job vacancy rate,2.6,C
25-May,Canada,Transportation and warehousing [48-49],Job vacancies,25505,C
25-May,Canada,Transportation and warehousing [48-49],Payroll employees,844895,A
25-May,Canada,Transportation and warehousing [48-49],Job vacancy rate,2.9,C
25-May,Canada,Information and cultural industries [51],Job vacancies,5570,D
25-May,Canada,Information and cultural industries [51],Payroll employees,345550,A
25-May,Canada,Information and cultural industries [51],Job vacancy rate,1.6,C
25-May,Canada,Finance and insurance [52],Job vacancies,24365,B
25-May,Canada,Finance and insurance [52],Payroll employees,845090,A
25-May,Canada,Finance and insurance [52],Job vacancy rate,2.8,B
25-May,Canada,Real estate and rental and leasing [53],Job vacancies,7565,C
25-May,Canada,Real estate and rental and leasing [53],Payroll employees,285370,A
25-May,Canada,Real estate and rental and leasing [53],Job vacancy rate,2.6,C
25-May,Canada,"Professional, scientific and technical services [54]",Job vacancies,36515,B
25-May,Canada,"Professional, scientific and technical services [54]",Payroll employees,1224505,A
25-May,Canada,"Professional, scientific and technical services [54]",Job vacancy rate,2.9,B
25-May,Canada,Management of companies and enterprises [55],Job vacancies,2145,C
25-May,Canada,Management of companies and enterprises [55],Payroll employees,119115,A
25-May,Canada,Management of companies and enterprises [55],Job vacancy rate,1.8,C
25-May,Canada,"Administrative and support, waste management and remediation services [56]",Job vacancies,29225,B
25-May,Canada,"Administrative and support, waste management and remediation services [56]",Payroll employees,804740,A
25-May,Canada,"Administrative and support, waste management and remediation services [56]",Job vacancy rate,3.5,B
25-May,Canada,Educational services [61],Job vacancies,14675,C
25-May,Canada,Educational services [61],Payroll employees,1584395,A
25-May,Canada,Educational services [61],Job vacancy rate,0.9,C
25-May,Canada,Health care and social assistance [62],Job vacancies,100900,A
25-May,Canada,Health care and social assistance [62],Payroll employees,2430110,A
25-May,Canada,Health care and social assistance [62],Job vacancy rate,4,A
25-May,Canada,"Arts, entertainment and recreation [71]",Job vacancies,12270,C
25-May,Canada,"Arts, entertainment and recreation [71]",Payroll employees,304230,A
25-May,Canada,"Arts, entertainment and recreation [71]",Job vacancy rate,3.9,B
25-May,Canada,Accommodation and food services [72],Job vacancies,72130,B
25-May,Canada,Accommodation and food services [72],Payroll employees,1247295,A
25-May,Canada,Accommodation and food services [72],Job vacancy rate,5.5,B
25-May,Canada,Other services (except public administration) [81],Job vacancies,27820,B
25-May,Canada,Other services (except public administration) [81],Payroll employees,563945,A
25-May,Canada,Other services (except public administration) [81],Job vacancy rate,4.7,B
25-May,Canada,Public administration [91],Job vacancies,16595,B
25-May,Canada,Public administration [91],Payroll employees,570130,A
25-May,Canada,Public administration [91],Job vacancy rate,2.8,B
25-Jun,Canada,"Total, all industries",Job vacancies,522945,A
25-Jun,Canada,"Total, all industries",Payroll employees,17468915,A
25-Jun,Canada,"Total, all industries",Job vacancy rate,2.9,A
25-Jun,Canada,"Agriculture, forestry, fishing and hunting [11]",Job vacancies,8475,C
25-Jun,Canada,"Agriculture, forestry, fishing and hunting [11]",Payroll employees,254600,A
25-Jun,Canada,"Agriculture, forestry, fishing and hunting [11]",Job vacancy rate,3.2,C
25-Jun,Canada,"Mining, quarrying, and oil and gas extraction [21]",Job vacancies,3530,C
25-Jun,Canada,"Mining, quarrying, and oil and gas extraction [21]",Payroll employees,216720,A
25-Jun,Canada,"Mining, quarrying, and oil and gas extraction [21]",Job vacancy rate,1.6,C
25-Jun,Canada,Utilities [22],Job vacancies,2050,C
25-Jun,Canada,Utilities [22],Payroll employees,135570,A
25-Jun,Canada,Utilities [22],Job vacancy rate,1.5,C
25-Jun,Canada,Construction [23],Job vacancies,43345,B
25-Jun,Canada,Construction [23],Payroll employees,1197010,A
25-Jun,Canada,Construction [23],Job vacancy rate,3.5,B
25-Jun,Canada,Manufacturing [31-33],Job vacancies,36035,A
25-Jun,Canada,Manufacturing [31-33],Payroll employees,1557710,A
25-Jun,Canada,Manufacturing [31-33],Job vacancy rate,2.3,A
25-Jun,Canada,Wholesale trade [41],Job vacancies,20740,B
25-Jun,Canada,Wholesale trade [41],Payroll employees,822115,A
25-Jun,Canada,Wholesale trade [41],Job vacancy rate,2.5,B
25-Jun,Canada,Retail trade [44-45],Job vacancies,54260,C
25-Jun,Canada,Retail trade [44-45],Payroll employees,1975205,A
25-Jun,Canada,Retail trade [44-45],Job vacancy rate,2.7,B
25-Jun,Canada,Transportation and warehousing [48-49],Job vacancies,23765,C
25-Jun,Canada,Transportation and warehousing [48-49],Payroll employees,853040,A
25-Jun,Canada,Transportation and warehousing [48-49],Job vacancy rate,2.7,C
25-Jun,Canada,Information and cultural industries [51],Job vacancies,8585,C
25-Jun,Canada,Information and cultural industries [51],Payroll employees,350060,A
25-Jun,Canada,Information and cultural industries [51],Job vacancy rate,2.4,C
25-Jun,Canada,Finance and insurance [52],Job vacancies,20245,B
25-Jun,Canada,Finance and insurance [52],Payroll employees,852110,A
25-Jun,Canada,Finance and insurance [52],Job vacancy rate,2.3,B
25-Jun,Canada,Real estate and rental and leasing [53],Job vacancies,7395,C
25-Jun,Canada,Real estate and rental and leasing [53],Payroll employees,292865,A
25-Jun,Canada,Real estate and rental and leasing [53],Job vacancy rate,2.5,C
25-Jun,Canada,"Professional, scientific and technical services [54]",Job vacancies,34135,B
25-Jun,Canada,"Professional, scientific and technical services [54]",Payroll employees,1235990,A
25-Jun,Canada,"Professional, scientific and technical services [54]",Job vacancy rate,2.7,B
25-Jun,Canada,Management of companies and enterprises [55],Job vacancies,2150,D
25-Jun,Canada,Management of companies and enterprises [55],Payroll employees,118650,B
25-Jun,Canada,Management of companies and enterprises [55],Job vacancy rate,1.8,D
25-Jun,Canada,"Administrative and support, waste management and remediation services [56]",Job vacancies,25775,B
25-Jun,Canada,"Administrative and support, waste management and remediation services [56]",Payroll employees,823725,A
25-Jun,Canada,"Administrative and support, waste management and remediation services [56]",Job vacancy rate,3,B
25-Jun,Canada,Educational services [61],Job vacancies,20410,B
25-Jun,Canada,Educational services [61],Payroll employees,1530160,A
25-Jun,Canada,Educational services [61],Job vacancy rate,1.3,B
25-Jun,Canada,Health care and social assistance [62],Job vacancies,97625,A
25-Jun,Canada,Health care and social assistance [62],Payroll employees,2459860,A
25-Jun,Canada,Health care and social assistance [62],Job vacancy rate,3.8,A
25-Jun,Canada,"Arts, entertainment and recreation [71]",Job vacancies,8070,C
25-Jun,Canada,"Arts, entertainment and recreation [71]",Payroll employees,334125,A
25-Jun,Canada,"Arts, entertainment and recreation [71]",Job vacancy rate,2.4,C
25-Jun,Canada,Accommodation and food services [72],Job vacancies,68570,B
25-Jun,Canada,Accommodation and food services [72],Payroll employees,1295610,A
25-Jun,Canada,Accommodation and food services [72],Job vacancy rate,5,B
25-Jun,Canada,Other services (except public administration) [81],Job vacancies,25680,B
25-Jun,Canada,Other services (except public administration) [81],Payroll employees,573440,A
25-Jun,Canada,Other services (except public administration) [81],Job vacancy rate,4.3,B
25-Jun,Canada,Public administration [91],Job vacancies,12095,B
25-Jun,Canada,Public administration [91],Payroll employees,590340,A
25-Jun,Canada,Public administration [91],Job vacancy rate,2,B
25-Jul,Canada,"Total, all industries",Job vacancies,506080,A
25-Jul,Canada,"Total, all industries",Payroll employees,17677885,A
25-Jul,Canada,"Total, all industries",Job vacancy rate,2.8,A
25-Jul,Canada,"Agriculture, forestry, fishing and hunting [11]",Job vacancies,7045,D
25-Jul,Canada,"Agriculture, forestry, fishing and hunting [11]",Payroll employees,269830,A
25-Jul,Canada,"Agriculture, forestry, fishing and hunting [11]",Job vacancy rate,2.5,D
25-Jul,Canada,"Mining, quarrying, and oil and gas extraction [21]",Job vacancies,4110,B
25-Jul,Canada,"Mining, quarrying, and oil and gas extraction [21]",Payroll employees,221235,A
25-Jul,Canada,"Mining, quarrying, and oil and gas extraction [21]",Job vacancy rate,1.8,B
25-Jul,Canada,Utilities [22],Job vacancies,1800,C
25-Jul,Canada,Utilities [22],Payroll employees,136875,A
25-Jul,Canada,Utilities [22],Job vacancy rate,1.3,C
25-Jul,Canada,Construction [23],Job vacancies,39475,B
25-Jul,Canada,Construction [23],Payroll employees,1233745,A
25-Jul,Canada,Construction [23],Job vacancy rate,3.1,B
25-Jul,Canada,Manufacturing [31-33],Job vacancies,33610,B
25-Jul,Canada,Manufacturing [31-33],Payroll employees,1560455,A
25-Jul,Canada,Manufacturing [31-33],Job vacancy rate,2.1,B
25-Jul,Canada,Wholesale trade [41],Job vacancies,18780,B
25-Jul,Canada,Wholesale trade [41],Payroll employees,824875,A
25-Jul,Canada,Wholesale trade [41],Job vacancy rate,2.2,B
25-Jul,Canada,Retail trade [44-45],Job vacancies,57295,B
25-Jul,Canada,Retail trade [44-45],Payroll employees,1996700,A
25-Jul,Canada,Retail trade [44-45],Job vacancy rate,2.8,B
25-Jul,Canada,Transportation and warehousing [48-49],Job vacancies,29300,C
25-Jul,Canada,Transportation and warehousing [48-49],Payroll employees,866765,A
25-Jul,Canada,Transportation and warehousing [48-49],Job vacancy rate,3.3,C
25-Jul,Canada,Information and cultural industries [51],Job vacancies,8570,C
25-Jul,Canada,Information and cultural industries [51],Payroll employees,351620,A
25-Jul,Canada,Information and cultural industries [51],Job vacancy rate,2.4,C
25-Jul,Canada,Finance and insurance [52],Job vacancies,16665,C
25-Jul,Canada,Finance and insurance [52],Payroll employees,854545,A
25-Jul,Canada,Finance and insurance [52],Job vacancy rate,1.9,C
25-Jul,Canada,Real estate and rental and leasing [53],Job vacancies,8015,C
25-Jul,Canada,Real estate and rental and leasing [53],Payroll employees,299105,A
25-Jul,Canada,Real estate and rental and leasing [53],Job vacancy rate,2.6,C
25-Jul,Canada,"Professional, scientific and technical services [54]",Job vacancies,35730,B
25-Jul,Canada,"Professional, scientific and technical services [54]",Payroll employees,1242140,A
25-Jul,Canada,"Professional, scientific and technical services [54]",Job vacancy rate,2.8,B
25-Jul,Canada,Management of companies and enterprises [55],Job vacancies,1720,B
25-Jul,Canada,Management of companies and enterprises [55],Payroll employees,118835,A
25-Jul,Canada,Management of companies and enterprises [55],Job vacancy rate,1.4,B
25-Jul,Canada,"Administrative and support, waste management and remediation services [56]",Job vacancies,26880,B
25-Jul,Canada,"Administrative and support, waste management and remediation services [56]",Payroll employees,839430,A
25-Jul,Canada,"Administrative and support, waste management and remediation services [56]",Job vacancy rate,3.1,B
25-Jul,Canada,Educational services [61],Job vacancies,19010,B
25-Jul,Canada,Educational services [61],Payroll employees,1519465,A
25-Jul,Canada,Educational services [61],Job vacancy rate,1.2,B
25-Jul,Canada,Health care and social assistance [62],Job vacancies,97105,A
25-Jul,Canada,Health care and social assistance [62],Payroll employees,2457530,A
25-Jul,Canada,Health care and social assistance [62],Job vacancy rate,3.8,A
25-Jul,Canada,"Arts, entertainment and recreation [71]",Job vacancies,5175,B
25-Jul,Canada,"Arts, entertainment and recreation [71]",Payroll employees,358200,A
25-Jul,Canada,"Arts, entertainment and recreation [71]",Job vacancy rate,1.4,B
25-Jul,Canada,Accommodation and food services [72],Job vacancies,58790,B
25-Jul,Canada,Accommodation and food services [72],Payroll employees,1336295,A
25-Jul,Canada,Accommodation and food services [72],Job vacancy rate,4.2,B
25-Jul,Canada,Other services (except public administration) [81],Job vacancies,26195,B
25-Jul,Canada,Other services (except public administration) [81],Payroll employees,583325,A
25-Jul,Canada,Other services (except public administration) [81],Job vacancy rate,4.3,B
25-Jul,Canada,Public administration [91],Job vacancies,10805,B
25-Jul,Canada,Public administration [91],Payroll employees,606915,A
25-Jul,Canada,Public administration [91],Job vacancy rate,1.7,B
25-Aug,Canada,"Total, all industries",Job vacancies,502555,A
25-Aug,Canada,"Total, all industries",Payroll employees,17452570,A
25-Aug,Canada,"Total, all industries",Job vacancy rate,2.8,A
25-Aug,Canada,"Agriculture, forestry, fishing and hunting [11]",Job vacancies,7010,C
25-Aug,Canada,"Agriculture, forestry, fishing and hunting [11]",Payroll employees,278060,A
25-Aug,Canada,"Agriculture, forestry, fishing and hunting [11]",Job vacancy rate,2.5,B
25-Aug,Canada,"Mining, quarrying, and oil and gas extraction [21]",Job vacancies,4075,C
25-Aug,Canada,"Mining, quarrying, and oil and gas extraction [21]",Payroll employees,214495,A
25-Aug,Canada,"Mining, quarrying, and oil and gas extraction [21]",Job vacancy rate,1.9,C
25-Aug,Canada,Utilities [22],Job vacancies,,F
25-Aug,Canada,Utilities [22],Payroll employees,135535,A
25-Aug,Canada,Utilities [22],Job vacancy rate,,F
25-Aug,Canada,Construction [23],Job vacancies,41180,B
25-Aug,Canada,Construction [23],Payroll employees,1228775,A
25-Aug,Canada,Construction [23],Job vacancy rate,3.2,B
25-Aug,Canada,Manufacturing [31-33],Job vacancies,36035,B
25-Aug,Canada,Manufacturing [31-33],Payroll employees,1570965,A
25-Aug,Canada,Manufacturing [31-33],Job vacancy rate,2.2,B
25-Aug,Canada,Wholesale trade [41],Job vacancies,23345,B
25-Aug,Canada,Wholesale trade [41],Payroll employees,825240,A
25-Aug,Canada,Wholesale trade [41],Job vacancy rate,2.8,B
25-Aug,Canada,Retail trade [44-45],Job vacancies,51715,B
25-Aug,Canada,Retail trade [44-45],Payroll employees,2004190,A
25-Aug,Canada,Retail trade [44-45],Job vacancy rate,2.5,B
25-Aug,Canada,Transportation and warehousing [48-49],Job vacancies,23640,C
25-Aug,Canada,Transportation and warehousing [48-49],Payroll employees,853650,A
25-Aug,Canada,Transportation and warehousing [48-49],Job vacancy rate,2.7,C
25-Aug,Canada,Information and cultural industries [51],Job vacancies,6640,C
25-Aug,Canada,Information and cultural industries [51],Payroll employees,353625,A
25-Aug,Canada,Information and cultural industries [51],Job vacancy rate,1.8,C
25-Aug,Canada,Finance and insurance [52],Job vacancies,19640,B
25-Aug,Canada,Finance and insurance [52],Payroll employees,860030,A
25-Aug,Canada,Finance and insurance [52],Job vacancy rate,2.2,B
25-Aug,Canada,Real estate and rental and leasing [53],Job vacancies,6510,C
25-Aug,Canada,Real estate and rental and leasing [53],Payroll employees,301530,A
25-Aug,Canada,Real estate and rental and leasing [53],Job vacancy rate,2.1,C
25-Aug,Canada,"Professional, scientific and technical services [54]",Job vacancies,36180,B
25-Aug,Canada,"Professional, scientific and technical services [54]",Payroll employees,1244795,A
25-Aug,Canada,"Professional, scientific and technical services [54]",Job vacancy rate,2.8,B
25-Aug,Canada,Management of companies and enterprises [55],Job vacancies,1840,C
25-Aug,Canada,Management of companies and enterprises [55],Payroll employees,119700,A
25-Aug,Canada,Management of companies and enterprises [55],Job vacancy rate,1.5,B
25-Aug,Canada,"Administrative and support, waste management and remediation services [56]",Job vacancies,25690,B
25-Aug,Canada,"Administrative and support, waste management and remediation services [56]",Payroll employees,837445,A
25-Aug,Canada,"Administrative and support, waste management and remediation services [56]",Job vacancy rate,3,B
25-Aug,Canada,Educational services [61],Job vacancies,13700,C
25-Aug,Canada,Educational services [61],Payroll employees,1209280,A
25-Aug,Canada,Educational services [61],Job vacancy rate,1.1,C
25-Aug,Canada,Health care and social assistance [62],Job vacancies,97980,A
25-Aug,Canada,Health care and social assistance [62],Payroll employees,2474285,A
25-Aug,Canada,Health care and social assistance [62],Job vacancy rate,3.8,A
25-Aug,Canada,"Arts, entertainment and recreation [71]",Job vacancies,8850,C
25-Aug,Canada,"Arts, entertainment and recreation [71]",Payroll employees,378425,A
25-Aug,Canada,"Arts, entertainment and recreation [71]",Job vacancy rate,2.3,C
25-Aug,Canada,Accommodation and food services [72],Job vacancies,60250,B
25-Aug,Canada,Accommodation and food services [72],Payroll employees,1363635,A
25-Aug,Canada,Accommodation and food services [72],Job vacancy rate,4.2,B
25-Aug,Canada,Other services (except public administration) [81],Job vacancies,23605,B
25-Aug,Canada,Other services (except public administration) [81],Payroll employees,584300,A
25-Aug,Canada,Other services (except public administration) [81],Job vacancy rate,3.9,B
25-Aug,Canada,Public administration [91],Job vacancies,13285,C
25-Aug,Canada,Public administration [91],Payroll employees,614610,A
25-Aug,Canada,Public administration [91],Job vacancy rate,2.1,C
25-Sep,Canada,"Total, all industries",Job vacancies,516050,A
25-Sep,Canada,"Total, all industries",Payroll employees,17218455,A
25-Sep,Canada,"Total, all industries",Job vacancy rate,2.9,A
25-Sep,Canada,"Agriculture, forestry, fishing and hunting [11]",Job vacancies,9310,C
25-Sep,Canada,"Agriculture, forestry, fishing and hunting [11]",Payroll employees,276770,A
25-Sep,Canada,"Agriculture, forestry, fishing and hunting [11]",Job vacancy rate,3.3,C
25-Sep,Canada,"Mining, quarrying, and oil and gas extraction [21]",Job vacancies,3175,C
25-Sep,Canada,"Mining, quarrying, and oil and gas extraction [21]",Payroll employees,226035,A
25-Sep,Canada,"Mining, quarrying, and oil and gas extraction [21]",Job vacancy rate,1.4,C
25-Sep,Canada,Utilities [22],Job vacancies,1810,D
25-Sep,Canada,Utilities [22],Payroll employees,137505,A
25-Sep,Canada,Utilities [22],Job vacancy rate,1.3,C
25-Sep,Canada,Construction [23],Job vacancies,44815,B
25-Sep,Canada,Construction [23],Payroll employees,1236120,A
25-Sep,Canada,Construction [23],Job vacancy rate,3.5,B
25-Sep,Canada,Manufacturing [31-33],Job vacancies,36620,A
25-Sep,Canada,Manufacturing [31-33],Payroll employees,1550640,A
25-Sep,Canada,Manufacturing [31-33],Job vacancy rate,2.3,A
25-Sep,Canada,Wholesale trade [41],Job vacancies,21215,B
25-Sep,Canada,Wholesale trade [41],Payroll employees,822000,A
25-Sep,Canada,Wholesale trade [41],Job vacancy rate,2.5,B
25-Sep,Canada,Retail trade [44-45],Job vacancies,53875,C
25-Sep,Canada,Retail trade [44-45],Payroll employees,1976015,A
25-Sep,Canada,Retail trade [44-45],Job vacancy rate,2.7,C
25-Sep,Canada,Transportation and warehousing [48-49],Job vacancies,20950,C
25-Sep,Canada,Transportation and warehousing [48-49],Payroll employees,847545,A
25-Sep,Canada,Transportation and warehousing [48-49],Job vacancy rate,2.4,C
25-Sep,Canada,Information and cultural industries [51],Job vacancies,7780,C
25-Sep,Canada,Information and cultural industries [51],Payroll employees,349790,A
25-Sep,Canada,Information and cultural industries [51],Job vacancy rate,2.2,C
25-Sep,Canada,Finance and insurance [52],Job vacancies,17235,B
25-Sep,Canada,Finance and insurance [52],Payroll employees,858645,A
25-Sep,Canada,Finance and insurance [52],Job vacancy rate,2,B
25-Sep,Canada,Real estate and rental and leasing [53],Job vacancies,8835,B
25-Sep,Canada,Real estate and rental and leasing [53],Payroll employees,300895,A
25-Sep,Canada,Real estate and rental and leasing [53],Job vacancy rate,2.9,B
25-Sep,Canada,"Professional, scientific and technical services [54]",Job vacancies,35970,B
25-Sep,Canada,"Professional, scientific and technical services [54]",Payroll employees,1235305,A
25-Sep,Canada,"Professional, scientific and technical services [54]",Job vacancy rate,2.8,B
25-Sep,Canada,Management of companies and enterprises [55],Job vacancies,2185,D
25-Sep,Canada,Management of companies and enterprises [55],Payroll employees,118665,A
25-Sep,Canada,Management of companies and enterprises [55],Job vacancy rate,1.8,D
25-Sep,Canada,"Administrative and support, waste management and remediation services [56]",Job vacancies,25275,B
25-Sep,Canada,"Administrative and support, waste management and remediation services [56]",Payroll employees,837820,A
25-Sep,Canada,"Administrative and support, waste management and remediation services [56]",Job vacancy rate,2.9,B
25-Sep,Canada,Educational services [61],Job vacancies,15975,B
25-Sep,Canada,Educational services [61],Payroll employees,1048150,A
25-Sep,Canada,Educational services [61],Job vacancy rate,1.5,B
25-Sep,Canada,Health care and social assistance [62],Job vacancies,100030,A
25-Sep,Canada,Health care and social assistance [62],Payroll employees,2482015,A
25-Sep,Canada,Health care and social assistance [62],Job vacancy rate,3.9,A
25-Sep,Canada,"Arts, entertainment and recreation [71]",Job vacancies,8280,B
25-Sep,Canada,"Arts, entertainment and recreation [71]",Payroll employees,367385,A
25-Sep,Canada,"Arts, entertainment and recreation [71]",Job vacancy rate,2.2,B
25-Sep,Canada,Accommodation and food services [72],Job vacancies,65400,B
25-Sep,Canada,Accommodation and food services [72],Payroll employees,1350625,A
25-Sep,Canada,Accommodation and food services [72],Job vacancy rate,4.6,B
25-Sep,Canada,Other services (except public administration) [81],Job vacancies,26140,B
25-Sep,Canada,Other services (except public administration) [81],Payroll employees,580010,A
25-Sep,Canada,Other services (except public administration) [81],Job vacancy rate,4.3,B
25-Sep,Canada,Public administration [91],Job vacancies,11165,B
25-Sep,Canada,Public administration [91],Payroll employees,616530,A
25-Sep,Canada,Public administration [91],Job vacancy rate,1.8,B
25-Oct,Canada,"Total, all industries",Job vacancies,497580,A
25-Oct,Canada,"Total, all industries",Payroll employees,17572160,A
25-Oct,Canada,"Total, all industries",Job vacancy rate,2.8,A
25-Oct,Canada,"Agriculture, forestry, fishing and hunting [11]",Job vacancies,8225,C
25-Oct,Canada,"Agriculture, forestry, fishing and hunting [11]",Payroll employees,274420,A
25-Oct,Canada,"Agriculture, forestry, fishing and hunting [11]",Job vacancy rate,2.9,C
25-Oct,Canada,"Mining, quarrying, and oil and gas extraction [21]",Job vacancies,5190,D
25-Oct,Canada,"Mining, quarrying, and oil and gas extraction [21]",Payroll employees,221860,A
25-Oct,Canada,"Mining, quarrying, and oil and gas extraction [21]",Job vacancy rate,2.3,D
25-Oct,Canada,Utilities [22],Job vacancies,1760,D
25-Oct,Canada,Utilities [22],Payroll employees,138340,A
25-Oct,Canada,Utilities [22],Job vacancy rate,1.3,D
25-Oct,Canada,Construction [23],Job vacancies,37965,B
25-Oct,Canada,Construction [23],Payroll employees,1252805,A
25-Oct,Canada,Construction [23],Job vacancy rate,2.9,B
25-Oct,Canada,Manufacturing [31-33],Job vacancies,35050,B
25-Oct,Canada,Manufacturing [31-33],Payroll employees,1541375,A
25-Oct,Canada,Manufacturing [31-33],Job vacancy rate,2.2,B
25-Oct,Canada,Wholesale trade [41],Job vacancies,17635,B
25-Oct,Canada,Wholesale trade [41],Payroll employees,816275,A
25-Oct,Canada,Wholesale trade [41],Job vacancy rate,2.1,B
25-Oct,Canada,Retail trade [44-45],Job vacancies,54835,B
25-Oct,Canada,Retail trade [44-45],Payroll employees,1983950,A
25-Oct,Canada,Retail trade [44-45],Job vacancy rate,2.7,B
25-Oct,Canada,Transportation and warehousing [48-49],Job vacancies,26370,C
25-Oct,Canada,Transportation and warehousing [48-49],Payroll employees,866605,A
25-Oct,Canada,Transportation and warehousing [48-49],Job vacancy rate,3,C
25-Oct,Canada,Information and cultural industries [51],Job vacancies,6470,D
25-Oct,Canada,Information and cultural industries [51],Payroll employees,349530,A
25-Oct,Canada,Information and cultural industries [51],Job vacancy rate,1.8,D
25-Oct,Canada,Finance and insurance [52],Job vacancies,14460,C
25-Oct,Canada,Finance and insurance [52],Payroll employees,860090,A
25-Oct,Canada,Finance and insurance [52],Job vacancy rate,1.7,C
25-Oct,Canada,Real estate and rental and leasing [53],Job vacancies,6550,C
25-Oct,Canada,Real estate and rental and leasing [53],Payroll employees,296910,A
25-Oct,Canada,Real estate and rental and leasing [53],Job vacancy rate,2.2,C
25-Oct,Canada,"Professional, scientific and technical services [54]",Job vacancies,38610,B
25-Oct,Canada,"Professional, scientific and technical services [54]",Payroll employees,1227560,A
25-Oct,Canada,"Professional, scientific and technical services [54]",Job vacancy rate,3,B
25-Oct,Canada,Management of companies and enterprises [55],Job vacancies,1760,C
25-Oct,Canada,Management of companies and enterprises [55],Payroll employees,117510,A
25-Oct,Canada,Management of companies and enterprises [55],Job vacancy rate,1.5,C
25-Oct,Canada,"Administrative and support, waste management and remediation services [56]",Job vacancies,22925,B
25-Oct,Canada,"Administrative and support, waste management and remediation services [56]",Payroll employees,841940,A
25-Oct,Canada,"Administrative and support, waste management and remediation services [56]",Job vacancy rate,2.7,B
25-Oct,Canada,Educational services [61],Job vacancies,17475,B
25-Oct,Canada,Educational services [61],Payroll employees,1430075,A
25-Oct,Canada,Educational services [61],Job vacancy rate,1.2,B
25-Oct,Canada,Health care and social assistance [62],Job vacancies,106275,A
25-Oct,Canada,Health care and social assistance [62],Payroll employees,2474730,A
25-Oct,Canada,Health care and social assistance [62],Job vacancy rate,4.1,A
25-Oct,Canada,"Arts, entertainment and recreation [71]",Job vacancies,7395,C
25-Oct,Canada,"Arts, entertainment and recreation [71]",Payroll employees,355960,A
25-Oct,Canada,"Arts, entertainment and recreation [71]",Job vacancy rate,2,C
25-Oct,Canada,Accommodation and food services [72],Job vacancies,52190,B
25-Oct,Canada,Accommodation and food services [72],Payroll employees,1339975,A
25-Oct,Canada,Accommodation and food services [72],Job vacancy rate,3.7,B
25-Oct,Canada,Other services (except public administration) [81],Job vacancies,25320,B
25-Oct,Canada,Other services (except public administration) [81],Payroll employees,581970,A
25-Oct,Canada,Other services (except public administration) [81],Job vacancy rate,4.2,B
25-Oct,Canada,Public administration [91],Job vacancies,11125,B
25-Oct,Canada,Public administration [91],Payroll employees,600280,A
25-Oct,Canada,Public administration [91],Job vacancy rate,1.8,B
25-Nov,Canada,"Total, all industries",Job vacancies,471215,A
25-Nov,Canada,"Total, all industries",Payroll employees,17612620,A
25-Nov,Canada,"Total, all industries",Job vacancy rate,2.6,A
25-Nov,Canada,"Agriculture, forestry, fishing and hunting [11]",Job vacancies,6360,C
25-Nov,Canada,"Agriculture, forestry, fishing and hunting [11]",Payroll employees,265030,A
25-Nov,Canada,"Agriculture, forestry, fishing and hunting [11]",Job vacancy rate,2.3,C
25-Nov,Canada,"Mining, quarrying, and oil and gas extraction [21]",Job vacancies,4870,B
25-Nov,Canada,"Mining, quarrying, and oil and gas extraction [21]",Payroll employees,213865,A
25-Nov,Canada,"Mining, quarrying, and oil and gas extraction [21]",Job vacancy rate,2.2,B
25-Nov,Canada,Utilities [22],Job vacancies,1630,C
25-Nov,Canada,Utilities [22],Payroll employees,137060,A
25-Nov,Canada,Utilities [22],Job vacancy rate,1.2,C
25-Nov,Canada,Construction [23],Job vacancies,32270,B
25-Nov,Canada,Construction [23],Payroll employees,1241995,A
25-Nov,Canada,Construction [23],Job vacancy rate,2.5,B
25-Nov,Canada,Manufacturing [31-33],Job vacancies,33125,A
25-Nov,Canada,Manufacturing [31-33],Payroll employees,1544705,A
25-Nov,Canada,Manufacturing [31-33],Job vacancy rate,2.1,A
25-Nov,Canada,Wholesale trade [41],Job vacancies,21940,B
25-Nov,Canada,Wholesale trade [41],Payroll employees,815620,A
25-Nov,Canada,Wholesale trade [41],Job vacancy rate,2.6,B
25-Nov,Canada,Retail trade [44-45],Job vacancies,52900,C
25-Nov,Canada,Retail trade [44-45],Payroll employees,1993680,A
25-Nov,Canada,Retail trade [44-45],Job vacancy rate,2.6,B
25-Nov,Canada,Transportation and warehousing [48-49],Job vacancies,28115,C
25-Nov,Canada,Transportation and warehousing [48-49],Payroll employees,870255,A
25-Nov,Canada,Transportation and warehousing [48-49],Job vacancy rate,3.1,C
25-Nov,Canada,Information and cultural industries [51],Job vacancies,5530,C
25-Nov,Canada,Information and cultural industries [51],Payroll employees,354685,A
25-Nov,Canada,Information and cultural industries [51],Job vacancy rate,1.5,C
25-Nov,Canada,Finance and insurance [52],Job vacancies,22365,B
25-Nov,Canada,Finance and insurance [52],Payroll employees,864530,A
25-Nov,Canada,Finance and insurance [52],Job vacancy rate,2.5,B
25-Nov,Canada,Real estate and rental and leasing [53],Job vacancies,5775,C
25-Nov,Canada,Real estate and rental and leasing [53],Payroll employees,294940,A
25-Nov,Canada,Real estate and rental and leasing [53],Job vacancy rate,1.9,C
25-Nov,Canada,"Professional, scientific and technical services [54]",Job vacancies,36730,B
25-Nov,Canada,"Professional, scientific and technical services [54]",Payroll employees,1226585,A
25-Nov,Canada,"Professional, scientific and technical services [54]",Job vacancy rate,2.9,B
25-Nov,Canada,Management of companies and enterprises [55],Job vacancies,1815,D
25-Nov,Canada,Management of companies and enterprises [55],Payroll employees,119315,A
25-Nov,Canada,Management of companies and enterprises [55],Job vacancy rate,1.5,D
25-Nov,Canada,"Administrative and support, waste management and remediation services [56]",Job vacancies,21365,B
25-Nov,Canada,"Administrative and support, waste management and remediation services [56]",Payroll employees,829625,A
25-Nov,Canada,"Administrative and support, waste management and remediation services [56]",Job vacancy rate,2.5,B
25-Nov,Canada,Educational services [61],Job vacancies,13910,B
25-Nov,Canada,Educational services [61],Payroll employees,1539075,A
25-Nov,Canada,Educational services [61],Job vacancy rate,0.9,B
25-Nov,Canada,Health care and social assistance [62],Job vacancies,91945,B
25-Nov,Canada,Health care and social assistance [62],Payroll employees,2481920,A
25-Nov,Canada,Health care and social assistance [62],Job vacancy rate,3.6,B
25-Nov,Canada,"Arts, entertainment and recreation [71]",Job vacancies,7860,C
25-Nov,Canada,"Arts, entertainment and recreation [71]",Payroll employees,335065,A
25-Nov,Canada,"Arts, entertainment and recreation [71]",Job vacancy rate,2.3,C
25-Nov,Canada,Accommodation and food services [72],Job vacancies,48860,B
25-Nov,Canada,Accommodation and food services [72],Payroll employees,1312035,A
25-Nov,Canada,Accommodation and food services [72],Job vacancy rate,3.6,B
25-Nov,Canada,Other services (except public administration) [81],Job vacancies,20870,B
25-Nov,Canada,Other services (except public administration) [81],Payroll employees,579095,A
25-Nov,Canada,Other services (except public administration) [81],Job vacancy rate,3.5,B
25-Nov,Canada,Public administration [91],Job vacancies,12980,C
25-Nov,Canada,Public administration [91],Payroll employees,593545,A
25-Nov,Canada,Public administration [91],Job vacancy rate,2.1,C
25-Dec,Canada,"Total, all industries",Job vacancies,422025,A
25-Dec,Canada,"Total, all industries",Payroll employees,17519440,A
25-Dec,Canada,"Total, all industries",Job vacancy rate,2.4,A
25-Dec,Canada,"Agriculture, forestry, fishing and hunting [11]",Job vacancies,4345,C
25-Dec,Canada,"Agriculture, forestry, fishing and hunting [11]",Payroll employees,233300,A
25-Dec,Canada,"Agriculture, forestry, fishing and hunting [11]",Job vacancy rate,1.8,C
25-Dec,Canada,"Mining, quarrying, and oil and gas extraction [21]",Job vacancies,3260,C
25-Dec,Canada,"Mining, quarrying, and oil and gas extraction [21]",Payroll employees,223740,A
25-Dec,Canada,"Mining, quarrying, and oil and gas extraction [21]",Job vacancy rate,1.4,C
25-Dec,Canada,Utilities [22],Job vacancies,1840,C
25-Dec,Canada,Utilities [22],Payroll employees,137985,A
25-Dec,Canada,Utilities [22],Job vacancy rate,1.3,C
25-Dec,Canada,Construction [23],Job vacancies,28700,B
25-Dec,Canada,Construction [23],Payroll employees,1221645,A
25-Dec,Canada,Construction [23],Job vacancy rate,2.3,B
25-Dec,Canada,Manufacturing [31-33],Job vacancies,30535,B
25-Dec,Canada,Manufacturing [31-33],Payroll employees,1528905,A
25-Dec,Canada,Manufacturing [31-33],Job vacancy rate,2,B
25-Dec,Canada,Wholesale trade [41],Job vacancies,17835,B
25-Dec,Canada,Wholesale trade [41],Payroll employees,815170,A
25-Dec,Canada,Wholesale trade [41],Job vacancy rate,2.1,B
25-Dec,Canada,Retail trade [44-45],Job vacancies,37315,C
25-Dec,Canada,Retail trade [44-45],Payroll employees,1986435,A
25-Dec,Canada,Retail trade [44-45],Job vacancy rate,1.8,C
25-Dec,Canada,Transportation and warehousing [48-49],Job vacancies,22340,D
25-Dec,Canada,Transportation and warehousing [48-49],Payroll employees,871180,A
25-Dec,Canada,Transportation and warehousing [48-49],Job vacancy rate,2.5,D
25-Dec,Canada,Information and cultural industries [51],Job vacancies,7555,D
25-Dec,Canada,Information and cultural industries [51],Payroll employees,349660,A
25-Dec,Canada,Information and cultural industries [51],Job vacancy rate,2.1,D
25-Dec,Canada,Finance and insurance [52],Job vacancies,16995,B
25-Dec,Canada,Finance and insurance [52],Payroll employees,859035,A
25-Dec,Canada,Finance and insurance [52],Job vacancy rate,1.9,B
25-Dec,Canada,Real estate and rental and leasing [53],Job vacancies,5425,C
25-Dec,Canada,Real estate and rental and leasing [53],Payroll employees,294745,A
25-Dec,Canada,Real estate and rental and leasing [53],Job vacancy rate,1.8,C
25-Dec,Canada,"Professional, scientific and technical services [54]",Job vacancies,32060,B
25-Dec,Canada,"Professional, scientific and technical services [54]",Payroll employees,1230140,A
25-Dec,Canada,"Professional, scientific and technical services [54]",Job vacancy rate,2.5,B
25-Dec,Canada,Management of companies and enterprises [55],Job vacancies,2210,D
25-Dec,Canada,Management of companies and enterprises [55],Payroll employees,116300,B
25-Dec,Canada,Management of companies and enterprises [55],Job vacancy rate,1.9,D
25-Dec,Canada,"Administrative and support, waste management and remediation services [56]",Job vacancies,18090,B
25-Dec,Canada,"Administrative and support, waste management and remediation services [56]",Payroll employees,826330,A
25-Dec,Canada,"Administrative and support, waste management and remediation services [56]",Job vacancy rate,2.1,B
25-Dec,Canada,Educational services [61],Job vacancies,20550,B
25-Dec,Canada,Educational services [61],Payroll employees,1557265,A
25-Dec,Canada,Educational services [61],Job vacancy rate,1.3,B
25-Dec,Canada,Health care and social assistance [62],Job vacancies,90805,A
25-Dec,Canada,Health care and social assistance [62],Payroll employees,2501665,A
25-Dec,Canada,Health care and social assistance [62],Job vacancy rate,3.5,A
25-Dec,Canada,"Arts, entertainment and recreation [71]",Job vacancies,5855,D
25-Dec,Canada,"Arts, entertainment and recreation [71]",Payroll employees,307375,A
25-Dec,Canada,"Arts, entertainment and recreation [71]",Job vacancy rate,1.9,D
25-Dec,Canada,Accommodation and food services [72],Job vacancies,46435,B
25-Dec,Canada,Accommodation and food services [72],Payroll employees,1280635,A
25-Dec,Canada,Accommodation and food services [72],Job vacancy rate,3.5,B
25-Dec,Canada,Other services (except public administration) [81],Job vacancies,19430,B
25-Dec,Canada,Other services (except public administration) [81],Payroll employees,582015,A
25-Dec,Canada,Other services (except public administration) [81],Job vacancy rate,3.2,B
25-Dec,Canada,Public administration [91],Job vacancies,10440,B
25-Dec,Canada,Public administration [91],Payroll employees,595920,A
25-Dec,Canada,Public administration [91],Job vacancy rate,1.7,B
26-Jan,Canada,"Total, all industries",Job vacancies,452160,A
26-Jan,Canada,"Total, all industries",Payroll employees,17569205,A
26-Jan,Canada,"Total, all industries",Job vacancy rate,2.5,A
26-Jan,Canada,"Agriculture, forestry, fishing and hunting [11]",Job vacancies,5645,C
26-Jan,Canada,"Agriculture, forestry, fishing and hunting [11]",Payroll employees,227865,A
26-Jan,Canada,"Agriculture, forestry, fishing and hunting [11]",Job vacancy rate,2.4,C
26-Jan,Canada,"Mining, quarrying, and oil and gas extraction [21]",Job vacancies,4535,C
26-Jan,Canada,"Mining, quarrying, and oil and gas extraction [21]",Payroll employees,222750,A
26-Jan,Canada,"Mining, quarrying, and oil and gas extraction [21]",Job vacancy rate,2,C
26-Jan,Canada,Utilities [22],Job vacancies,1785,E
26-Jan,Canada,Utilities [22],Payroll employees,137965,A
26-Jan,Canada,Utilities [22],Job vacancy rate,1.3,E
26-Jan,Canada,Construction [23],Job vacancies,28735,B
26-Jan,Canada,Construction [23],Payroll employees,1187075,A
26-Jan,Canada,Construction [23],Job vacancy rate,2.4,B
26-Jan,Canada,Manufacturing [31-33],Job vacancies,34070,B
26-Jan,Canada,Manufacturing [31-33],Payroll employees,1526620,A
26-Jan,Canada,Manufacturing [31-33],Job vacancy rate,2.2,B
26-Jan,Canada,Wholesale trade [41],Job vacancies,16900,B
26-Jan,Canada,Wholesale trade [41],Payroll employees,812710,A
26-Jan,Canada,Wholesale trade [41],Job vacancy rate,2,B
26-Jan,Canada,Retail trade [44-45],Job vacancies,36955,C
26-Jan,Canada,Retail trade [44-45],Payroll employees,2017180,A
26-Jan,Canada,Retail trade [44-45],Job vacancy rate,1.8,C
26-Jan,Canada,Transportation and warehousing [48-49],Job vacancies,28135,C
26-Jan,Canada,Transportation and warehousing [48-49],Payroll employees,901370,A
26-Jan,Canada,Transportation and warehousing [48-49],Job vacancy rate,3,C
26-Jan,Canada,Information and cultural industries [51],Job vacancies,6925,D
26-Jan,Canada,Information and cultural industries [51],Payroll employees,345825,A
26-Jan,Canada,Information and cultural industries [51],Job vacancy rate,2,D
26-Jan,Canada,Finance and insurance [52],Job vacancies,14185,C
26-Jan,Canada,Finance and insurance [52],Payroll employees,866135,A
26-Jan,Canada,Finance and insurance [52],Job vacancy rate,1.6,C
26-Jan,Canada,Real estate and rental and leasing [53],Job vacancies,6505,C
26-Jan,Canada,Real estate and rental and leasing [53],Payroll employees,300925,A
26-Jan,Canada,Real estate and rental and leasing [53],Job vacancy rate,2.1,C
26-Jan,Canada,"Professional, scientific and technical services [54]",Job vacancies,36860,B
26-Jan,Canada,"Professional, scientific and technical services [54]",Payroll employees,1231580,A
26-Jan,Canada,"Professional, scientific and technical services [54]",Job vacancy rate,2.9,B
26-Jan,Canada,Management of companies and enterprises [55],Job vacancies,2205,B
26-Jan,Canada,Management of companies and enterprises [55],Payroll employees,117795,A
26-Jan,Canada,Management of companies and enterprises [55],Job vacancy rate,1.8,B
26-Jan,Canada,"Administrative and support, waste management and remediation services [56]",Job vacancies,25250,B
26-Jan,Canada,"Administrative and support, waste management and remediation services [56]",Payroll employees,828005,A
26-Jan,Canada,"Administrative and support, waste management and remediation services [56]",Job vacancy rate,3,B
26-Jan,Canada,Educational services [61],Job vacancies,18825,B
26-Jan,Canada,Educational services [61],Payroll employees,1570905,A
26-Jan,Canada,Educational services [61],Job vacancy rate,1.2,B
26-Jan,Canada,Health care and social assistance [62],Job vacancies,100380,A
26-Jan,Canada,Health care and social assistance [62],Payroll employees,2506065,A
26-Jan,Canada,Health care and social assistance [62],Job vacancy rate,3.9,A
26-Jan,Canada,"Arts, entertainment and recreation [71]",Job vacancies,5150,C
26-Jan,Canada,"Arts, entertainment and recreation [71]",Payroll employees,304480,A
26-Jan,Canada,"Arts, entertainment and recreation [71]",Job vacancy rate,1.7,C
26-Jan,Canada,Accommodation and food services [72],Job vacancies,48110,B
26-Jan,Canada,Accommodation and food services [72],Payroll employees,1278315,A
26-Jan,Canada,Accommodation and food services [72],Job vacancy rate,3.6,B
26-Jan,Canada,Other services (except public administration) [81],Job vacancies,19640,B
26-Jan,Canada,Other services (except public administration) [81],Payroll employees,583830,A
26-Jan,Canada,Other services (except public administration) [81],Job vacancy rate,3.3,B
26-Jan,Canada,Public administration [91],Job vacancies,11370,B
26-Jan,Canada,Public administration [91],Payroll employees,601805,A
26-Jan,Canada,Public administration [91],Job vacancy rate,1.9,B
26-Feb,Canada,"Total, all industries",Job vacancies,467145,A
26-Feb,Canada,"Total, all industries",Payroll employees,17191675,A
26-Feb,Canada,"Total, all industries",Job vacancy rate,2.6,A
26-Feb,Canada,"Agriculture, forestry, fishing and hunting [11]",Job vacancies,6120,C
26-Feb,Canada,"Agriculture, forestry, fishing and hunting [11]",Payroll employees,201425,A
26-Feb,Canada,"Agriculture, forestry, fishing and hunting [11]",Job vacancy rate,2.9,C
26-Feb,Canada,"Mining, quarrying, and oil and gas extraction [21]",Job vacancies,5050,C
26-Feb,Canada,"Mining, quarrying, and oil and gas extraction [21]",Payroll employees,214005,A
26-Feb,Canada,"Mining, quarrying, and oil and gas extraction [21]",Job vacancy rate,2.3,C
26-Feb,Canada,Utilities [22],Job vacancies,1845,C
26-Feb,Canada,Utilities [22],Payroll employees,134975,A
26-Feb,Canada,Utilities [22],Job vacancy rate,1.3,C
26-Feb,Canada,Construction [23],Job vacancies,31055,B
26-Feb,Canada,Construction [23],Payroll employees,1092875,A
26-Feb,Canada,Construction [23],Job vacancy rate,2.8,B
26-Feb,Canada,Manufacturing [31-33],Job vacancies,35695,A
26-Feb,Canada,Manufacturing [31-33],Payroll employees,1504880,A
26-Feb,Canada,Manufacturing [31-33],Job vacancy rate,2.3,A
26-Feb,Canada,Wholesale trade [41],Job vacancies,23405,B
26-Feb,Canada,Wholesale trade [41],Payroll employees,807040,A
26-Feb,Canada,Wholesale trade [41],Job vacancy rate,2.8,B
26-Feb,Canada,Retail trade [44-45],Job vacancies,44285,C
26-Feb,Canada,Retail trade [44-45],Payroll employees,1981060,A
26-Feb,Canada,Retail trade [44-45],Job vacancy rate,2.2,C
26-Feb,Canada,Transportation and warehousing [48-49],Job vacancies,28515,C
26-Feb,Canada,Transportation and warehousing [48-49],Payroll employees,881650,A
26-Feb,Canada,Transportation and warehousing [48-49],Job vacancy rate,3.1,C
26-Feb,Canada,Information and cultural industries [51],Job vacancies,5850,D
26-Feb,Canada,Information and cultural industries [51],Payroll employees,345820,A
26-Feb,Canada,Information and cultural industries [51],Job vacancy rate,1.7,D
26-Feb,Canada,Finance and insurance [52],Job vacancies,24935,B
26-Feb,Canada,Finance and insurance [52],Payroll employees,865715,A
26-Feb,Canada,Finance and insurance [52],Job vacancy rate,2.8,B
26-Feb,Canada,Real estate and rental and leasing [53],Job vacancies,5750,C
26-Feb,Canada,Real estate and rental and leasing [53],Payroll employees,287385,A
26-Feb,Canada,Real estate and rental and leasing [53],Job vacancy rate,2,C
26-Feb,Canada,"Professional, scientific and technical services [54]",Job vacancies,39025,B
26-Feb,Canada,"Professional, scientific and technical services [54]",Payroll employees,1225245,A
26-Feb,Canada,"Professional, scientific and technical services [54]",Job vacancy rate,3.1,B
26-Feb,Canada,Management of companies and enterprises [55],Job vacancies,1750,C
26-Feb,Canada,Management of companies and enterprises [55],Payroll employees,119730,A
26-Feb,Canada,Management of companies and enterprises [55],Job vacancy rate,1.4,B
26-Feb,Canada,"Administrative and support, waste management and remediation services [56]",Job vacancies,23090,B
26-Feb,Canada,"Administrative and support, waste management and remediation services [56]",Payroll employees,802530,A
26-Feb,Canada,"Administrative and support, waste management and remediation services [56]",Job vacancy rate,2.8,B
26-Feb,Canada,Educational services [61],Job vacancies,12720,B
26-Feb,Canada,Educational services [61],Payroll employees,1524540,A
26-Feb,Canada,Educational services [61],Job vacancy rate,0.8,B
26-Feb,Canada,Health care and social assistance [62],Job vacancies,86200,A
26-Feb,Canada,Health care and social assistance [62],Payroll employees,2484515,A
26-Feb,Canada,Health care and social assistance [62],Job vacancy rate,3.4,A
26-Feb,Canada,"Arts, entertainment and recreation [71]",Job vacancies,7655,B
26-Feb,Canada,"Arts, entertainment and recreation [71]",Payroll employees,301890,A
26-Feb,Canada,"Arts, entertainment and recreation [71]",Job vacancy rate,2.5,B
26-Feb,Canada,Accommodation and food services [72],Job vacancies,45740,B
26-Feb,Canada,Accommodation and food services [72],Payroll employees,1252200,A
26-Feb,Canada,Accommodation and food services [72],Job vacancy rate,3.5,B
26-Feb,Canada,Other services (except public administration) [81],Job vacancies,24510,B
26-Feb,Canada,Other services (except public administration) [81],Payroll employees,571645,A
26-Feb,Canada,Other services (except public administration) [81],Job vacancy rate,4.1,B
26-Feb,Canada,Public administration [91],Job vacancies,13940,B
26-Feb,Canada,Public administration [91],Payroll employees,592545,A
26-Feb,Canada,Public administration [91],Job vacancy rate,2.3,B
26-Mar,Canada,"Total, all industries",Job vacancies,492870,A
26-Mar,Canada,"Total, all industries",Payroll employees,17145850,A
26-Mar,Canada,"Total, all industries",Job vacancy rate,2.8,A
26-Mar,Canada,"Agriculture, forestry, fishing and hunting [11]",Job vacancies,7590,C
26-Mar,Canada,"Agriculture, forestry, fishing and hunting [11]",Payroll employees,199360,A
26-Mar,Canada,"Agriculture, forestry, fishing and hunting [11]",Job vacancy rate,3.7,C
26-Mar,Canada,"Mining, quarrying, and oil and gas extraction [21]",Job vacancies,4830,C
26-Mar,Canada,"Mining, quarrying, and oil and gas extraction [21]",Payroll employees,224290,A
26-Mar,Canada,"Mining, quarrying, and oil and gas extraction [21]",Job vacancy rate,2.1,C
26-Mar,Canada,Utilities [22],Job vacancies,2455,C
26-Mar,Canada,Utilities [22],Payroll employees,135495,A
26-Mar,Canada,Utilities [22],Job vacancy rate,1.8,C
26-Mar,Canada,Construction [23],Job vacancies,35425,B
26-Mar,Canada,Construction [23],Payroll employees,1107740,A
26-Mar,Canada,Construction [23],Job vacancy rate,3.1,B
26-Mar,Canada,Manufacturing [31-33],Job vacancies,38700,A
26-Mar,Canada,Manufacturing [31-33],Payroll employees,1504440,A
26-Mar,Canada,Manufacturing [31-33],Job vacancy rate,2.5,A
26-Mar,Canada,Wholesale trade [41],Job vacancies,21805,B
26-Mar,Canada,Wholesale trade [41],Payroll employees,801250,A
26-Mar,Canada,Wholesale trade [41],Job vacancy rate,2.6,B
26-Mar,Canada,Retail trade [44-45],Job vacancies,46940,C
26-Mar,Canada,Retail trade [44-45],Payroll employees,1921640,A
26-Mar,Canada,Retail trade [44-45],Job vacancy rate,2.4,C
26-Mar,Canada,Transportation and warehousing [48-49],Job vacancies,23900,D
26-Mar,Canada,Transportation and warehousing [48-49],Payroll employees,863730,A
26-Mar,Canada,Transportation and warehousing [48-49],Job vacancy rate,2.7,D
26-Mar,Canada,Information and cultural industries [51],Job vacancies,7405,D
26-Mar,Canada,Information and cultural industries [51],Payroll employees,343915,A
26-Mar,Canada,Information and cultural industries [51],Job vacancy rate,2.1,D
26-Mar,Canada,Finance and insurance [52],Job vacancies,20015,B
26-Mar,Canada,Finance and insurance [52],Payroll employees,863550,A
26-Mar,Canada,Finance and insurance [52],Job vacancy rate,2.3,B
26-Mar,Canada,Real estate and rental and leasing [53],Job vacancies,6480,B
26-Mar,Canada,Real estate and rental and leasing [53],Payroll employees,286380,A
26-Mar,Canada,Real estate and rental and leasing [53],Job vacancy rate,2.2,B
26-Mar,Canada,"Professional, scientific and technical services [54]",Job vacancies,38005,B
26-Mar,Canada,"Professional, scientific and technical services [54]",Payroll employees,1221605,A
26-Mar,Canada,"Professional, scientific and technical services [54]",Job vacancy rate,3,B
26-Mar,Canada,Management of companies and enterprises [55],Job vacancies,1985,D
26-Mar,Canada,Management of companies and enterprises [55],Payroll employees,118655,A
26-Mar,Canada,Management of companies and enterprises [55],Job vacancy rate,1.6,D
26-Mar,Canada,"Administrative and support, waste management and remediation services [56]",Job vacancies,25925,B
26-Mar,Canada,"Administrative and support, waste management and remediation services [56]",Payroll employees,787800,A
26-Mar,Canada,"Administrative and support, waste management and remediation services [56]",Job vacancy rate,3.2,B
26-Mar,Canada,Educational services [61],Job vacancies,18545,B
26-Mar,Canada,Educational services [61],Payroll employees,1570405,A
26-Mar,Canada,Educational services [61],Job vacancy rate,1.2,B
26-Mar,Canada,Health care and social assistance [62],Job vacancies,92430,A
26-Mar,Canada,Health care and social assistance [62],Payroll employees,2506210,A
26-Mar,Canada,Health care and social assistance [62],Job vacancy rate,3.6,A
26-Mar,Canada,"Arts, entertainment and recreation [71]",Job vacancies,8670,B
26-Mar,Canada,"Arts, entertainment and recreation [71]",Payroll employees,297280,A
26-Mar,Canada,"Arts, entertainment and recreation [71]",Job vacancy rate,2.8,B
26-Mar,Canada,Accommodation and food services [72],Job vacancies,56045,B
26-Mar,Canada,Accommodation and food services [72],Payroll employees,1227555,A
26-Mar,Canada,Accommodation and food services [72],Job vacancy rate,4.4,B
26-Mar,Canada,Other services (except public administration) [81],Job vacancies,21365,B
26-Mar,Canada,Other services (except public administration) [81],Payroll employees,568730,A
26-Mar,Canada,Other services (except public administration) [81],Job vacancy rate,3.6,B
26-Mar,Canada,Public administration [91],Job vacancies,14355,B
26-Mar,Canada,Public administration [91],Payroll employees,595820,A
26-Mar,Canada,Public administration [91],Job vacancy rate,2.4,B
26-Apr,Canada,"Total, all industries",Job vacancies,540270,A
26-Apr,Canada,"Total, all industries",Payroll employees,17137065,A
26-Apr,Canada,"Total, all industries",Job vacancy rate,3.1,A
26-Apr,Canada,"Agriculture, forestry, fishing and hunting [11]",Job vacancies,8660,C
26-Apr,Canada,"Agriculture, forestry, fishing and hunting [11]",Payroll employees,205620,A
26-Apr,Canada,"Agriculture, forestry, fishing and hunting [11]",Job vacancy rate,4,C
26-Apr,Canada,"Mining, quarrying, and oil and gas extraction [21]",Job vacancies,5265,D
26-Apr,Canada,"Mining, quarrying, and oil and gas extraction [21]",Payroll employees,221550,B
26-Apr,Canada,"Mining, quarrying, and oil and gas extraction [21]",Job vacancy rate,2.3,D
26-Apr,Canada,Utilities [22],Job vacancies,2125,E
26-Apr,Canada,Utilities [22],Payroll employees,133405,A
26-Apr,Canada,Utilities [22],Job vacancy rate,1.6,D
26-Apr,Canada,Construction [23],Job vacancies,35425,B
26-Apr,Canada,Construction [23],Payroll employees,1111155,A
26-Apr,Canada,Construction [23],Job vacancy rate,3.1,B
26-Apr,Canada,Manufacturing [31-33],Job vacancies,40780,B
26-Apr,Canada,Manufacturing [31-33],Payroll employees,1501770,A
26-Apr,Canada,Manufacturing [31-33],Job vacancy rate,2.6,B
26-Apr,Canada,Wholesale trade [41],Job vacancies,20845,B
26-Apr,Canada,Wholesale trade [41],Payroll employees,801160,A
26-Apr,Canada,Wholesale trade [41],Job vacancy rate,2.5,B
26-Apr,Canada,Retail trade [44-45],Job vacancies,54590,C
26-Apr,Canada,Retail trade [44-45],Payroll employees,1915715,A
26-Apr,Canada,Retail trade [44-45],Job vacancy rate,2.8,C
26-Apr,Canada,Transportation and warehousing [48-49],Job vacancies,29085,D
26-Apr,Canada,Transportation and warehousing [48-49],Payroll employees,855935,B
26-Apr,Canada,Transportation and warehousing [48-49],Job vacancy rate,3.3,D
26-Apr,Canada,Information and cultural industries [51],Job vacancies,7995,D
26-Apr,Canada,Information and cultural industries [51],Payroll employees,344335,A
26-Apr,Canada,Information and cultural industries [51],Job vacancy rate,2.3,D
26-Apr,Canada,Finance and insurance [52],Job vacancies,17440,B
26-Apr,Canada,Finance and insurance [52],Payroll employees,867015,A
26-Apr,Canada,Finance and insurance [52],Job vacancy rate,2,B
26-Apr,Canada,Real estate and rental and leasing [53],Job vacancies,7255,C
26-Apr,Canada,Real estate and rental and leasing [53],Payroll employees,286410,A
26-Apr,Canada,Real estate and rental and leasing [53],Job vacancy rate,2.5,C
26-Apr,Canada,"Professional, scientific and technical services [54]",Job vacancies,33685,B
26-Apr,Canada,"Professional, scientific and technical services [54]",Payroll employees,1221645,A
26-Apr,Canada,"Professional, scientific and technical services [54]",Job vacancy rate,2.7,B
26-Apr,Canada,Management of companies and enterprises [55],Job vacancies,1660,D
26-Apr,Canada,Management of companies and enterprises [55],Payroll employees,119900,A
26-Apr,Canada,Management of companies and enterprises [55],Job vacancy rate,1.4,D
26-Apr,Canada,"Administrative and support, waste management and remediation services [56]",Job vacancies,32095,C
26-Apr,Canada,"Administrative and support, waste management and remediation services [56]",Payroll employees,792375,A
26-Apr,Canada,"Administrative and support, waste management and remediation services [56]",Job vacancy rate,3.9,C
26-Apr,Canada,Educational services [61],Job vacancies,16575,B
26-Apr,Canada,Educational services [61],Payroll employees,1574560,A
26-Apr,Canada,Educational services [61],Job vacancy rate,1,B
26-Apr,Canada,Health care and social assistance [62],Job vacancies,108715,B
26-Apr,Canada,Health care and social assistance [62],Payroll employees,2493485,A
26-Apr,Canada,Health care and social assistance [62],Job vacancy rate,4.2,B
26-Apr,Canada,"Arts, entertainment and recreation [71]",Job vacancies,12770,C
26-Apr,Canada,"Arts, entertainment and recreation [71]",Payroll employees,298445,A
26-Apr,Canada,"Arts, entertainment and recreation [71]",Job vacancy rate,4.1,C
26-Apr,Canada,Accommodation and food services [72],Job vacancies,65770,B
26-Apr,Canada,Accommodation and food services [72],Payroll employees,1228985,A
26-Apr,Canada,Accommodation and food services [72],Job vacancy rate,5.1,B
26-Apr,Canada,Other services (except public administration) [81],Job vacancies,25710,B
26-Apr,Canada,Other services (except public administration) [81],Payroll employees,568145,A
26-Apr,Canada,Other services (except public administration) [81],Job vacancy rate,4.3,B
26-Apr,Canada,Public administration [91],Job vacancies,13830,B
26-Apr,Canada,Public administration [91],Payroll employees,595440,A
26-Apr,Canada,Public administration [91],Job vacancy rate,2.3,B
26-May,Canada,"Total, all industries",Job vacancies,544790,A
26-May,Canada,"Total, all industries",Payroll employees,17336035,A
26-May,Canada,"Total, all industries",Job vacancy rate,3,A
26-May,Canada,"Agriculture, forestry, fishing and hunting [11]",Job vacancies,7450,C
26-May,Canada,"Agriculture, forestry, fishing and hunting [11]",Payroll employees,227830,A
26-May,Canada,"Agriculture, forestry, fishing and hunting [11]",Job vacancy rate,3.2,C
26-May,Canada,"Mining, quarrying, and oil and gas extraction [21]",Job vacancies,5880,C
26-May,Canada,"Mining, quarrying, and oil and gas extraction [21]",Payroll employees,214885,A
26-May,Canada,"Mining, quarrying, and oil and gas extraction [21]",Job vacancy rate,2.7,C
26-May,Canada,Utilities [22],Job vacancies,2115,B
26-May,Canada,Utilities [22],Payroll employees,138160,A
26-May,Canada,Utilities [22],Job vacancy rate,1.5,B
26-May,Canada,Construction [23],Job vacancies,43065,B
26-May,Canada,Construction [23],Payroll employees,1140480,A
26-May,Canada,Construction [23],Job vacancy rate,3.6,B
26-May,Canada,Manufacturing [31-33],Job vacancies,40960,A
26-May,Canada,Manufacturing [31-33],Payroll employees,1526455,A
26-May,Canada,Manufacturing [31-33],Job vacancy rate,2.6,A
26-May,Canada,Wholesale trade [41],Job vacancies,23990,B
26-May,Canada,Wholesale trade [41],Payroll employees,806245,A
26-May,Canada,Wholesale trade [41],Job vacancy rate,2.9,B
26-May,Canada,Retail trade [44-45],Job vacancies,56885,C
26-May,Canada,Retail trade [44-45],Payroll employees,1959145,A
26-May,Canada,Retail trade [44-45],Job vacancy rate,2.8,C
26-May,Canada,Transportation and warehousing [48-49],Job vacancies,30195,C
26-May,Canada,Transportation and warehousing [48-49],Payroll employees,863145,A
26-May,Canada,Transportation and warehousing [48-49],Job vacancy rate,3.4,C
26-May,Canada,Information and cultural industries [51],Job vacancies,4880,D
26-May,Canada,Information and cultural industries [51],Payroll employees,351995,A
26-May,Canada,Information and cultural industries [51],Job vacancy rate,1.4,D
26-May,Canada,Finance and insurance [52],Job vacancies,27145,B
26-May,Canada,Finance and insurance [52],Payroll employees,864835,A
26-May,Canada,Finance and insurance [52],Job vacancy rate,3,B
26-May,Canada,Real estate and rental and leasing [53],Job vacancies,7805,D
26-May,Canada,Real estate and rental and leasing [53],Payroll employees,285920,A
26-May,Canada,Real estate and rental and leasing [53],Job vacancy rate,2.7,C
26-May,Canada,"Professional, scientific and technical services [54]",Job vacancies,37760,B
26-May,Canada,"Professional, scientific and technical services [54]",Payroll employees,1214315,A
26-May,Canada,"Professional, scientific and technical services [54]",Job vacancy rate,3,B
26-May,Canada,Management of companies and enterprises [55],Job vacancies,2000,D
26-May,Canada,Management of companies and enterprises [55],Payroll employees,121540,A
26-May,Canada,Management of companies and enterprises [55],Job vacancy rate,1.6,D
26-May,Canada,"Administrative and support, waste management and remediation services [56]",Job vacancies,28615,D
26-May,Canada,"Administrative and support, waste management and remediation services [56]",Payroll employees,809030,B
26-May,Canada,"Administrative and support, waste management and remediation services [56]",Job vacancy rate,3.4,D
26-May,Canada,Educational services [61],Job vacancies,13975,C
26-May,Canada,Educational services [61],Payroll employees,1578170,A
26-May,Canada,Educational services [61],Job vacancy rate,0.9,C
26-May,Canada,Health care and social assistance [62],Job vacancies,83530,C
26-May,Canada,Health care and social assistance [62],Payroll employees,2500585,A
26-May,Canada,Health care and social assistance [62],Job vacancy rate,3.2,C
26-May,Canada,"Arts, entertainment and recreation [71]",Job vacancies,11350,C
26-May,Canada,"Arts, entertainment and recreation [71]",Payroll employees,304295,A
26-May,Canada,"Arts, entertainment and recreation [71]",Job vacancy rate,3.6,C
26-May,Canada,Accommodation and food services [72],Job vacancies,74455,B
26-May,Canada,Accommodation and food services [72],Payroll employees,1259975,A
26-May,Canada,Accommodation and food services [72],Job vacancy rate,5.6,B
26-May,Canada,Other services (except public administration) [81],Job vacancies,26385,B
26-May,Canada,Other services (except public administration) [81],Payroll employees,570625,A
26-May,Canada,Other services (except public administration) [81],Job vacancy rate,4.4,B
26-May,Canada,Public administration [91],Job vacancies,16360,C
26-May,Canada,Public administration [91],Payroll employees,598405,A
26-May,Canada,Public administration [91],Job vacancy rate,2.7,C
26-Jun,Canada,"Total, all industries",Job vacancies,539700,A
26-Jun,Canada,"Total, all industries",Payroll employees,17635975,A
26-Jun,Canada,"Total, all industries",Job vacancy rate,3,A
26-Jun,Canada,"Agriculture, forestry, fishing and hunting [11]",Job vacancies,7950,C
26-Jun,Canada,"Agriculture, forestry, fishing and hunting [11]",Payroll employees,254190,A
26-Jun,Canada,"Agriculture, forestry, fishing and hunting [11]",Job vacancy rate,3,C
26-Jun,Canada,"Mining, quarrying, and oil and gas extraction [21]",Job vacancies,5235,C
26-Jun,Canada,"Mining, quarrying, and oil and gas extraction [21]",Payroll employees,224750,A
26-Jun,Canada,"Mining, quarrying, and oil and gas extraction [21]",Job vacancy rate,2.3,C
26-Jun,Canada,Utilities [22],Job vacancies,2120,D
26-Jun,Canada,Utilities [22],Payroll employees,138745,A
26-Jun,Canada,Utilities [22],Job vacancy rate,1.5,D
26-Jun,Canada,Construction [23],Job vacancies,43380,B
26-Jun,Canada,Construction [23],Payroll employees,1208160,A
26-Jun,Canada,Construction [23],Job vacancy rate,3.5,B
26-Jun,Canada,Manufacturing [31-33],Job vacancies,42395,A
26-Jun,Canada,Manufacturing [31-33],Payroll employees,1553590,A
26-Jun,Canada,Manufacturing [31-33],Job vacancy rate,2.7,A
26-Jun,Canada,Wholesale trade [41],Job vacancies,21805,B
26-Jun,Canada,Wholesale trade [41],Payroll employees,817280,A
26-Jun,Canada,Wholesale trade [41],Job vacancy rate,2.6,B
26-Jun,Canada,Retail trade [44-45],Job vacancies,57030,C
26-Jun,Canada,Retail trade [44-45],Payroll employees,1981000,A
26-Jun,Canada,Retail trade [44-45],Job vacancy rate,2.8,C
26-Jun,Canada,Transportation and warehousing [48-49],Job vacancies,26360,D
26-Jun,Canada,Transportation and warehousing [48-49],Payroll employees,870875,A
26-Jun,Canada,Transportation and warehousing [48-49],Job vacancy rate,2.9,D
26-Jun,Canada,Information and cultural industries [51],Job vacancies,7450,D
26-Jun,Canada,Information and cultural industries [51],Payroll employees,352485,A
26-Jun,Canada,Information and cultural industries [51],Job vacancy rate,2.1,D
26-Jun,Canada,Finance and insurance [52],Job vacancies,19305,B
26-Jun,Canada,Finance and insurance [52],Payroll employees,859190,A
26-Jun,Canada,Finance and insurance [52],Job vacancy rate,2.2,B
26-Jun,Canada,Real estate and rental and leasing [53],Job vacancies,7660,C
26-Jun,Canada,Real estate and rental and leasing [53],Payroll employees,291060,A
26-Jun,Canada,Real estate and rental and leasing [53],Job vacancy rate,2.6,C
26-Jun,Canada,"Professional, scientific and technical services [54]",Job vacancies,37595,B
26-Jun,Canada,"Professional, scientific and technical services [54]",Payroll employees,1229915,A
26-Jun,Canada,"Professional, scientific and technical services [54]",Job vacancy rate,3,B
26-Jun,Canada,Management of companies and enterprises [55],Job vacancies,2200,D
26-Jun,Canada,Management of companies and enterprises [55],Payroll employees,120990,B
26-Jun,Canada,Management of companies and enterprises [55],Job vacancy rate,1.8,D
26-Jun,Canada,"Administrative and support, waste management and remediation services [56]",Job vacancies,29180,B
26-Jun,Canada,"Administrative and support, waste management and remediation services [56]",Payroll employees,831470,A
26-Jun,Canada,"Administrative and support, waste management and remediation services [56]",Job vacancy rate,3.4,B
26-Jun,Canada,Educational services [61],Job vacancies,18100,B
26-Jun,Canada,Educational services [61],Payroll employees,1530805,A
26-Jun,Canada,Educational services [61],Job vacancy rate,1.2,B
26-Jun,Canada,Health care and social assistance [62],Job vacancies,93185,A
26-Jun,Canada,Health care and social assistance [62],Payroll employees,2538070,A
26-Jun,Canada,Health care and social assistance [62],Job vacancy rate,3.5,A
26-Jun,Canada,"Arts, entertainment and recreation [71]",Job vacancies,8555,B
26-Jun,Canada,"Arts, entertainment and recreation [71]",Payroll employees,336330,A
26-Jun,Canada,"Arts, entertainment and recreation [71]",Job vacancy rate,2.5,B
26-Jun,Canada,Accommodation and food services [72],Job vacancies,70890,B
26-Jun,Canada,Accommodation and food services [72],Payroll employees,1304510,A
26-Jun,Canada,Accommodation and food services [72],Job vacancy rate,5.2,B
26-Jun,Canada,Other services (except public administration) [81],Job vacancies,26360,B
26-Jun,Canada,Other services (except public administration) [81],Payroll employees,577705,A
26-Jun,Canada,Other services (except public administration) [81],Job vacancy rate,4.4,B
26-Jun,Canada,Public administration [91],Job vacancies,12960,B
26-Jun,Canada,Public administration [91],Payroll employees,614855,A
26-Jun,Canada,Public administration [91],Job vacancy rate,2.1,B
